Audiofile,start,end,class
S01_U04.CH4.wav,0.0,0.253,background
S01_U04.CH4.wav,0.253,2.303,foreground
S01_U04.CH4.wav,2.303,2.543,background
S01_U04.CH4.wav,2.543,5.482,foreground
S01_U04.CH4.wav,5.482,6.033,background
S01_U04.CH4.wav,6.033,6.253,foreground
S01_U04.CH4.wav,6.253,6.493,background
S01_U04.CH4.wav,6.493,21.293,foreground
S01_U04.CH4.wav,21.293,21.683,background
S01_U04.CH4.wav,21.683,22.523,foreground
S01_U04.CH4.wav,22.523,22.922,background
S01_U04.CH4.wav,22.922,23.172,foreground
S01_U04.CH4.wav,23.172,23.622,background
S01_U04.CH4.wav,23.622,23.832,foreground
S01_U04.CH4.wav,23.832,24.302,background
S01_U04.CH4.wav,24.302,24.602,foreground
S01_U04.CH4.wav,24.602,24.703,background
S01_U04.CH4.wav,24.703,24.823,foreground
S01_U04.CH4.wav,24.823,25.402,background
S01_U04.CH4.wav,25.402,25.482,foreground
S01_U04.CH4.wav,25.482,25.523,background
S01_U04.CH4.wav,25.523,26.262,foreground
S01_U04.CH4.wav,26.262,26.753,background
S01_U04.CH4.wav,26.753,28.223,foreground
S01_U04.CH4.wav,28.223,28.712,background
S01_U04.CH4.wav,28.712,29.073,foreground
S01_U04.CH4.wav,29.073,29.762,background
S01_U04.CH4.wav,29.762,30.712,foreground
S01_U04.CH4.wav,30.712,31.052,background
S01_U04.CH4.wav,31.052,32.243,foreground
S01_U04.CH4.wav,32.243,32.363,background
S01_U04.CH4.wav,32.363,32.383,foreground
S01_U04.CH4.wav,32.383,32.593,background
S01_U04.CH4.wav,32.593,34.503,foreground
S01_U04.CH4.wav,34.503,34.783,background
S01_U04.CH4.wav,34.783,36.493,foreground
S01_U04.CH4.wav,36.493,36.583,background
S01_U04.CH4.wav,36.583,37.963,foreground
S01_U04.CH4.wav,37.963,38.213,background
S01_U04.CH4.wav,38.213,40.483,foreground
S01_U04.CH4.wav,40.483,40.973,background
S01_U04.CH4.wav,40.973,41.063,foreground
S01_U04.CH4.wav,41.063,41.303,background
S01_U04.CH4.wav,41.303,41.383,foreground
S01_U04.CH4.wav,41.383,42.063,background
S01_U04.CH4.wav,42.063,44.313,foreground
S01_U04.CH4.wav,44.313,44.333,background
S01_U04.CH4.wav,44.333,44.353,foreground
S01_U04.CH4.wav,44.353,44.853,background
S01_U04.CH4.wav,44.853,47.713,foreground
S01_U04.CH4.wav,47.713,48.403,background
S01_U04.CH4.wav,48.403,55.133,foreground
S01_U04.CH4.wav,55.133,55.143,background
S01_U04.CH4.wav,55.143,55.223,foreground
S01_U04.CH4.wav,55.223,55.863,background
S01_U04.CH4.wav,55.863,55.953,foreground
S01_U04.CH4.wav,55.953,55.963,background
S01_U04.CH4.wav,55.963,56.073,foreground
S01_U04.CH4.wav,56.073,58.003,background
S01_U04.CH4.wav,58.003,58.023,foreground
S01_U04.CH4.wav,58.023,58.053,background
S01_U04.CH4.wav,58.053,58.463,foreground
S01_U04.CH4.wav,58.463,61.133,background
S01_U04.CH4.wav,61.133,62.193,foreground
S01_U04.CH4.wav,62.193,62.303,background
S01_U04.CH4.wav,62.303,63.753,foreground
S01_U04.CH4.wav,63.753,64.123,background
S01_U04.CH4.wav,64.123,65.112,foreground
S01_U04.CH4.wav,65.112,65.213,background
S01_U04.CH4.wav,65.213,73.053,foreground
S01_U04.CH4.wav,73.053,73.703,background
S01_U04.CH4.wav,73.703,75.473,foreground
S01_U04.CH4.wav,75.473,76.403,background
S01_U04.CH4.wav,76.403,76.782,foreground
S01_U04.CH4.wav,76.782,77.392,background
S01_U04.CH4.wav,77.392,77.953,foreground
S01_U04.CH4.wav,77.953,78.463,background
S01_U04.CH4.wav,78.463,79.473,foreground
S01_U04.CH4.wav,79.473,80.523,background
S01_U04.CH4.wav,80.523,81.043,foreground
S01_U04.CH4.wav,81.043,81.443,background
S01_U04.CH4.wav,81.443,83.803,foreground
S01_U04.CH4.wav,83.803,85.653,background
S01_U04.CH4.wav,85.653,86.163,foreground
S01_U04.CH4.wav,86.163,86.913,background
S01_U04.CH4.wav,86.913,87.953,foreground
S01_U04.CH4.wav,87.953,91.583,background
S01_U04.CH4.wav,91.583,92.053,foreground
S01_U04.CH4.wav,92.053,92.623,background
S01_U04.CH4.wav,92.623,93.543,foreground
S01_U04.CH4.wav,93.543,94.142,background
S01_U04.CH4.wav,94.142,95.113,foreground
S01_U04.CH4.wav,95.113,100.483,background
S01_U04.CH4.wav,100.483,100.523,foreground
S01_U04.CH4.wav,100.523,101.973,background
S01_U04.CH4.wav,101.973,102.213,foreground
S01_U04.CH4.wav,102.213,102.223,background
S01_U04.CH4.wav,102.223,102.413,foreground
S01_U04.CH4.wav,102.413,102.543,background
S01_U04.CH4.wav,102.543,102.843,foreground
S01_U04.CH4.wav,102.843,102.853,background
S01_U04.CH4.wav,102.853,102.883,foreground
S01_U04.CH4.wav,102.883,103.453,background
S01_U04.CH4.wav,103.453,103.532,foreground
S01_U04.CH4.wav,103.532,104.093,background
S01_U04.CH4.wav,104.093,104.303,foreground
S01_U04.CH4.wav,104.303,104.562,background
S01_U04.CH4.wav,104.562,104.642,foreground
S01_U04.CH4.wav,104.642,105.453,background
S01_U04.CH4.wav,105.453,105.503,foreground
S01_U04.CH4.wav,105.503,106.043,background
S01_U04.CH4.wav,106.043,106.543,foreground
S01_U04.CH4.wav,106.543,106.562,background
S01_U04.CH4.wav,106.562,106.583,foreground
S01_U04.CH4.wav,106.583,109.312,background
S01_U04.CH4.wav,109.312,109.323,foreground
S01_U04.CH4.wav,109.323,109.333,background
S01_U04.CH4.wav,109.333,109.683,foreground
S01_U04.CH4.wav,109.683,110.553,background
S01_U04.CH4.wav,110.553,111.073,foreground
S01_U04.CH4.wav,111.073,112.203,background
S01_U04.CH4.wav,112.203,112.223,foreground
S01_U04.CH4.wav,112.223,112.282,background
S01_U04.CH4.wav,112.282,112.803,foreground
S01_U04.CH4.wav,112.803,114.532,background
S01_U04.CH4.wav,114.532,114.973,foreground
S01_U04.CH4.wav,114.973,115.922,background
S01_U04.CH4.wav,115.922,118.333,foreground
S01_U04.CH4.wav,118.333,118.613,background
S01_U04.CH4.wav,118.613,119.343,foreground
S01_U04.CH4.wav,119.343,121.203,background
S01_U04.CH4.wav,121.203,124.433,foreground
S01_U04.CH4.wav,124.433,124.683,background
S01_U04.CH4.wav,124.683,124.713,foreground
S01_U04.CH4.wav,124.713,126.282,background
S01_U04.CH4.wav,126.282,126.723,foreground
S01_U04.CH4.wav,126.723,127.293,background
S01_U04.CH4.wav,127.293,127.493,foreground
S01_U04.CH4.wav,127.493,127.523,background
S01_U04.CH4.wav,127.523,127.633,foreground
S01_U04.CH4.wav,127.633,128.212,background
S01_U04.CH4.wav,128.212,130.282,foreground
S01_U04.CH4.wav,130.282,131.123,background
S01_U04.CH4.wav,131.123,136.642,foreground
S01_U04.CH4.wav,136.642,137.042,background
S01_U04.CH4.wav,137.042,140.933,foreground
S01_U04.CH4.wav,140.933,141.412,background
S01_U04.CH4.wav,141.412,144.082,foreground
S01_U04.CH4.wav,144.082,144.202,background
S01_U04.CH4.wav,144.202,145.572,foreground
S01_U04.CH4.wav,145.572,146.562,background
S01_U04.CH4.wav,146.562,147.662,foreground
S01_U04.CH4.wav,147.662,147.992,background
S01_U04.CH4.wav,147.992,148.593,foreground
S01_U04.CH4.wav,148.593,149.242,background
S01_U04.CH4.wav,149.242,150.752,foreground
S01_U04.CH4.wav,150.752,152.472,background
S01_U04.CH4.wav,152.472,152.873,foreground
S01_U04.CH4.wav,152.873,153.242,background
S01_U04.CH4.wav,153.242,153.632,foreground
S01_U04.CH4.wav,153.632,153.762,background
S01_U04.CH4.wav,153.762,154.052,foreground
S01_U04.CH4.wav,154.052,154.093,background
S01_U04.CH4.wav,154.093,154.123,foreground
S01_U04.CH4.wav,154.123,154.463,background
S01_U04.CH4.wav,154.463,154.512,foreground
S01_U04.CH4.wav,154.512,154.542,background
S01_U04.CH4.wav,154.542,154.582,foreground
S01_U04.CH4.wav,154.582,155.843,background
S01_U04.CH4.wav,155.843,155.922,foreground
S01_U04.CH4.wav,155.922,158.482,background
S01_U04.CH4.wav,158.482,159.482,foreground
S01_U04.CH4.wav,159.482,159.922,background
S01_U04.CH4.wav,159.922,160.562,foreground
S01_U04.CH4.wav,160.562,161.052,background
S01_U04.CH4.wav,161.052,162.343,foreground
S01_U04.CH4.wav,162.343,162.392,background
S01_U04.CH4.wav,162.392,162.422,foreground
S01_U04.CH4.wav,162.422,162.772,background
S01_U04.CH4.wav,162.772,164.572,foreground
S01_U04.CH4.wav,164.572,166.602,background
S01_U04.CH4.wav,166.602,166.612,foreground
S01_U04.CH4.wav,166.612,166.642,background
S01_U04.CH4.wav,166.642,166.662,foreground
S01_U04.CH4.wav,166.662,166.722,background
S01_U04.CH4.wav,166.722,168.463,foreground
S01_U04.CH4.wav,168.463,175.702,background
S01_U04.CH4.wav,175.702,177.623,foreground
S01_U04.CH4.wav,177.623,177.653,background
S01_U04.CH4.wav,177.653,177.722,foreground
S01_U04.CH4.wav,177.722,178.992,background
S01_U04.CH4.wav,178.992,180.282,foreground
S01_U04.CH4.wav,180.282,181.322,background
S01_U04.CH4.wav,181.322,182.082,foreground
S01_U04.CH4.wav,182.082,182.722,background
S01_U04.CH4.wav,182.722,185.812,foreground
S01_U04.CH4.wav,185.812,186.102,background
S01_U04.CH4.wav,186.102,187.362,foreground
S01_U04.CH4.wav,187.362,187.972,background
S01_U04.CH4.wav,187.972,188.123,foreground
S01_U04.CH4.wav,188.123,188.322,background
S01_U04.CH4.wav,188.322,188.403,foreground
S01_U04.CH4.wav,188.403,188.802,background
S01_U04.CH4.wav,188.802,189.112,foreground
S01_U04.CH4.wav,189.112,189.172,background
S01_U04.CH4.wav,189.172,189.262,foreground
S01_U04.CH4.wav,189.262,189.292,background
S01_U04.CH4.wav,189.292,189.302,foreground
S01_U04.CH4.wav,189.302,190.782,background
S01_U04.CH4.wav,190.782,191.232,foreground
S01_U04.CH4.wav,191.232,191.672,background
S01_U04.CH4.wav,191.672,193.262,foreground
S01_U04.CH4.wav,193.262,193.942,background
S01_U04.CH4.wav,193.942,194.252,foreground
S01_U04.CH4.wav,194.252,195.162,background
S01_U04.CH4.wav,195.162,195.243,foreground
S01_U04.CH4.wav,195.243,195.272,background
S01_U04.CH4.wav,195.272,195.343,foreground
S01_U04.CH4.wav,195.343,195.472,background
S01_U04.CH4.wav,195.472,196.482,foreground
S01_U04.CH4.wav,196.482,197.202,background
S01_U04.CH4.wav,197.202,200.362,foreground
S01_U04.CH4.wav,200.362,200.482,background
S01_U04.CH4.wav,200.482,200.493,foreground
S01_U04.CH4.wav,200.493,200.512,background
S01_U04.CH4.wav,200.512,202.032,foreground
S01_U04.CH4.wav,202.032,202.623,background
S01_U04.CH4.wav,202.623,203.123,foreground
S01_U04.CH4.wav,203.123,204.093,background
S01_U04.CH4.wav,204.093,204.512,foreground
S01_U04.CH4.wav,204.512,204.832,background
S01_U04.CH4.wav,204.832,205.882,foreground
S01_U04.CH4.wav,205.882,207.042,background
S01_U04.CH4.wav,207.042,207.433,foreground
S01_U04.CH4.wav,207.433,208.162,background
S01_U04.CH4.wav,208.162,208.822,foreground
S01_U04.CH4.wav,208.822,209.272,background
S01_U04.CH4.wav,209.272,209.422,foreground
S01_U04.CH4.wav,209.422,210.512,background
S01_U04.CH4.wav,210.512,211.843,foreground
S01_U04.CH4.wav,211.843,211.922,background
S01_U04.CH4.wav,211.922,212.772,foreground
S01_U04.CH4.wav,212.772,212.862,background
S01_U04.CH4.wav,212.862,213.683,foreground
S01_U04.CH4.wav,213.683,214.072,background
S01_U04.CH4.wav,214.072,214.572,foreground
S01_U04.CH4.wav,214.572,215.042,background
S01_U04.CH4.wav,215.042,220.713,foreground
S01_U04.CH4.wav,220.713,220.922,background
S01_U04.CH4.wav,220.922,220.952,foreground
S01_U04.CH4.wav,220.952,221.252,background
S01_U04.CH4.wav,221.252,222.362,foreground
S01_U04.CH4.wav,222.362,223.183,background
S01_U04.CH4.wav,223.183,224.312,foreground
S01_U04.CH4.wav,224.312,225.302,background
S01_U04.CH4.wav,225.302,225.422,foreground
S01_U04.CH4.wav,225.422,225.632,background
S01_U04.CH4.wav,225.632,226.392,foreground
S01_U04.CH4.wav,226.392,226.843,background
S01_U04.CH4.wav,226.843,227.352,foreground
S01_U04.CH4.wav,227.352,227.392,background
S01_U04.CH4.wav,227.392,227.403,foreground
S01_U04.CH4.wav,227.403,227.452,background
S01_U04.CH4.wav,227.452,227.463,foreground
S01_U04.CH4.wav,227.463,227.612,background
S01_U04.CH4.wav,227.612,234.082,foreground
S01_U04.CH4.wav,234.082,235.282,background
S01_U04.CH4.wav,235.282,239.843,foreground
S01_U04.CH4.wav,239.843,239.933,background
S01_U04.CH4.wav,239.933,243.132,foreground
S01_U04.CH4.wav,243.132,243.213,background
S01_U04.CH4.wav,243.213,246.312,foreground
S01_U04.CH4.wav,246.312,246.602,background
S01_U04.CH4.wav,246.602,249.222,foreground
S01_U04.CH4.wav,249.222,249.282,background
S01_U04.CH4.wav,249.282,249.302,foreground
S01_U04.CH4.wav,249.302,249.312,background
S01_U04.CH4.wav,249.312,249.322,foreground
S01_U04.CH4.wav,249.322,249.343,background
S01_U04.CH4.wav,249.343,251.612,foreground
S01_U04.CH4.wav,251.612,251.832,background
S01_U04.CH4.wav,251.832,260.582,foreground
S01_U04.CH4.wav,260.582,261.183,background
S01_U04.CH4.wav,261.183,261.623,foreground
S01_U04.CH4.wav,261.623,261.673,background
S01_U04.CH4.wav,261.673,263.202,foreground
S01_U04.CH4.wav,263.202,263.392,background
S01_U04.CH4.wav,263.392,264.543,foreground
S01_U04.CH4.wav,264.543,265.062,background
S01_U04.CH4.wav,265.062,265.572,foreground
S01_U04.CH4.wav,265.572,266.142,background
S01_U04.CH4.wav,266.142,270.233,foreground
S01_U04.CH4.wav,270.233,270.382,background
S01_U04.CH4.wav,270.382,270.423,foreground
S01_U04.CH4.wav,270.423,270.433,background
S01_U04.CH4.wav,270.433,270.472,foreground
S01_U04.CH4.wav,270.472,270.512,background
S01_U04.CH4.wav,270.512,282.173,foreground
S01_U04.CH4.wav,282.173,282.652,background
S01_U04.CH4.wav,282.652,287.762,foreground
S01_U04.CH4.wav,287.762,288.152,background
S01_U04.CH4.wav,288.152,292.722,foreground
S01_U04.CH4.wav,292.722,292.863,background
S01_U04.CH4.wav,292.863,293.392,foreground
S01_U04.CH4.wav,293.392,293.433,background
S01_U04.CH4.wav,293.433,293.452,foreground
S01_U04.CH4.wav,293.452,293.592,background
S01_U04.CH4.wav,293.592,293.692,foreground
S01_U04.CH4.wav,293.692,293.722,background
S01_U04.CH4.wav,293.722,296.072,foreground
S01_U04.CH4.wav,296.072,296.293,background
S01_U04.CH4.wav,296.293,300.342,foreground
S01_U04.CH4.wav,300.342,300.572,background
S01_U04.CH4.wav,300.572,301.923,foreground
S01_U04.CH4.wav,301.923,302.062,background
S01_U04.CH4.wav,302.062,302.752,foreground
S01_U04.CH4.wav,302.752,302.772,background
S01_U04.CH4.wav,302.772,302.863,foreground
S01_U04.CH4.wav,302.863,303.853,background
S01_U04.CH4.wav,303.853,310.923,foreground
S01_U04.CH4.wav,310.923,311.032,background
S01_U04.CH4.wav,311.032,313.072,foreground
S01_U04.CH4.wav,313.072,313.163,background
S01_U04.CH4.wav,313.163,313.173,foreground
S01_U04.CH4.wav,313.173,315.502,background
S01_U04.CH4.wav,315.502,318.062,foreground
S01_U04.CH4.wav,318.062,318.623,background
S01_U04.CH4.wav,318.623,318.663,foreground
S01_U04.CH4.wav,318.663,318.702,background
S01_U04.CH4.wav,318.702,318.782,foreground
S01_U04.CH4.wav,318.782,319.233,background
S01_U04.CH4.wav,319.233,320.032,foreground
S01_U04.CH4.wav,320.032,320.293,background
S01_U04.CH4.wav,320.293,321.752,foreground
S01_U04.CH4.wav,321.752,322.462,background
S01_U04.CH4.wav,322.462,329.822,foreground
S01_U04.CH4.wav,329.822,330.173,background
S01_U04.CH4.wav,330.173,332.522,foreground
S01_U04.CH4.wav,332.522,332.692,background
S01_U04.CH4.wav,332.692,335.722,foreground
S01_U04.CH4.wav,335.722,336.113,background
S01_U04.CH4.wav,336.113,337.832,foreground
S01_U04.CH4.wav,337.832,338.212,background
S01_U04.CH4.wav,338.212,343.623,foreground
S01_U04.CH4.wav,343.623,344.103,background
S01_U04.CH4.wav,344.103,347.373,foreground
S01_U04.CH4.wav,347.373,347.733,background
S01_U04.CH4.wav,347.733,347.762,foreground
S01_U04.CH4.wav,347.762,347.793,background
S01_U04.CH4.wav,347.793,352.303,foreground
S01_U04.CH4.wav,352.303,352.722,background
S01_U04.CH4.wav,352.722,361.342,foreground
S01_U04.CH4.wav,361.342,362.472,background
S01_U04.CH4.wav,362.472,363.082,foreground
S01_U04.CH4.wav,363.082,363.132,background
S01_U04.CH4.wav,363.132,363.142,foreground
S01_U04.CH4.wav,363.142,363.733,background
S01_U04.CH4.wav,363.733,363.743,foreground
S01_U04.CH4.wav,363.743,363.853,background
S01_U04.CH4.wav,363.853,363.882,foreground
S01_U04.CH4.wav,363.882,363.902,background
S01_U04.CH4.wav,363.902,363.952,foreground
S01_U04.CH4.wav,363.952,364.373,background
S01_U04.CH4.wav,364.373,372.683,foreground
S01_U04.CH4.wav,372.683,372.952,background
S01_U04.CH4.wav,372.952,378.452,foreground
S01_U04.CH4.wav,378.452,378.863,background
S01_U04.CH4.wav,378.863,379.623,foreground
S01_U04.CH4.wav,379.623,380.233,background
S01_U04.CH4.wav,380.233,381.712,foreground
S01_U04.CH4.wav,381.712,382.113,background
S01_U04.CH4.wav,382.113,383.262,foreground
S01_U04.CH4.wav,383.262,384.272,background
S01_U04.CH4.wav,384.272,384.892,foreground
S01_U04.CH4.wav,384.892,385.663,background
S01_U04.CH4.wav,385.663,386.733,foreground
S01_U04.CH4.wav,386.733,390.983,background
S01_U04.CH4.wav,390.983,394.433,foreground
S01_U04.CH4.wav,394.433,395.282,background
S01_U04.CH4.wav,395.282,399.702,foreground
S01_U04.CH4.wav,399.702,400.123,background
S01_U04.CH4.wav,400.123,401.592,foreground
S01_U04.CH4.wav,401.592,401.723,background
S01_U04.CH4.wav,401.723,402.892,foreground
S01_U04.CH4.wav,402.892,403.413,background
S01_U04.CH4.wav,403.413,403.473,foreground
S01_U04.CH4.wav,403.473,403.522,background
S01_U04.CH4.wav,403.522,405.712,foreground
S01_U04.CH4.wav,405.712,405.853,background
S01_U04.CH4.wav,405.853,407.312,foreground
S01_U04.CH4.wav,407.312,407.863,background
S01_U04.CH4.wav,407.863,408.402,foreground
S01_U04.CH4.wav,408.402,408.413,background
S01_U04.CH4.wav,408.413,408.423,foreground
S01_U04.CH4.wav,408.423,408.952,background
S01_U04.CH4.wav,408.952,409.543,foreground
S01_U04.CH4.wav,409.543,410.202,background
S01_U04.CH4.wav,410.202,412.493,foreground
S01_U04.CH4.wav,412.493,412.632,background
S01_U04.CH4.wav,412.632,417.312,foreground
S01_U04.CH4.wav,417.312,417.332,background
S01_U04.CH4.wav,417.332,417.342,foreground
S01_U04.CH4.wav,417.342,417.473,background
S01_U04.CH4.wav,417.473,417.483,foreground
S01_U04.CH4.wav,417.483,417.493,background
S01_U04.CH4.wav,417.493,418.103,foreground
S01_U04.CH4.wav,418.103,419.413,background
S01_U04.CH4.wav,419.413,419.442,foreground
S01_U04.CH4.wav,419.442,419.543,background
S01_U04.CH4.wav,419.543,419.892,foreground
S01_U04.CH4.wav,419.892,419.952,background
S01_U04.CH4.wav,419.952,420.562,foreground
S01_U04.CH4.wav,420.562,420.572,background
S01_U04.CH4.wav,420.572,420.592,foreground
S01_U04.CH4.wav,420.592,420.613,background
S01_U04.CH4.wav,420.613,421.933,foreground
S01_U04.CH4.wav,421.933,422.572,background
S01_U04.CH4.wav,422.572,424.962,foreground
S01_U04.CH4.wav,424.962,425.123,background
S01_U04.CH4.wav,425.123,425.933,foreground
S01_U04.CH4.wav,425.933,426.322,background
S01_U04.CH4.wav,426.322,427.613,foreground
S01_U04.CH4.wav,427.613,427.632,background
S01_U04.CH4.wav,427.632,427.842,foreground
S01_U04.CH4.wav,427.842,428.012,background
S01_U04.CH4.wav,428.012,431.022,foreground
S01_U04.CH4.wav,431.022,431.462,background
S01_U04.CH4.wav,431.462,431.493,foreground
S01_U04.CH4.wav,431.493,431.512,background
S01_U04.CH4.wav,431.512,431.553,foreground
S01_U04.CH4.wav,431.553,432.113,background
S01_U04.CH4.wav,432.113,440.262,foreground
S01_U04.CH4.wav,440.262,441.473,background
S01_U04.CH4.wav,441.473,447.252,foreground
S01_U04.CH4.wav,447.252,447.382,background
S01_U04.CH4.wav,447.382,448.743,foreground
S01_U04.CH4.wav,448.743,448.933,background
S01_U04.CH4.wav,448.933,459.363,foreground
S01_U04.CH4.wav,459.363,459.373,background
S01_U04.CH4.wav,459.373,459.462,foreground
S01_U04.CH4.wav,459.462,459.772,background
S01_U04.CH4.wav,459.772,466.532,foreground
S01_U04.CH4.wav,466.532,467.322,background
S01_U04.CH4.wav,467.322,471.493,foreground
S01_U04.CH4.wav,471.493,472.183,background
S01_U04.CH4.wav,472.183,481.183,foreground
S01_U04.CH4.wav,481.183,481.592,background
S01_U04.CH4.wav,481.592,482.752,foreground
S01_U04.CH4.wav,482.752,483.233,background
S01_U04.CH4.wav,483.233,490.423,foreground
S01_U04.CH4.wav,490.423,490.782,background
S01_U04.CH4.wav,490.782,494.683,foreground
S01_U04.CH4.wav,494.683,494.803,background
S01_U04.CH4.wav,494.803,496.762,foreground
S01_U04.CH4.wav,496.762,496.783,background
S01_U04.CH4.wav,496.783,496.913,foreground
S01_U04.CH4.wav,496.913,497.002,background
S01_U04.CH4.wav,497.002,497.092,foreground
S01_U04.CH4.wav,497.092,497.173,background
S01_U04.CH4.wav,497.173,497.183,foreground
S01_U04.CH4.wav,497.183,497.202,background
S01_U04.CH4.wav,497.202,500.902,foreground
S01_U04.CH4.wav,500.902,501.202,background
S01_U04.CH4.wav,501.202,512.323,foreground
S01_U04.CH4.wav,512.323,512.583,background
S01_U04.CH4.wav,512.583,514.413,foreground
S01_U04.CH4.wav,514.413,515.053,background
S01_U04.CH4.wav,515.053,516.653,foreground
S01_U04.CH4.wav,516.653,517.243,background
S01_U04.CH4.wav,517.243,517.793,foreground
S01_U04.CH4.wav,517.793,517.853,background
S01_U04.CH4.wav,517.853,518.033,foreground
S01_U04.CH4.wav,518.033,518.473,background
S01_U04.CH4.wav,518.473,525.253,foreground
S01_U04.CH4.wav,525.253,525.273,background
S01_U04.CH4.wav,525.273,530.023,foreground
S01_U04.CH4.wav,530.023,530.343,background
S01_U04.CH4.wav,530.343,530.393,foreground
S01_U04.CH4.wav,530.393,530.493,background
S01_U04.CH4.wav,530.493,531.583,foreground
S01_U04.CH4.wav,531.583,531.723,background
S01_U04.CH4.wav,531.723,531.733,foreground
S01_U04.CH4.wav,531.733,531.743,background
S01_U04.CH4.wav,531.743,533.253,foreground
S01_U04.CH4.wav,533.253,533.303,background
S01_U04.CH4.wav,533.303,533.403,foreground
S01_U04.CH4.wav,533.403,533.613,background
S01_U04.CH4.wav,533.613,534.312,foreground
S01_U04.CH4.wav,534.312,534.333,background
S01_U04.CH4.wav,534.333,534.423,foreground
S01_U04.CH4.wav,534.423,535.543,background
S01_U04.CH4.wav,535.543,535.643,foreground
S01_U04.CH4.wav,535.643,536.223,background
S01_U04.CH4.wav,536.223,536.463,foreground
S01_U04.CH4.wav,536.463,536.513,background
S01_U04.CH4.wav,536.513,536.753,foreground
S01_U04.CH4.wav,536.753,537.243,background
S01_U04.CH4.wav,537.243,539.483,foreground
S01_U04.CH4.wav,539.483,539.503,background
S01_U04.CH4.wav,539.503,539.513,foreground
S01_U04.CH4.wav,539.513,539.603,background
S01_U04.CH4.wav,539.603,540.483,foreground
S01_U04.CH4.wav,540.483,540.533,background
S01_U04.CH4.wav,540.533,540.613,foreground
S01_U04.CH4.wav,540.613,540.673,background
S01_U04.CH4.wav,540.673,544.683,foreground
S01_U04.CH4.wav,544.683,545.373,background
S01_U04.CH4.wav,545.373,545.383,foreground
S01_U04.CH4.wav,545.383,545.483,background
S01_U04.CH4.wav,545.483,545.593,foreground
S01_U04.CH4.wav,545.593,545.653,background
S01_U04.CH4.wav,545.653,545.673,foreground
S01_U04.CH4.wav,545.673,545.713,background
S01_U04.CH4.wav,545.713,548.833,foreground
S01_U04.CH4.wav,548.833,548.963,background
S01_U04.CH4.wav,548.963,549.913,foreground
S01_U04.CH4.wav,549.913,550.873,background
S01_U04.CH4.wav,550.873,553.833,foreground
S01_U04.CH4.wav,553.833,554.813,background
S01_U04.CH4.wav,554.813,554.973,foreground
S01_U04.CH4.wav,554.973,556.503,background
S01_U04.CH4.wav,556.503,556.533,foreground
S01_U04.CH4.wav,556.533,556.573,background
S01_U04.CH4.wav,556.573,556.583,foreground
S01_U04.CH4.wav,556.583,556.913,background
S01_U04.CH4.wav,556.913,556.963,foreground
S01_U04.CH4.wav,556.963,557.073,background
S01_U04.CH4.wav,557.073,557.083,foreground
S01_U04.CH4.wav,557.083,557.363,background
S01_U04.CH4.wav,557.363,558.403,foreground
S01_U04.CH4.wav,558.403,558.413,background
S01_U04.CH4.wav,558.413,558.433,foreground
S01_U04.CH4.wav,558.433,558.443,background
S01_U04.CH4.wav,558.443,559.203,foreground
S01_U04.CH4.wav,559.203,559.213,background
S01_U04.CH4.wav,559.213,559.233,foreground
S01_U04.CH4.wav,559.233,559.453,background
S01_U04.CH4.wav,559.453,561.123,foreground
S01_U04.CH4.wav,561.123,561.253,background
S01_U04.CH4.wav,561.253,561.333,foreground
S01_U04.CH4.wav,561.333,561.803,background
S01_U04.CH4.wav,561.803,564.833,foreground
S01_U04.CH4.wav,564.833,565.353,background
S01_U04.CH4.wav,565.353,565.513,foreground
S01_U04.CH4.wav,565.513,566.033,background
S01_U04.CH4.wav,566.033,567.143,foreground
S01_U04.CH4.wav,567.143,567.563,background
S01_U04.CH4.wav,567.563,568.983,foreground
S01_U04.CH4.wav,568.983,569.373,background
S01_U04.CH4.wav,569.373,570.213,foreground
S01_U04.CH4.wav,570.213,570.453,background
S01_U04.CH4.wav,570.453,571.163,foreground
S01_U04.CH4.wav,571.163,571.213,background
S01_U04.CH4.wav,571.213,571.283,foreground
S01_U04.CH4.wav,571.283,571.293,background
S01_U04.CH4.wav,571.293,572.033,foreground
S01_U04.CH4.wav,572.033,572.163,background
S01_U04.CH4.wav,572.163,572.253,foreground
S01_U04.CH4.wav,572.253,572.263,background
S01_U04.CH4.wav,572.263,576.423,foreground
S01_U04.CH4.wav,576.423,576.673,background
S01_U04.CH4.wav,576.673,577.503,foreground
S01_U04.CH4.wav,577.503,577.863,background
S01_U04.CH4.wav,577.863,586.453,foreground
S01_U04.CH4.wav,586.453,586.673,background
S01_U04.CH4.wav,586.673,597.813,foreground
S01_U04.CH4.wav,597.813,598.273,background
S01_U04.CH4.wav,598.273,600.243,foreground
S01_U04.CH4.wav,600.243,600.733,background
S01_U04.CH4.wav,600.733,604.583,foreground
S01_U04.CH4.wav,604.583,605.123,background
S01_U04.CH4.wav,605.123,613.153,foreground
S01_U04.CH4.wav,613.153,613.403,background
S01_U04.CH4.wav,613.403,619.353,foreground
S01_U04.CH4.wav,619.353,619.683,background
S01_U04.CH4.wav,619.683,631.283,foreground
S01_U04.CH4.wav,631.283,631.293,background
S01_U04.CH4.wav,631.293,631.303,foreground
S01_U04.CH4.wav,631.303,631.353,background
S01_U04.CH4.wav,631.353,631.383,foreground
S01_U04.CH4.wav,631.383,631.403,background
S01_U04.CH4.wav,631.403,635.033,foreground
S01_U04.CH4.wav,635.033,635.343,background
S01_U04.CH4.wav,635.343,637.423,foreground
S01_U04.CH4.wav,637.423,637.633,background
S01_U04.CH4.wav,637.633,637.653,foreground
S01_U04.CH4.wav,637.653,637.663,background
S01_U04.CH4.wav,637.663,640.553,foreground
S01_U04.CH4.wav,640.553,640.703,background
S01_U04.CH4.wav,640.703,643.603,foreground
S01_U04.CH4.wav,643.603,643.923,background
S01_U04.CH4.wav,643.923,650.323,foreground
S01_U04.CH4.wav,650.323,650.503,background
S01_U04.CH4.wav,650.503,651.363,foreground
S01_U04.CH4.wav,651.363,651.383,background
S01_U04.CH4.wav,651.383,651.393,foreground
S01_U04.CH4.wav,651.393,651.423,background
S01_U04.CH4.wav,651.423,653.913,foreground
S01_U04.CH4.wav,653.913,653.973,background
S01_U04.CH4.wav,653.973,661.063,foreground
S01_U04.CH4.wav,661.063,661.333,background
S01_U04.CH4.wav,661.333,663.723,foreground
S01_U04.CH4.wav,663.723,664.253,background
S01_U04.CH4.wav,664.253,666.603,foreground
S01_U04.CH4.wav,666.603,667.133,background
S01_U04.CH4.wav,667.133,667.613,foreground
S01_U04.CH4.wav,667.613,668.823,background
S01_U04.CH4.wav,668.823,669.423,foreground
S01_U04.CH4.wav,669.423,669.543,background
S01_U04.CH4.wav,669.543,669.893,foreground
S01_U04.CH4.wav,669.893,669.913,background
S01_U04.CH4.wav,669.913,670.123,foreground
S01_U04.CH4.wav,670.123,670.133,background
S01_U04.CH4.wav,670.133,670.423,foreground
S01_U04.CH4.wav,670.423,671.103,background
S01_U04.CH4.wav,671.103,673.763,foreground
S01_U04.CH4.wav,673.763,674.473,background
S01_U04.CH4.wav,674.473,674.523,foreground
S01_U04.CH4.wav,674.523,675.573,background
S01_U04.CH4.wav,675.573,676.123,foreground
S01_U04.CH4.wav,676.123,676.263,background
S01_U04.CH4.wav,676.263,676.293,foreground
S01_U04.CH4.wav,676.293,676.303,background
S01_U04.CH4.wav,676.303,676.383,foreground
S01_U04.CH4.wav,676.383,676.903,background
S01_U04.CH4.wav,676.903,679.693,foreground
S01_U04.CH4.wav,679.693,679.873,background
S01_U04.CH4.wav,679.873,679.943,foreground
S01_U04.CH4.wav,679.943,680.253,background
S01_U04.CH4.wav,680.253,681.943,foreground
S01_U04.CH4.wav,681.943,682.013,background
S01_U04.CH4.wav,682.013,682.023,foreground
S01_U04.CH4.wav,682.023,682.033,background
S01_U04.CH4.wav,682.033,682.843,foreground
S01_U04.CH4.wav,682.843,683.653,background
S01_U04.CH4.wav,683.653,691.153,foreground
S01_U04.CH4.wav,691.153,691.833,background
S01_U04.CH4.wav,691.833,693.363,foreground
S01_U04.CH4.wav,693.363,693.633,background
S01_U04.CH4.wav,693.633,693.723,foreground
S01_U04.CH4.wav,693.723,695.503,background
S01_U04.CH4.wav,695.503,696.173,foreground
S01_U04.CH4.wav,696.173,697.293,background
S01_U04.CH4.wav,697.293,697.373,foreground
S01_U04.CH4.wav,697.373,698.503,background
S01_U04.CH4.wav,698.503,699.083,foreground
S01_U04.CH4.wav,699.083,699.623,background
S01_U04.CH4.wav,699.623,702.093,foreground
S01_U04.CH4.wav,702.093,704.223,background
S01_U04.CH4.wav,704.223,706.893,foreground
S01_U04.CH4.wav,706.893,708.013,background
S01_U04.CH4.wav,708.013,713.913,foreground
S01_U04.CH4.wav,713.913,714.523,background
S01_U04.CH4.wav,714.523,715.923,foreground
S01_U04.CH4.wav,715.923,715.943,background
S01_U04.CH4.wav,715.943,719.363,foreground
S01_U04.CH4.wav,719.363,719.403,background
S01_U04.CH4.wav,719.403,719.423,foreground
S01_U04.CH4.wav,719.423,719.613,background
S01_U04.CH4.wav,719.613,721.333,foreground
S01_U04.CH4.wav,721.333,721.823,background
S01_U04.CH4.wav,721.823,723.053,foreground
S01_U04.CH4.wav,723.053,723.313,background
S01_U04.CH4.wav,723.313,725.263,foreground
S01_U04.CH4.wav,725.263,725.493,background
S01_U04.CH4.wav,725.493,726.083,foreground
S01_U04.CH4.wav,726.083,726.563,background
S01_U04.CH4.wav,726.563,727.463,foreground
S01_U04.CH4.wav,727.463,727.953,background
S01_U04.CH4.wav,727.953,733.363,foreground
S01_U04.CH4.wav,733.363,733.373,background
S01_U04.CH4.wav,733.373,733.383,foreground
S01_U04.CH4.wav,733.383,733.393,background
S01_U04.CH4.wav,733.393,733.433,foreground
S01_U04.CH4.wav,733.433,734.473,background
S01_U04.CH4.wav,734.473,735.983,foreground
S01_U04.CH4.wav,735.983,736.103,background
S01_U04.CH4.wav,736.103,736.123,foreground
S01_U04.CH4.wav,736.123,736.133,background
S01_U04.CH4.wav,736.133,736.143,foreground
S01_U04.CH4.wav,736.143,736.183,background
S01_U04.CH4.wav,736.183,736.203,foreground
S01_U04.CH4.wav,736.203,736.463,background
S01_U04.CH4.wav,736.463,736.473,foreground
S01_U04.CH4.wav,736.473,736.493,background
S01_U04.CH4.wav,736.493,736.643,foreground
S01_U04.CH4.wav,736.643,736.663,background
S01_U04.CH4.wav,736.663,737.803,foreground
S01_U04.CH4.wav,737.803,738.493,background
S01_U04.CH4.wav,738.493,739.173,foreground
S01_U04.CH4.wav,739.173,740.003,background
S01_U04.CH4.wav,740.003,740.023,foreground
S01_U04.CH4.wav,740.023,740.033,background
S01_U04.CH4.wav,740.033,741.093,foreground
S01_U04.CH4.wav,741.093,741.463,background
S01_U04.CH4.wav,741.463,741.793,foreground
S01_U04.CH4.wav,741.793,742.063,background
S01_U04.CH4.wav,742.063,744.083,foreground
S01_U04.CH4.wav,744.083,744.123,background
S01_U04.CH4.wav,744.123,750.163,foreground
S01_U04.CH4.wav,750.163,751.033,background
S01_U04.CH4.wav,751.033,752.553,foreground
S01_U04.CH4.wav,752.553,752.693,background
S01_U04.CH4.wav,752.693,754.823,foreground
S01_U04.CH4.wav,754.823,755.113,background
S01_U04.CH4.wav,755.113,760.903,foreground
S01_U04.CH4.wav,760.903,760.993,background
S01_U04.CH4.wav,760.993,764.323,foreground
S01_U04.CH4.wav,764.323,764.883,background
S01_U04.CH4.wav,764.883,775.093,foreground
S01_U04.CH4.wav,775.093,775.333,background
S01_U04.CH4.wav,775.333,778.053,foreground
S01_U04.CH4.wav,778.053,778.233,background
S01_U04.CH4.wav,778.233,780.023,foreground
S01_U04.CH4.wav,780.023,780.283,background
S01_U04.CH4.wav,780.283,784.353,foreground
S01_U04.CH4.wav,784.353,784.403,background
S01_U04.CH4.wav,784.403,784.533,foreground
S01_U04.CH4.wav,784.533,785.143,background
S01_U04.CH4.wav,785.143,786.783,foreground
S01_U04.CH4.wav,786.783,786.813,background
S01_U04.CH4.wav,786.813,786.823,foreground
S01_U04.CH4.wav,786.823,787.473,background
S01_U04.CH4.wav,787.473,788.163,foreground
S01_U04.CH4.wav,788.163,788.353,background
S01_U04.CH4.wav,788.353,789.093,foreground
S01_U04.CH4.wav,789.093,789.263,background
S01_U04.CH4.wav,789.263,789.273,foreground
S01_U04.CH4.wav,789.273,789.303,background
S01_U04.CH4.wav,789.303,789.693,foreground
S01_U04.CH4.wav,789.693,790.383,background
S01_U04.CH4.wav,790.383,790.733,foreground
S01_U04.CH4.wav,790.733,791.333,background
S01_U04.CH4.wav,791.333,791.623,foreground
S01_U04.CH4.wav,791.623,794.643,background
S01_U04.CH4.wav,794.643,794.653,foreground
S01_U04.CH4.wav,794.653,794.703,background
S01_U04.CH4.wav,794.703,794.733,foreground
S01_U04.CH4.wav,794.733,796.303,background
S01_U04.CH4.wav,796.303,796.873,foreground
S01_U04.CH4.wav,796.873,796.893,background
S01_U04.CH4.wav,796.893,796.903,foreground
S01_U04.CH4.wav,796.903,796.923,background
S01_U04.CH4.wav,796.923,797.923,foreground
S01_U04.CH4.wav,797.923,798.043,background
S01_U04.CH4.wav,798.043,798.713,foreground
S01_U04.CH4.wav,798.713,798.803,background
S01_U04.CH4.wav,798.803,799.173,foreground
S01_U04.CH4.wav,799.173,799.223,background
S01_U04.CH4.wav,799.223,799.363,foreground
S01_U04.CH4.wav,799.363,799.403,background
S01_U04.CH4.wav,799.403,800.513,foreground
S01_U04.CH4.wav,800.513,802.223,background
S01_U04.CH4.wav,802.223,802.523,foreground
S01_U04.CH4.wav,802.523,804.003,background
S01_U04.CH4.wav,804.003,804.293,foreground
S01_U04.CH4.wav,804.293,804.433,background
S01_U04.CH4.wav,804.433,805.313,foreground
S01_U04.CH4.wav,805.313,806.083,background
S01_U04.CH4.wav,806.083,806.203,foreground
S01_U04.CH4.wav,806.203,808.653,background
S01_U04.CH4.wav,808.653,809.203,foreground
S01_U04.CH4.wav,809.203,809.813,background
S01_U04.CH4.wav,809.813,811.053,foreground
S01_U04.CH4.wav,811.053,811.433,background
S01_U04.CH4.wav,811.433,813.463,foreground
S01_U04.CH4.wav,813.463,814.063,background
S01_U04.CH4.wav,814.063,814.853,foreground
S01_U04.CH4.wav,814.853,814.923,background
S01_U04.CH4.wav,814.923,815.183,foreground
S01_U04.CH4.wav,815.183,816.493,background
S01_U04.CH4.wav,816.493,817.933,foreground
S01_U04.CH4.wav,817.933,818.283,background
S01_U04.CH4.wav,818.283,819.913,foreground
S01_U04.CH4.wav,819.913,820.023,background
S01_U04.CH4.wav,820.023,820.073,foreground
S01_U04.CH4.wav,820.073,820.273,background
S01_U04.CH4.wav,820.273,822.683,foreground
S01_U04.CH4.wav,822.683,822.783,background
S01_U04.CH4.wav,822.783,826.203,foreground
S01_U04.CH4.wav,826.203,826.543,background
S01_U04.CH4.wav,826.543,834.213,foreground
S01_U04.CH4.wav,834.213,834.223,background
S01_U04.CH4.wav,834.223,834.233,foreground
S01_U04.CH4.wav,834.233,835.283,background
S01_U04.CH4.wav,835.283,839.823,foreground
S01_U04.CH4.wav,839.823,840.593,background
S01_U04.CH4.wav,840.593,841.273,foreground
S01_U04.CH4.wav,841.273,842.293,background
S01_U04.CH4.wav,842.293,843.163,foreground
S01_U04.CH4.wav,843.163,844.013,background
S01_U04.CH4.wav,844.013,845.933,foreground
S01_U04.CH4.wav,845.933,846.023,background
S01_U04.CH4.wav,846.023,846.103,foreground
S01_U04.CH4.wav,846.103,847.953,background
S01_U04.CH4.wav,847.953,847.993,foreground
S01_U04.CH4.wav,847.993,848.863,background
S01_U04.CH4.wav,848.863,849.073,foreground
S01_U04.CH4.wav,849.073,849.083,background
S01_U04.CH4.wav,849.083,849.113,foreground
S01_U04.CH4.wav,849.113,851.313,background
S01_U04.CH4.wav,851.313,851.463,foreground
S01_U04.CH4.wav,851.463,853.593,background
S01_U04.CH4.wav,853.593,854.033,foreground
S01_U04.CH4.wav,854.033,855.373,background
S01_U04.CH4.wav,855.373,855.843,foreground
S01_U04.CH4.wav,855.843,856.093,background
S01_U04.CH4.wav,856.093,857.353,foreground
S01_U04.CH4.wav,857.353,857.363,background
S01_U04.CH4.wav,857.363,857.473,foreground
S01_U04.CH4.wav,857.473,858.953,background
S01_U04.CH4.wav,858.953,858.973,foreground
S01_U04.CH4.wav,858.973,858.993,background
S01_U04.CH4.wav,858.993,859.383,foreground
S01_U04.CH4.wav,859.383,859.563,background
S01_U04.CH4.wav,859.563,861.343,foreground
S01_U04.CH4.wav,861.343,862.443,background
S01_U04.CH4.wav,862.443,864.803,foreground
S01_U04.CH4.wav,864.803,866.503,background
S01_U04.CH4.wav,866.503,867.193,foreground
S01_U04.CH4.wav,867.193,867.413,background
S01_U04.CH4.wav,867.413,867.623,foreground
S01_U04.CH4.wav,867.623,868.283,background
S01_U04.CH4.wav,868.283,869.403,foreground
S01_U04.CH4.wav,869.403,869.773,background
S01_U04.CH4.wav,869.773,877.873,foreground
S01_U04.CH4.wav,877.873,878.453,background
S01_U04.CH4.wav,878.453,878.913,foreground
S01_U04.CH4.wav,878.913,879.113,background
S01_U04.CH4.wav,879.113,881.433,foreground
S01_U04.CH4.wav,881.433,882.343,background
S01_U04.CH4.wav,882.343,885.293,foreground
S01_U04.CH4.wav,885.293,885.683,background
S01_U04.CH4.wav,885.683,885.953,foreground
S01_U04.CH4.wav,885.953,886.683,background
S01_U04.CH4.wav,886.683,888.873,foreground
S01_U04.CH4.wav,888.873,889.253,background
S01_U04.CH4.wav,889.253,890.043,foreground
S01_U04.CH4.wav,890.043,890.083,background
S01_U04.CH4.wav,890.083,890.133,foreground
S01_U04.CH4.wav,890.133,890.163,background
S01_U04.CH4.wav,890.163,890.243,foreground
S01_U04.CH4.wav,890.243,890.273,background
S01_U04.CH4.wav,890.273,890.373,foreground
S01_U04.CH4.wav,890.373,890.383,background
S01_U04.CH4.wav,890.383,890.453,foreground
S01_U04.CH4.wav,890.453,890.773,background
S01_U04.CH4.wav,890.773,890.783,foreground
S01_U04.CH4.wav,890.783,890.803,background
S01_U04.CH4.wav,890.803,891.543,foreground
S01_U04.CH4.wav,891.543,892.213,background
S01_U04.CH4.wav,892.213,892.483,foreground
S01_U04.CH4.wav,892.483,892.913,background
S01_U04.CH4.wav,892.913,898.773,foreground
S01_U04.CH4.wav,898.773,899.313,background
S01_U04.CH4.wav,899.313,901.463,foreground
S01_U04.CH4.wav,901.463,901.983,background
S01_U04.CH4.wav,901.983,913.753,foreground
S01_U04.CH4.wav,913.753,913.763,background
S01_U04.CH4.wav,913.763,915.773,foreground
S01_U04.CH4.wav,915.773,915.913,background
S01_U04.CH4.wav,915.913,919.763,foreground
S01_U04.CH4.wav,919.763,919.783,background
S01_U04.CH4.wav,919.783,919.813,foreground
S01_U04.CH4.wav,919.813,920.093,background
S01_U04.CH4.wav,920.093,920.173,foreground
S01_U04.CH4.wav,920.173,920.253,background
S01_U04.CH4.wav,920.253,920.913,foreground
S01_U04.CH4.wav,920.913,921.563,background
S01_U04.CH4.wav,921.563,921.743,foreground
S01_U04.CH4.wav,921.743,921.973,background
S01_U04.CH4.wav,921.973,922.053,foreground
S01_U04.CH4.wav,922.053,922.203,background
S01_U04.CH4.wav,922.203,923.103,foreground
S01_U04.CH4.wav,923.103,923.563,background
S01_U04.CH4.wav,923.563,924.003,foreground
S01_U04.CH4.wav,924.003,924.133,background
S01_U04.CH4.wav,924.133,924.163,foreground
S01_U04.CH4.wav,924.163,924.253,background
S01_U04.CH4.wav,924.253,924.603,foreground
S01_U04.CH4.wav,924.603,925.113,background
S01_U04.CH4.wav,925.113,925.333,foreground
S01_U04.CH4.wav,925.333,926.093,background
S01_U04.CH4.wav,926.093,927.123,foreground
S01_U04.CH4.wav,927.123,927.903,background
S01_U04.CH4.wav,927.903,930.653,foreground
S01_U04.CH4.wav,930.653,931.743,background
S01_U04.CH4.wav,931.743,932.623,foreground
S01_U04.CH4.wav,932.623,932.653,background
S01_U04.CH4.wav,932.653,932.663,foreground
S01_U04.CH4.wav,932.663,932.703,background
S01_U04.CH4.wav,932.703,932.713,foreground
S01_U04.CH4.wav,932.713,932.723,background
S01_U04.CH4.wav,932.723,932.733,foreground
S01_U04.CH4.wav,932.733,932.743,background
S01_U04.CH4.wav,932.743,932.773,foreground
S01_U04.CH4.wav,932.773,932.783,background
S01_U04.CH4.wav,932.783,932.843,foreground
S01_U04.CH4.wav,932.843,933.133,background
S01_U04.CH4.wav,933.133,933.153,foreground
S01_U04.CH4.wav,933.153,933.183,background
S01_U04.CH4.wav,933.183,933.713,foreground
S01_U04.CH4.wav,933.713,934.313,background
S01_U04.CH4.wav,934.313,934.863,foreground
S01_U04.CH4.wav,934.863,935.803,background
S01_U04.CH4.wav,935.803,935.853,foreground
S01_U04.CH4.wav,935.853,935.953,background
S01_U04.CH4.wav,935.953,936.793,foreground
S01_U04.CH4.wav,936.793,936.803,background
S01_U04.CH4.wav,936.803,936.813,foreground
S01_U04.CH4.wav,936.813,937.073,background
S01_U04.CH4.wav,937.073,937.103,foreground
S01_U04.CH4.wav,937.103,937.143,background
S01_U04.CH4.wav,937.143,937.693,foreground
S01_U04.CH4.wav,937.693,937.973,background
S01_U04.CH4.wav,937.973,939.693,foreground
S01_U04.CH4.wav,939.693,939.733,background
S01_U04.CH4.wav,939.733,939.863,foreground
S01_U04.CH4.wav,939.863,940.223,background
S01_U04.CH4.wav,940.223,940.253,foreground
S01_U04.CH4.wav,940.253,940.783,background
S01_U04.CH4.wav,940.783,941.523,foreground
S01_U04.CH4.wav,941.523,941.563,background
S01_U04.CH4.wav,941.563,941.573,foreground
S01_U04.CH4.wav,941.573,941.613,background
S01_U04.CH4.wav,941.613,941.633,foreground
S01_U04.CH4.wav,941.633,941.943,background
S01_U04.CH4.wav,941.943,944.853,foreground
S01_U04.CH4.wav,944.853,946.513,background
S01_U04.CH4.wav,946.513,947.223,foreground
S01_U04.CH4.wav,947.223,948.093,background
S01_U04.CH4.wav,948.093,948.283,foreground
S01_U04.CH4.wav,948.283,950.553,background
S01_U04.CH4.wav,950.553,951.123,foreground
S01_U04.CH4.wav,951.123,952.463,background
S01_U04.CH4.wav,952.463,952.833,foreground
S01_U04.CH4.wav,952.833,954.503,background
S01_U04.CH4.wav,954.503,956.113,foreground
S01_U04.CH4.wav,956.113,956.313,background
S01_U04.CH4.wav,956.313,958.013,foreground
S01_U04.CH4.wav,958.013,958.023,background
S01_U04.CH4.wav,958.023,958.063,foreground
S01_U04.CH4.wav,958.063,958.193,background
S01_U04.CH4.wav,958.193,961.833,foreground
S01_U04.CH4.wav,961.833,962.183,background
S01_U04.CH4.wav,962.183,963.003,foreground
S01_U04.CH4.wav,963.003,963.363,background
S01_U04.CH4.wav,963.363,963.703,foreground
S01_U04.CH4.wav,963.703,964.103,background
S01_U04.CH4.wav,964.103,964.173,foreground
S01_U04.CH4.wav,964.173,964.223,background
S01_U04.CH4.wav,964.223,964.523,foreground
S01_U04.CH4.wav,964.523,965.603,background
S01_U04.CH4.wav,965.603,965.733,foreground
S01_U04.CH4.wav,965.733,965.823,background
S01_U04.CH4.wav,965.823,966.363,foreground
S01_U04.CH4.wav,966.363,967.823,background
S01_U04.CH4.wav,967.823,968.743,foreground
S01_U04.CH4.wav,968.743,970.253,background
S01_U04.CH4.wav,970.253,970.653,foreground
S01_U04.CH4.wav,970.653,973.383,background
S01_U04.CH4.wav,973.383,979.073,foreground
S01_U04.CH4.wav,979.073,979.773,background
S01_U04.CH4.wav,979.773,980.963,foreground
S01_U04.CH4.wav,980.963,981.903,background
S01_U04.CH4.wav,981.903,981.913,foreground
S01_U04.CH4.wav,981.913,981.923,background
S01_U04.CH4.wav,981.923,981.953,foreground
S01_U04.CH4.wav,981.953,981.983,background
S01_U04.CH4.wav,981.983,982.003,foreground
S01_U04.CH4.wav,982.003,982.113,background
S01_U04.CH4.wav,982.113,983.203,foreground
S01_U04.CH4.wav,983.203,983.253,background
S01_U04.CH4.wav,983.253,984.863,foreground
S01_U04.CH4.wav,984.863,985.303,background
S01_U04.CH4.wav,985.303,985.813,foreground
S01_U04.CH4.wav,985.813,986.483,background
S01_U04.CH4.wav,986.483,988.273,foreground
S01_U04.CH4.wav,988.273,989.213,background
S01_U04.CH4.wav,989.213,989.243,foreground
S01_U04.CH4.wav,989.243,990.103,background
S01_U04.CH4.wav,990.103,990.193,foreground
S01_U04.CH4.wav,990.193,990.203,background
S01_U04.CH4.wav,990.203,990.223,foreground
S01_U04.CH4.wav,990.223,990.233,background
S01_U04.CH4.wav,990.233,990.723,foreground
S01_U04.CH4.wav,990.723,990.733,background
S01_U04.CH4.wav,990.733,990.743,foreground
S01_U04.CH4.wav,990.743,992.143,background
S01_U04.CH4.wav,992.143,992.603,foreground
S01_U04.CH4.wav,992.603,992.613,background
S01_U04.CH4.wav,992.613,992.623,foreground
S01_U04.CH4.wav,992.623,993.093,background
S01_U04.CH4.wav,993.093,993.363,foreground
S01_U04.CH4.wav,993.363,994.423,background
S01_U04.CH4.wav,994.423,994.533,foreground
S01_U04.CH4.wav,994.533,994.553,background
S01_U04.CH4.wav,994.553,994.563,foreground
S01_U04.CH4.wav,994.563,994.573,background
S01_U04.CH4.wav,994.573,994.593,foreground
S01_U04.CH4.wav,994.593,994.603,background
S01_U04.CH4.wav,994.603,994.613,foreground
S01_U04.CH4.wav,994.613,994.733,background
S01_U04.CH4.wav,994.733,996.123,foreground
S01_U04.CH4.wav,996.123,996.153,background
S01_U04.CH4.wav,996.153,996.213,foreground
S01_U04.CH4.wav,996.213,996.223,background
S01_U04.CH4.wav,996.223,996.233,foreground
S01_U04.CH4.wav,996.233,996.873,background
S01_U04.CH4.wav,996.873,997.983,foreground
S01_U04.CH4.wav,997.983,998.023,background
S01_U04.CH4.wav,998.023,1002.783,foreground
S01_U04.CH4.wav,1002.783,1003.563,background
S01_U04.CH4.wav,1003.563,1004.143,foreground
S01_U04.CH4.wav,1004.143,1004.173,background
S01_U04.CH4.wav,1004.173,1004.243,foreground
S01_U04.CH4.wav,1004.243,1004.473,background
S01_U04.CH4.wav,1004.473,1004.983,foreground
S01_U04.CH4.wav,1004.983,1005.183,background
S01_U04.CH4.wav,1005.183,1006.193,foreground
S01_U04.CH4.wav,1006.193,1006.863,background
S01_U04.CH4.wav,1006.863,1007.993,foreground
S01_U04.CH4.wav,1007.993,1008.003,background
S01_U04.CH4.wav,1008.003,1008.633,foreground
S01_U04.CH4.wav,1008.633,1008.863,background
S01_U04.CH4.wav,1008.863,1016.133,foreground
S01_U04.CH4.wav,1016.133,1016.763,background
S01_U04.CH4.wav,1016.763,1016.963,foreground
S01_U04.CH4.wav,1016.963,1018.753,background
S01_U04.CH4.wav,1018.753,1019.603,foreground
S01_U04.CH4.wav,1019.603,1020.263,background
S01_U04.CH4.wav,1020.263,1020.613,foreground
S01_U04.CH4.wav,1020.613,1021.953,background
S01_U04.CH4.wav,1021.953,1024.763,foreground
S01_U04.CH4.wav,1024.763,1025.193,background
S01_U04.CH4.wav,1025.193,1025.873,foreground
S01_U04.CH4.wav,1025.873,1025.883,background
S01_U04.CH4.wav,1025.883,1029.483,foreground
S01_U04.CH4.wav,1029.483,1029.703,background
S01_U04.CH4.wav,1029.703,1038.233,foreground
S01_U04.CH4.wav,1038.233,1038.612,background
S01_U04.CH4.wav,1038.612,1038.643,foreground
S01_U04.CH4.wav,1038.643,1038.743,background
S01_U04.CH4.wav,1038.743,1038.822,foreground
S01_U04.CH4.wav,1038.822,1039.943,background
S01_U04.CH4.wav,1039.943,1039.973,foreground
S01_U04.CH4.wav,1039.973,1039.983,background
S01_U04.CH4.wav,1039.983,1040.023,foreground
S01_U04.CH4.wav,1040.023,1040.133,background
S01_U04.CH4.wav,1040.133,1040.933,foreground
S01_U04.CH4.wav,1040.933,1042.693,background
S01_U04.CH4.wav,1042.693,1043.842,foreground
S01_U04.CH4.wav,1043.842,1047.153,background
S01_U04.CH4.wav,1047.153,1047.173,foreground
S01_U04.CH4.wav,1047.173,1047.183,background
S01_U04.CH4.wav,1047.183,1047.283,foreground
S01_U04.CH4.wav,1047.283,1048.503,background
S01_U04.CH4.wav,1048.503,1049.453,foreground
S01_U04.CH4.wav,1049.453,1049.493,background
S01_U04.CH4.wav,1049.493,1049.533,foreground
S01_U04.CH4.wav,1049.533,1049.943,background
S01_U04.CH4.wav,1049.943,1050.543,foreground
S01_U04.CH4.wav,1050.543,1051.513,background
S01_U04.CH4.wav,1051.513,1051.533,foreground
S01_U04.CH4.wav,1051.533,1053.223,background
S01_U04.CH4.wav,1053.223,1053.413,foreground
S01_U04.CH4.wav,1053.413,1053.572,background
S01_U04.CH4.wav,1053.572,1053.773,foreground
S01_U04.CH4.wav,1053.773,1053.793,background
S01_U04.CH4.wav,1053.793,1055.413,foreground
S01_U04.CH4.wav,1055.413,1056.312,background
S01_U04.CH4.wav,1056.312,1056.503,foreground
S01_U04.CH4.wav,1056.503,1056.553,background
S01_U04.CH4.wav,1056.553,1058.033,foreground
S01_U04.CH4.wav,1058.033,1058.903,background
S01_U04.CH4.wav,1058.903,1058.973,foreground
S01_U04.CH4.wav,1058.973,1059.303,background
S01_U04.CH4.wav,1059.303,1059.322,foreground
S01_U04.CH4.wav,1059.322,1059.332,background
S01_U04.CH4.wav,1059.332,1059.423,foreground
S01_U04.CH4.wav,1059.423,1060.013,background
S01_U04.CH4.wav,1060.013,1064.602,foreground
S01_U04.CH4.wav,1064.602,1064.893,background
S01_U04.CH4.wav,1064.893,1066.852,foreground
S01_U04.CH4.wav,1066.852,1067.072,background
S01_U04.CH4.wav,1067.072,1082.562,foreground
S01_U04.CH4.wav,1082.562,1083.163,background
S01_U04.CH4.wav,1083.163,1083.322,foreground
S01_U04.CH4.wav,1083.322,1083.562,background
S01_U04.CH4.wav,1083.562,1084.383,foreground
S01_U04.CH4.wav,1084.383,1085.342,background
S01_U04.CH4.wav,1085.342,1092.293,foreground
S01_U04.CH4.wav,1092.293,1092.423,background
S01_U04.CH4.wav,1092.423,1092.993,foreground
S01_U04.CH4.wav,1092.993,1093.463,background
S01_U04.CH4.wav,1093.463,1094.143,foreground
S01_U04.CH4.wav,1094.143,1094.293,background
S01_U04.CH4.wav,1094.293,1096.062,foreground
S01_U04.CH4.wav,1096.062,1096.133,background
S01_U04.CH4.wav,1096.133,1096.812,foreground
S01_U04.CH4.wav,1096.812,1097.273,background
S01_U04.CH4.wav,1097.273,1097.803,foreground
S01_U04.CH4.wav,1097.803,1098.163,background
S01_U04.CH4.wav,1098.163,1099.423,foreground
S01_U04.CH4.wav,1099.423,1099.842,background
S01_U04.CH4.wav,1099.842,1100.513,foreground
S01_U04.CH4.wav,1100.513,1101.213,background
S01_U04.CH4.wav,1101.213,1101.713,foreground
S01_U04.CH4.wav,1101.713,1102.263,background
S01_U04.CH4.wav,1102.263,1103.812,foreground
S01_U04.CH4.wav,1103.812,1104.332,background
S01_U04.CH4.wav,1104.332,1106.483,foreground
S01_U04.CH4.wav,1106.483,1107.033,background
S01_U04.CH4.wav,1107.033,1108.562,foreground
S01_U04.CH4.wav,1108.562,1108.903,background
S01_U04.CH4.wav,1108.903,1110.483,foreground
S01_U04.CH4.wav,1110.483,1114.243,background
S01_U04.CH4.wav,1114.243,1115.543,foreground
S01_U04.CH4.wav,1115.543,1116.133,background
S01_U04.CH4.wav,1116.133,1116.233,foreground
S01_U04.CH4.wav,1116.233,1116.383,background
S01_U04.CH4.wav,1116.383,1116.983,foreground
S01_U04.CH4.wav,1116.983,1117.043,background
S01_U04.CH4.wav,1117.043,1117.092,foreground
S01_U04.CH4.wav,1117.092,1117.113,background
S01_U04.CH4.wav,1117.113,1117.123,foreground
S01_U04.CH4.wav,1117.123,1117.153,background
S01_U04.CH4.wav,1117.153,1117.193,foreground
S01_U04.CH4.wav,1117.193,1117.403,background
S01_U04.CH4.wav,1117.403,1117.613,foreground
S01_U04.CH4.wav,1117.613,1118.293,background
S01_U04.CH4.wav,1118.293,1118.483,foreground
S01_U04.CH4.wav,1118.483,1118.873,background
S01_U04.CH4.wav,1118.873,1119.342,foreground
S01_U04.CH4.wav,1119.342,1119.572,background
S01_U04.CH4.wav,1119.572,1122.893,foreground
S01_U04.CH4.wav,1122.893,1122.993,background
S01_U04.CH4.wav,1122.993,1129.053,foreground
S01_U04.CH4.wav,1129.053,1129.413,background
S01_U04.CH4.wav,1129.413,1132.133,foreground
S01_U04.CH4.wav,1132.133,1132.963,background
S01_U04.CH4.wav,1132.963,1134.763,foreground
S01_U04.CH4.wav,1134.763,1135.483,background
S01_U04.CH4.wav,1135.483,1137.832,foreground
S01_U04.CH4.wav,1137.832,1137.973,background
S01_U04.CH4.wav,1137.973,1138.092,foreground
S01_U04.CH4.wav,1138.092,1138.713,background
S01_U04.CH4.wav,1138.713,1140.483,foreground
S01_U04.CH4.wav,1140.483,1140.773,background
S01_U04.CH4.wav,1140.773,1142.092,foreground
S01_U04.CH4.wav,1142.092,1142.973,background
S01_U04.CH4.wav,1142.973,1145.223,foreground
S01_U04.CH4.wav,1145.223,1145.783,background
S01_U04.CH4.wav,1145.783,1146.483,foreground
S01_U04.CH4.wav,1146.483,1146.673,background
S01_U04.CH4.wav,1146.673,1147.523,foreground
S01_U04.CH4.wav,1147.523,1147.822,background
S01_U04.CH4.wav,1147.822,1155.483,foreground
S01_U04.CH4.wav,1155.483,1156.703,background
S01_U04.CH4.wav,1156.703,1156.852,foreground
S01_U04.CH4.wav,1156.852,1156.863,background
S01_U04.CH4.wav,1156.863,1156.923,foreground
S01_U04.CH4.wav,1156.923,1157.592,background
S01_U04.CH4.wav,1157.592,1158.233,foreground
S01_U04.CH4.wav,1158.233,1158.363,background
S01_U04.CH4.wav,1158.363,1161.613,foreground
S01_U04.CH4.wav,1161.613,1161.673,background
S01_U04.CH4.wav,1161.673,1162.893,foreground
S01_U04.CH4.wav,1162.893,1163.183,background
S01_U04.CH4.wav,1163.183,1165.653,foreground
S01_U04.CH4.wav,1165.653,1167.003,background
S01_U04.CH4.wav,1167.003,1167.562,foreground
S01_U04.CH4.wav,1167.562,1167.903,background
S01_U04.CH4.wav,1167.903,1167.963,foreground
S01_U04.CH4.wav,1167.963,1167.973,background
S01_U04.CH4.wav,1167.973,1175.413,foreground
S01_U04.CH4.wav,1175.413,1176.513,background
S01_U04.CH4.wav,1176.513,1177.342,foreground
S01_U04.CH4.wav,1177.342,1177.572,background
S01_U04.CH4.wav,1177.572,1178.273,foreground
S01_U04.CH4.wav,1178.273,1178.543,background
S01_U04.CH4.wav,1178.543,1178.753,foreground
S01_U04.CH4.wav,1178.753,1179.143,background
S01_U04.CH4.wav,1179.143,1190.113,foreground
S01_U04.CH4.wav,1190.113,1190.842,background
S01_U04.CH4.wav,1190.842,1190.852,foreground
S01_U04.CH4.wav,1190.852,1190.923,background
S01_U04.CH4.wav,1190.923,1190.943,foreground
S01_U04.CH4.wav,1190.943,1190.963,background
S01_U04.CH4.wav,1190.963,1193.592,foreground
S01_U04.CH4.wav,1193.592,1193.703,background
S01_U04.CH4.wav,1193.703,1193.812,foreground
S01_U04.CH4.wav,1193.812,1193.832,background
S01_U04.CH4.wav,1193.832,1193.893,foreground
S01_U04.CH4.wav,1193.893,1193.903,background
S01_U04.CH4.wav,1193.903,1195.203,foreground
S01_U04.CH4.wav,1195.203,1195.523,background
S01_U04.CH4.wav,1195.523,1197.233,foreground
S01_U04.CH4.wav,1197.233,1197.243,background
S01_U04.CH4.wav,1197.243,1197.253,foreground
S01_U04.CH4.wav,1197.253,1197.293,background
S01_U04.CH4.wav,1197.293,1197.342,foreground
S01_U04.CH4.wav,1197.342,1198.092,background
S01_U04.CH4.wav,1198.092,1198.713,foreground
S01_U04.CH4.wav,1198.713,1199.322,background
S01_U04.CH4.wav,1199.322,1199.342,foreground
S01_U04.CH4.wav,1199.342,1199.352,background
S01_U04.CH4.wav,1199.352,1200.553,foreground
S01_U04.CH4.wav,1200.553,1200.822,background
S01_U04.CH4.wav,1200.822,1203.183,foreground
S01_U04.CH4.wav,1203.183,1203.223,background
S01_U04.CH4.wav,1203.223,1206.493,foreground
S01_U04.CH4.wav,1206.493,1207.373,background
S01_U04.CH4.wav,1207.373,1209.863,foreground
S01_U04.CH4.wav,1209.863,1210.283,background
S01_U04.CH4.wav,1210.283,1223.763,foreground
S01_U04.CH4.wav,1223.763,1224.383,background
S01_U04.CH4.wav,1224.383,1228.233,foreground
S01_U04.CH4.wav,1228.233,1228.572,background
S01_U04.CH4.wav,1228.572,1229.602,foreground
S01_U04.CH4.wav,1229.602,1229.953,background
S01_U04.CH4.wav,1229.953,1230.753,foreground
S01_U04.CH4.wav,1230.753,1230.873,background
S01_U04.CH4.wav,1230.873,1231.363,foreground
S01_U04.CH4.wav,1231.363,1232.223,background
S01_U04.CH4.wav,1232.223,1258.832,foreground
S01_U04.CH4.wav,1258.832,1259.423,background
S01_U04.CH4.wav,1259.423,1261.913,foreground
S01_U04.CH4.wav,1261.913,1262.633,background
S01_U04.CH4.wav,1262.633,1264.513,foreground
S01_U04.CH4.wav,1264.513,1264.613,background
S01_U04.CH4.wav,1264.613,1266.863,foreground
S01_U04.CH4.wav,1266.863,1266.873,background
S01_U04.CH4.wav,1266.873,1267.263,foreground
S01_U04.CH4.wav,1267.263,1267.293,background
S01_U04.CH4.wav,1267.293,1267.303,foreground
S01_U04.CH4.wav,1267.303,1267.993,background
S01_U04.CH4.wav,1267.993,1270.092,foreground
S01_U04.CH4.wav,1270.092,1270.293,background
S01_U04.CH4.wav,1270.293,1271.433,foreground
S01_U04.CH4.wav,1271.433,1272.033,background
S01_U04.CH4.wav,1272.033,1278.773,foreground
S01_U04.CH4.wav,1278.773,1278.832,background
S01_U04.CH4.wav,1278.832,1278.852,foreground
S01_U04.CH4.wav,1278.852,1278.923,background
S01_U04.CH4.wav,1278.923,1279.053,foreground
S01_U04.CH4.wav,1279.053,1279.213,background
S01_U04.CH4.wav,1279.213,1279.743,foreground
S01_U04.CH4.wav,1279.743,1280.253,background
S01_U04.CH4.wav,1280.253,1281.342,foreground
S01_U04.CH4.wav,1281.342,1281.693,background
S01_U04.CH4.wav,1281.693,1284.592,foreground
S01_U04.CH4.wav,1284.592,1284.613,background
S01_U04.CH4.wav,1284.613,1284.832,foreground
S01_U04.CH4.wav,1284.832,1284.993,background
S01_U04.CH4.wav,1284.993,1287.033,foreground
S01_U04.CH4.wav,1287.033,1287.123,background
S01_U04.CH4.wav,1287.123,1289.743,foreground
S01_U04.CH4.wav,1289.743,1289.832,background
S01_U04.CH4.wav,1289.832,1290.873,foreground
S01_U04.CH4.wav,1290.873,1291.013,background
S01_U04.CH4.wav,1291.013,1292.082,foreground
S01_U04.CH4.wav,1292.082,1292.523,background
S01_U04.CH4.wav,1292.523,1297.153,foreground
S01_U04.CH4.wav,1297.153,1297.283,background
S01_U04.CH4.wav,1297.283,1300.102,foreground
S01_U04.CH4.wav,1300.102,1301.102,background
S01_U04.CH4.wav,1301.102,1302.842,foreground
S01_U04.CH4.wav,1302.842,1303.463,background
S01_U04.CH4.wav,1303.463,1306.933,foreground
S01_U04.CH4.wav,1306.933,1307.023,background
S01_U04.CH4.wav,1307.023,1307.243,foreground
S01_U04.CH4.wav,1307.243,1307.363,background
S01_U04.CH4.wav,1307.363,1310.653,foreground
S01_U04.CH4.wav,1310.653,1310.963,background
S01_U04.CH4.wav,1310.963,1313.003,foreground
S01_U04.CH4.wav,1313.003,1313.173,background
S01_U04.CH4.wav,1313.173,1313.493,foreground
S01_U04.CH4.wav,1313.493,1313.513,background
S01_U04.CH4.wav,1313.513,1313.643,foreground
S01_U04.CH4.wav,1313.643,1313.653,background
S01_U04.CH4.wav,1313.653,1313.693,foreground
S01_U04.CH4.wav,1313.693,1314.043,background
S01_U04.CH4.wav,1314.043,1315.342,foreground
S01_U04.CH4.wav,1315.342,1315.753,background
S01_U04.CH4.wav,1315.753,1315.773,foreground
S01_U04.CH4.wav,1315.773,1315.783,background
S01_U04.CH4.wav,1315.783,1315.803,foreground
S01_U04.CH4.wav,1315.803,1315.873,background
S01_U04.CH4.wav,1315.873,1315.883,foreground
S01_U04.CH4.wav,1315.883,1316.493,background
S01_U04.CH4.wav,1316.493,1319.753,foreground
S01_U04.CH4.wav,1319.753,1319.773,background
S01_U04.CH4.wav,1319.773,1319.783,foreground
S01_U04.CH4.wav,1319.783,1319.793,background
S01_U04.CH4.wav,1319.793,1320.102,foreground
S01_U04.CH4.wav,1320.102,1320.143,background
S01_U04.CH4.wav,1320.143,1320.213,foreground
S01_U04.CH4.wav,1320.213,1320.733,background
S01_U04.CH4.wav,1320.733,1324.102,foreground
S01_U04.CH4.wav,1324.102,1324.693,background
S01_U04.CH4.wav,1324.693,1329.852,foreground
S01_U04.CH4.wav,1329.852,1330.623,background
S01_U04.CH4.wav,1330.623,1330.643,foreground
S01_U04.CH4.wav,1330.643,1331.852,background
S01_U04.CH4.wav,1331.852,1334.803,foreground
S01_U04.CH4.wav,1334.803,1335.363,background
S01_U04.CH4.wav,1335.363,1345.933,foreground
S01_U04.CH4.wav,1345.933,1346.463,background
S01_U04.CH4.wav,1346.463,1348.953,foreground
S01_U04.CH4.wav,1348.953,1349.003,background
S01_U04.CH4.wav,1349.003,1349.023,foreground
S01_U04.CH4.wav,1349.023,1349.433,background
S01_U04.CH4.wav,1349.433,1363.513,foreground
S01_U04.CH4.wav,1363.513,1363.933,background
S01_U04.CH4.wav,1363.933,1373.263,foreground
S01_U04.CH4.wav,1373.263,1373.653,background
S01_U04.CH4.wav,1373.653,1377.113,foreground
S01_U04.CH4.wav,1377.113,1378.213,background
S01_U04.CH4.wav,1378.213,1378.503,foreground
S01_U04.CH4.wav,1378.503,1378.533,background
S01_U04.CH4.wav,1378.533,1378.543,foreground
S01_U04.CH4.wav,1378.543,1379.062,background
S01_U04.CH4.wav,1379.062,1380.253,foreground
S01_U04.CH4.wav,1380.253,1380.263,background
S01_U04.CH4.wav,1380.263,1381.903,foreground
S01_U04.CH4.wav,1381.903,1382.203,background
S01_U04.CH4.wav,1382.203,1383.332,foreground
S01_U04.CH4.wav,1383.332,1383.763,background
S01_U04.CH4.wav,1383.763,1389.123,foreground
S01_U04.CH4.wav,1389.123,1389.923,background
S01_U04.CH4.wav,1389.923,1391.053,foreground
S01_U04.CH4.wav,1391.053,1391.623,background
S01_U04.CH4.wav,1391.623,1399.023,foreground
S01_U04.CH4.wav,1399.023,1399.092,background
S01_U04.CH4.wav,1399.092,1404.153,foreground
S01_U04.CH4.wav,1404.153,1404.493,background
S01_U04.CH4.wav,1404.493,1404.503,foreground
S01_U04.CH4.wav,1404.503,1404.513,background
S01_U04.CH4.wav,1404.513,1414.243,foreground
S01_U04.CH4.wav,1414.243,1414.332,background
S01_U04.CH4.wav,1414.332,1418.562,foreground
S01_U04.CH4.wav,1418.562,1418.812,background
S01_U04.CH4.wav,1418.812,1428.352,foreground
S01_U04.CH4.wav,1428.352,1429.023,background
S01_U04.CH4.wav,1429.023,1436.493,foreground
S01_U04.CH4.wav,1436.493,1436.553,background
S01_U04.CH4.wav,1436.553,1438.173,foreground
S01_U04.CH4.wav,1438.173,1438.602,background
S01_U04.CH4.wav,1438.602,1439.173,foreground
S01_U04.CH4.wav,1439.173,1439.183,background
S01_U04.CH4.wav,1439.183,1439.243,foreground
S01_U04.CH4.wav,1439.243,1439.253,background
S01_U04.CH4.wav,1439.253,1439.373,foreground
S01_U04.CH4.wav,1439.373,1440.193,background
S01_U04.CH4.wav,1440.193,1441.753,foreground
S01_U04.CH4.wav,1441.753,1442.053,background
S01_U04.CH4.wav,1442.053,1444.003,foreground
S01_U04.CH4.wav,1444.003,1444.102,background
S01_U04.CH4.wav,1444.102,1448.473,foreground
S01_U04.CH4.wav,1448.473,1448.493,background
S01_U04.CH4.wav,1448.493,1450.233,foreground
S01_U04.CH4.wav,1450.233,1450.483,background
S01_U04.CH4.wav,1450.483,1451.373,foreground
S01_U04.CH4.wav,1451.373,1451.863,background
S01_U04.CH4.wav,1451.863,1454.143,foreground
S01_U04.CH4.wav,1454.143,1454.453,background
S01_U04.CH4.wav,1454.453,1466.663,foreground
S01_U04.CH4.wav,1466.663,1466.803,background
S01_U04.CH4.wav,1466.803,1468.143,foreground
S01_U04.CH4.wav,1468.143,1468.163,background
S01_U04.CH4.wav,1468.163,1468.183,foreground
S01_U04.CH4.wav,1468.183,1468.473,background
S01_U04.CH4.wav,1468.473,1468.683,foreground
S01_U04.CH4.wav,1468.683,1468.723,background
S01_U04.CH4.wav,1468.723,1468.803,foreground
S01_U04.CH4.wav,1468.803,1469.253,background
S01_U04.CH4.wav,1469.253,1469.263,foreground
S01_U04.CH4.wav,1469.263,1469.273,background
S01_U04.CH4.wav,1469.273,1473.602,foreground
S01_U04.CH4.wav,1473.602,1473.633,background
S01_U04.CH4.wav,1473.633,1494.453,foreground
S01_U04.CH4.wav,1494.453,1494.473,background
S01_U04.CH4.wav,1494.473,1494.533,foreground
S01_U04.CH4.wav,1494.533,1494.822,background
S01_U04.CH4.wav,1494.822,1498.553,foreground
S01_U04.CH4.wav,1498.553,1498.623,background
S01_U04.CH4.wav,1498.623,1499.883,foreground
S01_U04.CH4.wav,1499.883,1500.832,background
S01_U04.CH4.wav,1500.832,1505.463,foreground
S01_U04.CH4.wav,1505.463,1505.863,background
S01_U04.CH4.wav,1505.863,1505.883,foreground
S01_U04.CH4.wav,1505.883,1505.973,background
S01_U04.CH4.wav,1505.973,1510.082,foreground
S01_U04.CH4.wav,1510.082,1510.102,background
S01_U04.CH4.wav,1510.102,1510.143,foreground
S01_U04.CH4.wav,1510.143,1510.163,background
S01_U04.CH4.wav,1510.163,1510.173,foreground
S01_U04.CH4.wav,1510.173,1510.233,background
S01_U04.CH4.wav,1510.233,1510.263,foreground
S01_U04.CH4.wav,1510.263,1510.273,background
S01_U04.CH4.wav,1510.273,1510.303,foreground
S01_U04.CH4.wav,1510.303,1510.342,background
S01_U04.CH4.wav,1510.342,1510.803,foreground
S01_U04.CH4.wav,1510.803,1512.143,background
S01_U04.CH4.wav,1512.143,1512.303,foreground
S01_U04.CH4.wav,1512.303,1512.523,background
S01_U04.CH4.wav,1512.523,1512.983,foreground
S01_U04.CH4.wav,1512.983,1514.463,background
S01_U04.CH4.wav,1514.463,1514.743,foreground
S01_U04.CH4.wav,1514.743,1514.763,background
S01_U04.CH4.wav,1514.763,1514.783,foreground
S01_U04.CH4.wav,1514.783,1514.812,background
S01_U04.CH4.wav,1514.812,1514.822,foreground
S01_U04.CH4.wav,1514.822,1516.733,background
S01_U04.CH4.wav,1516.733,1517.263,foreground
S01_U04.CH4.wav,1517.263,1517.273,background
S01_U04.CH4.wav,1517.273,1517.592,foreground
S01_U04.CH4.wav,1517.592,1517.713,background
S01_U04.CH4.wav,1517.713,1517.783,foreground
S01_U04.CH4.wav,1517.783,1518.623,background
S01_U04.CH4.wav,1518.623,1519.133,foreground
S01_U04.CH4.wav,1519.133,1520.203,background
S01_U04.CH4.wav,1520.203,1522.803,foreground
S01_U04.CH4.wav,1522.803,1523.303,background
S01_U04.CH4.wav,1523.303,1524.183,foreground
S01_U04.CH4.wav,1524.183,1524.513,background
S01_U04.CH4.wav,1524.513,1531.082,foreground
S01_U04.CH4.wav,1531.082,1531.562,background
S01_U04.CH4.wav,1531.562,1542.303,foreground
S01_U04.CH4.wav,1542.303,1543.013,background
S01_U04.CH4.wav,1543.013,1543.783,foreground
S01_U04.CH4.wav,1543.783,1544.023,background
S01_U04.CH4.wav,1544.023,1544.053,foreground
S01_U04.CH4.wav,1544.053,1544.183,background
S01_U04.CH4.wav,1544.183,1544.753,foreground
S01_U04.CH4.wav,1544.753,1545.113,background
S01_U04.CH4.wav,1545.113,1545.513,foreground
S01_U04.CH4.wav,1545.513,1545.523,background
S01_U04.CH4.wav,1545.523,1545.592,foreground
S01_U04.CH4.wav,1545.592,1545.723,background
S01_U04.CH4.wav,1545.723,1551.673,foreground
S01_U04.CH4.wav,1551.673,1552.092,background
S01_U04.CH4.wav,1552.092,1558.973,foreground
S01_U04.CH4.wav,1558.973,1559.003,background
S01_U04.CH4.wav,1559.003,1561.582,foreground
S01_U04.CH4.wav,1561.582,1561.623,background
S01_U04.CH4.wav,1561.623,1561.633,foreground
S01_U04.CH4.wav,1561.633,1561.842,background
S01_U04.CH4.wav,1561.842,1570.953,foreground
S01_U04.CH4.wav,1570.953,1571.423,background
S01_U04.CH4.wav,1571.423,1577.503,foreground
S01_U04.CH4.wav,1577.503,1580.353,background
S01_U04.CH4.wav,1580.353,1590.693,foreground
S01_U04.CH4.wav,1590.693,1590.713,background
S01_U04.CH4.wav,1590.713,1590.733,foreground
S01_U04.CH4.wav,1590.733,1592.433,background
S01_U04.CH4.wav,1592.433,1594.613,foreground
S01_U04.CH4.wav,1594.613,1594.993,background
S01_U04.CH4.wav,1594.993,1597.733,foreground
S01_U04.CH4.wav,1597.733,1598.453,background
S01_U04.CH4.wav,1598.453,1613.163,foreground
S01_U04.CH4.wav,1613.163,1613.413,background
S01_U04.CH4.wav,1613.413,1618.863,foreground
S01_U04.CH4.wav,1618.863,1619.283,background
S01_U04.CH4.wav,1619.283,1623.103,foreground
S01_U04.CH4.wav,1623.103,1623.353,background
S01_U04.CH4.wav,1623.353,1624.332,foreground
S01_U04.CH4.wav,1624.332,1624.383,background
S01_U04.CH4.wav,1624.383,1624.393,foreground
S01_U04.CH4.wav,1624.393,1624.403,background
S01_U04.CH4.wav,1624.403,1629.533,foreground
S01_U04.CH4.wav,1629.533,1629.923,background
S01_U04.CH4.wav,1629.923,1635.453,foreground
S01_U04.CH4.wav,1635.453,1637.743,background
S01_U04.CH4.wav,1637.743,1638.433,foreground
S01_U04.CH4.wav,1638.433,1638.683,background
S01_U04.CH4.wav,1638.683,1648.963,foreground
S01_U04.CH4.wav,1648.963,1649.263,background
S01_U04.CH4.wav,1649.263,1649.733,foreground
S01_U04.CH4.wav,1649.733,1650.863,background
S01_U04.CH4.wav,1650.863,1661.153,foreground
S01_U04.CH4.wav,1661.153,1661.363,background
S01_U04.CH4.wav,1661.363,1667.363,foreground
S01_U04.CH4.wav,1667.363,1668.033,background
S01_U04.CH4.wav,1668.033,1683.643,foreground
S01_U04.CH4.wav,1683.643,1683.993,background
S01_U04.CH4.wav,1683.993,1684.863,foreground
S01_U04.CH4.wav,1684.863,1685.433,background
S01_U04.CH4.wav,1685.433,1685.443,foreground
S01_U04.CH4.wav,1685.443,1685.503,background
S01_U04.CH4.wav,1685.503,1691.513,foreground
S01_U04.CH4.wav,1691.513,1692.033,background
S01_U04.CH4.wav,1692.033,1692.603,foreground
S01_U04.CH4.wav,1692.603,1693.092,background
S01_U04.CH4.wav,1693.092,1698.403,foreground
S01_U04.CH4.wav,1698.403,1698.423,background
S01_U04.CH4.wav,1698.423,1702.033,foreground
S01_U04.CH4.wav,1702.033,1702.153,background
S01_U04.CH4.wav,1702.153,1705.393,foreground
S01_U04.CH4.wav,1705.393,1705.562,background
S01_U04.CH4.wav,1705.562,1705.683,foreground
S01_U04.CH4.wav,1705.683,1705.693,background
S01_U04.CH4.wav,1705.693,1710.562,foreground
S01_U04.CH4.wav,1710.562,1710.572,background
S01_U04.CH4.wav,1710.572,1710.663,foreground
S01_U04.CH4.wav,1710.663,1710.822,background
S01_U04.CH4.wav,1710.822,1710.943,foreground
S01_U04.CH4.wav,1710.943,1710.953,background
S01_U04.CH4.wav,1710.953,1710.993,foreground
S01_U04.CH4.wav,1710.993,1711.053,background
S01_U04.CH4.wav,1711.053,1711.413,foreground
S01_U04.CH4.wav,1711.413,1711.473,background
S01_U04.CH4.wav,1711.473,1713.153,foreground
S01_U04.CH4.wav,1713.153,1713.393,background
S01_U04.CH4.wav,1713.393,1715.933,foreground
S01_U04.CH4.wav,1715.933,1715.983,background
S01_U04.CH4.wav,1715.983,1715.993,foreground
S01_U04.CH4.wav,1715.993,1716.023,background
S01_U04.CH4.wav,1716.023,1716.062,foreground
S01_U04.CH4.wav,1716.062,1716.072,background
S01_U04.CH4.wav,1716.072,1728.582,foreground
S01_U04.CH4.wav,1728.582,1729.223,background
S01_U04.CH4.wav,1729.223,1731.562,foreground
S01_U04.CH4.wav,1731.562,1731.842,background
S01_U04.CH4.wav,1731.842,1757.353,foreground
S01_U04.CH4.wav,1757.353,1757.623,background
S01_U04.CH4.wav,1757.623,1763.613,foreground
S01_U04.CH4.wav,1763.613,1763.933,background
S01_U04.CH4.wav,1763.933,1765.293,foreground
S01_U04.CH4.wav,1765.293,1765.743,background
S01_U04.CH4.wav,1765.743,1770.743,foreground
S01_U04.CH4.wav,1770.743,1770.873,background
S01_U04.CH4.wav,1770.873,1779.783,foreground
S01_U04.CH4.wav,1779.783,1779.873,background
S01_U04.CH4.wav,1779.873,1785.163,foreground
S01_U04.CH4.wav,1785.163,1785.433,background
S01_U04.CH4.wav,1785.433,1828.113,foreground
S01_U04.CH4.wav,1828.113,1828.283,background
S01_U04.CH4.wav,1828.283,1828.322,foreground
S01_U04.CH4.wav,1828.322,1828.353,background
S01_U04.CH4.wav,1828.353,1834.383,foreground
S01_U04.CH4.wav,1834.383,1835.193,background
S01_U04.CH4.wav,1835.193,1843.143,foreground
S01_U04.CH4.wav,1843.143,1843.562,background
S01_U04.CH4.wav,1843.562,1843.592,foreground
S01_U04.CH4.wav,1843.592,1844.003,background
S01_U04.CH4.wav,1844.003,1851.203,foreground
S01_U04.CH4.wav,1851.203,1852.683,background
S01_U04.CH4.wav,1852.683,1852.693,foreground
S01_U04.CH4.wav,1852.693,1852.713,background
S01_U04.CH4.wav,1852.713,1852.723,foreground
S01_U04.CH4.wav,1852.723,1852.743,background
S01_U04.CH4.wav,1852.743,1853.113,foreground
S01_U04.CH4.wav,1853.113,1853.683,background
S01_U04.CH4.wav,1853.683,1854.533,foreground
S01_U04.CH4.wav,1854.533,1854.673,background
S01_U04.CH4.wav,1854.673,1854.812,foreground
S01_U04.CH4.wav,1854.812,1855.163,background
S01_U04.CH4.wav,1855.163,1861.133,foreground
S01_U04.CH4.wav,1861.133,1861.723,background
S01_U04.CH4.wav,1861.723,1865.663,foreground
S01_U04.CH4.wav,1865.663,1865.723,background
S01_U04.CH4.wav,1865.723,1865.773,foreground
S01_U04.CH4.wav,1865.773,1866.092,background
S01_U04.CH4.wav,1866.092,1876.023,foreground
S01_U04.CH4.wav,1876.023,1876.332,background
S01_U04.CH4.wav,1876.332,1876.373,foreground
S01_U04.CH4.wav,1876.373,1876.463,background
S01_U04.CH4.wav,1876.463,1886.183,foreground
S01_U04.CH4.wav,1886.183,1886.603,background
S01_U04.CH4.wav,1886.603,1892.923,foreground
S01_U04.CH4.wav,1892.923,1893.143,background
S01_U04.CH4.wav,1893.143,1899.373,foreground
S01_U04.CH4.wav,1899.373,1899.383,background
S01_U04.CH4.wav,1899.383,1901.163,foreground
S01_U04.CH4.wav,1901.163,1901.233,background
S01_U04.CH4.wav,1901.233,1901.253,foreground
S01_U04.CH4.wav,1901.253,1901.303,background
S01_U04.CH4.wav,1901.303,1901.463,foreground
S01_U04.CH4.wav,1901.463,1901.483,background
S01_U04.CH4.wav,1901.483,1914.553,foreground
S01_U04.CH4.wav,1914.553,1914.993,background
S01_U04.CH4.wav,1914.993,1930.263,foreground
S01_U04.CH4.wav,1930.263,1930.283,background
S01_U04.CH4.wav,1930.283,1930.293,foreground
S01_U04.CH4.wav,1930.293,1930.342,background
S01_U04.CH4.wav,1930.342,1935.363,foreground
S01_U04.CH4.wav,1935.363,1935.842,background
S01_U04.CH4.wav,1935.842,1935.973,foreground
S01_U04.CH4.wav,1935.973,1936.673,background
S01_U04.CH4.wav,1936.673,1936.693,foreground
S01_U04.CH4.wav,1936.693,1937.043,background
S01_U04.CH4.wav,1937.043,1937.053,foreground
S01_U04.CH4.wav,1937.053,1937.062,background
S01_U04.CH4.wav,1937.062,1940.183,foreground
S01_U04.CH4.wav,1940.183,1940.483,background
S01_U04.CH4.wav,1940.483,1971.953,foreground
S01_U04.CH4.wav,1971.953,1972.273,background
S01_U04.CH4.wav,1972.273,1975.523,foreground
S01_U04.CH4.wav,1975.523,1975.873,background
S01_U04.CH4.wav,1975.873,1979.043,foreground
S01_U04.CH4.wav,1979.043,1979.213,background
S01_U04.CH4.wav,1979.213,1979.283,foreground
S01_U04.CH4.wav,1979.283,1979.293,background
S01_U04.CH4.wav,1979.293,1996.533,foreground
S01_U04.CH4.wav,1996.533,1997.043,background
S01_U04.CH4.wav,1997.043,2009.483,foreground
S01_U04.CH4.wav,2009.483,2009.703,background
S01_U04.CH4.wav,2009.703,2012.023,foreground
S01_U04.CH4.wav,2012.023,2012.062,background
S01_U04.CH4.wav,2012.062,2026.812,foreground
S01_U04.CH4.wav,2026.812,2027.243,background
S01_U04.CH4.wav,2027.243,2031.703,foreground
S01_U04.CH4.wav,2031.703,2032.572,background
S01_U04.CH4.wav,2032.572,2043.803,foreground
S01_U04.CH4.wav,2043.803,2044.153,background
S01_U04.CH4.wav,2044.153,2048.182,foreground
S01_U04.CH4.wav,2048.182,2048.253,background
S01_U04.CH4.wav,2048.253,2052.682,foreground
S01_U04.CH4.wav,2052.682,2053.043,background
S01_U04.CH4.wav,2053.043,2063.233,foreground
S01_U04.CH4.wav,2063.233,2063.512,background
S01_U04.CH4.wav,2063.512,2072.023,foreground
S01_U04.CH4.wav,2072.023,2072.462,background
S01_U04.CH4.wav,2072.462,2081.282,foreground
S01_U04.CH4.wav,2081.282,2081.362,background
S01_U04.CH4.wav,2081.362,2081.382,foreground
S01_U04.CH4.wav,2081.382,2082.003,background
S01_U04.CH4.wav,2082.003,2084.003,foreground
S01_U04.CH4.wav,2084.003,2084.503,background
S01_U04.CH4.wav,2084.503,2085.712,foreground
S01_U04.CH4.wav,2085.712,2085.832,background
S01_U04.CH4.wav,2085.832,2087.003,foreground
S01_U04.CH4.wav,2087.003,2087.072,background
S01_U04.CH4.wav,2087.072,2094.352,foreground
S01_U04.CH4.wav,2094.352,2094.692,background
S01_U04.CH4.wav,2094.692,2107.962,foreground
S01_U04.CH4.wav,2107.962,2108.262,background
S01_U04.CH4.wav,2108.262,2134.452,foreground
S01_U04.CH4.wav,2134.452,2134.882,background
S01_U04.CH4.wav,2134.882,2144.722,foreground
S01_U04.CH4.wav,2144.722,2144.992,background
S01_U04.CH4.wav,2144.992,2156.962,foreground
S01_U04.CH4.wav,2156.962,2157.182,background
S01_U04.CH4.wav,2157.182,2216.253,foreground
S01_U04.CH4.wav,2216.253,2216.882,background
S01_U04.CH4.wav,2216.882,2218.642,foreground
S01_U04.CH4.wav,2218.642,2219.262,background
S01_U04.CH4.wav,2219.262,2231.192,foreground
S01_U04.CH4.wav,2231.192,2231.213,background
S01_U04.CH4.wav,2231.213,2247.052,foreground
S01_U04.CH4.wav,2247.052,2251.162,background
S01_U04.CH4.wav,2251.162,2254.842,foreground
S01_U04.CH4.wav,2254.842,2255.032,background
S01_U04.CH4.wav,2255.032,2255.642,foreground
S01_U04.CH4.wav,2255.642,2256.202,background
S01_U04.CH4.wav,2256.202,2258.342,foreground
S01_U04.CH4.wav,2258.342,2258.523,background
S01_U04.CH4.wav,2258.523,2259.362,foreground
S01_U04.CH4.wav,2259.362,2259.642,background
S01_U04.CH4.wav,2259.642,2260.592,foreground
S01_U04.CH4.wav,2260.592,2261.572,background
S01_U04.CH4.wav,2261.572,2268.612,foreground
S01_U04.CH4.wav,2268.612,2268.832,background
S01_U04.CH4.wav,2268.832,2268.872,foreground
S01_U04.CH4.wav,2268.872,2269.072,background
S01_U04.CH4.wav,2269.072,2269.282,foreground
S01_U04.CH4.wav,2269.282,2270.523,background
S01_U04.CH4.wav,2270.523,2271.483,foreground
S01_U04.CH4.wav,2271.483,2271.652,background
S01_U04.CH4.wav,2271.652,2273.242,foreground
S01_U04.CH4.wav,2273.242,2273.612,background
S01_U04.CH4.wav,2273.612,2273.902,foreground
S01_U04.CH4.wav,2273.902,2273.912,background
S01_U04.CH4.wav,2273.912,2273.942,foreground
S01_U04.CH4.wav,2273.942,2274.142,background
S01_U04.CH4.wav,2274.142,2274.983,foreground
S01_U04.CH4.wav,2274.983,2275.012,background
S01_U04.CH4.wav,2275.012,2275.102,foreground
S01_U04.CH4.wav,2275.102,2275.222,background
S01_U04.CH4.wav,2275.222,2275.233,foreground
S01_U04.CH4.wav,2275.233,2275.463,background
S01_U04.CH4.wav,2275.463,2277.442,foreground
S01_U04.CH4.wav,2277.442,2277.463,background
S01_U04.CH4.wav,2277.463,2283.062,foreground
S01_U04.CH4.wav,2283.062,2283.713,background
S01_U04.CH4.wav,2283.713,2285.892,foreground
S01_U04.CH4.wav,2285.892,2286.202,background
S01_U04.CH4.wav,2286.202,2286.312,foreground
S01_U04.CH4.wav,2286.312,2286.352,background
S01_U04.CH4.wav,2286.352,2289.082,foreground
S01_U04.CH4.wav,2289.082,2289.512,background
S01_U04.CH4.wav,2289.512,2291.023,foreground
S01_U04.CH4.wav,2291.023,2291.172,background
S01_U04.CH4.wav,2291.172,2291.552,foreground
S01_U04.CH4.wav,2291.552,2292.052,background
S01_U04.CH4.wav,2292.052,2298.302,foreground
S01_U04.CH4.wav,2298.302,2298.483,background
S01_U04.CH4.wav,2298.483,2298.642,foreground
S01_U04.CH4.wav,2298.642,2298.842,background
S01_U04.CH4.wav,2298.842,2301.672,foreground
S01_U04.CH4.wav,2301.672,2301.742,background
S01_U04.CH4.wav,2301.742,2302.963,foreground
S01_U04.CH4.wav,2302.963,2303.532,background
S01_U04.CH4.wav,2303.532,2319.952,foreground
S01_U04.CH4.wav,2319.952,2320.302,background
S01_U04.CH4.wav,2320.302,2324.942,foreground
S01_U04.CH4.wav,2324.942,2325.512,background
S01_U04.CH4.wav,2325.512,2329.052,foreground
S01_U04.CH4.wav,2329.052,2330.582,background
S01_U04.CH4.wav,2330.582,2331.132,foreground
S01_U04.CH4.wav,2331.132,2331.192,background
S01_U04.CH4.wav,2331.192,2334.293,foreground
S01_U04.CH4.wav,2334.293,2337.682,background
S01_U04.CH4.wav,2337.682,2343.822,foreground
S01_U04.CH4.wav,2343.822,2344.213,background
S01_U04.CH4.wav,2344.213,2344.372,foreground
S01_U04.CH4.wav,2344.372,2344.572,background
S01_U04.CH4.wav,2344.572,2344.642,foreground
S01_U04.CH4.wav,2344.642,2344.842,background
S01_U04.CH4.wav,2344.842,2370.793,foreground
S01_U04.CH4.wav,2370.793,2370.872,background
S01_U04.CH4.wav,2370.872,2382.213,foreground
S01_U04.CH4.wav,2382.213,2382.222,background
S01_U04.CH4.wav,2382.222,2382.242,foreground
S01_U04.CH4.wav,2382.242,2382.312,background
S01_U04.CH4.wav,2382.312,2404.543,foreground
S01_U04.CH4.wav,2404.543,2404.793,background
S01_U04.CH4.wav,2404.793,2407.032,foreground
S01_U04.CH4.wav,2407.032,2407.402,background
S01_U04.CH4.wav,2407.402,2413.773,foreground
S01_U04.CH4.wav,2413.773,2414.052,background
S01_U04.CH4.wav,2414.052,2421.753,foreground
S01_U04.CH4.wav,2421.753,2422.102,background
S01_U04.CH4.wav,2422.102,2422.112,foreground
S01_U04.CH4.wav,2422.112,2422.122,background
S01_U04.CH4.wav,2422.122,2423.202,foreground
S01_U04.CH4.wav,2423.202,2423.733,background
S01_U04.CH4.wav,2423.733,2428.213,foreground
S01_U04.CH4.wav,2428.213,2428.392,background
S01_U04.CH4.wav,2428.392,2428.572,foreground
S01_U04.CH4.wav,2428.572,2428.602,background
S01_U04.CH4.wav,2428.602,2443.432,foreground
S01_U04.CH4.wav,2443.432,2443.652,background
S01_U04.CH4.wav,2443.652,2443.812,foreground
S01_U04.CH4.wav,2443.812,2443.872,background
S01_U04.CH4.wav,2443.872,2456.983,foreground
S01_U04.CH4.wav,2456.983,2457.122,background
S01_U04.CH4.wav,2457.122,2479.222,foreground
S01_U04.CH4.wav,2479.222,2479.483,background
S01_U04.CH4.wav,2479.483,2499.043,foreground
S01_U04.CH4.wav,2499.043,2499.233,background
S01_U04.CH4.wav,2499.233,2505.412,foreground
S01_U04.CH4.wav,2505.412,2505.832,background
S01_U04.CH4.wav,2505.832,2528.182,foreground
S01_U04.CH4.wav,2528.182,2528.253,background
S01_U04.CH4.wav,2528.253,2533.582,foreground
S01_U04.CH4.wav,2533.582,2533.602,background
S01_U04.CH4.wav,2533.602,2533.672,foreground
S01_U04.CH4.wav,2533.672,2534.492,background
S01_U04.CH4.wav,2534.492,2543.733,foreground
S01_U04.CH4.wav,2543.733,2543.742,background
S01_U04.CH4.wav,2543.742,2552.322,foreground
S01_U04.CH4.wav,2552.322,2552.753,background
S01_U04.CH4.wav,2552.753,2559.082,foreground
S01_U04.CH4.wav,2559.082,2559.253,background
S01_U04.CH4.wav,2559.253,2561.332,foreground
S01_U04.CH4.wav,2561.332,2561.773,background
S01_U04.CH4.wav,2561.773,2565.733,foreground
S01_U04.CH4.wav,2565.733,2566.082,background
S01_U04.CH4.wav,2566.082,2585.382,foreground
S01_U04.CH4.wav,2585.382,2585.722,background
S01_U04.CH4.wav,2585.722,2586.242,foreground
S01_U04.CH4.wav,2586.242,2586.662,background
S01_U04.CH4.wav,2586.662,2588.392,foreground
S01_U04.CH4.wav,2588.392,2588.492,background
S01_U04.CH4.wav,2588.492,2630.253,foreground
S01_U04.CH4.wav,2630.253,2630.543,background
S01_U04.CH4.wav,2630.543,2630.952,foreground
S01_U04.CH4.wav,2630.952,2631.392,background
S01_U04.CH4.wav,2631.392,2648.952,foreground
S01_U04.CH4.wav,2648.952,2648.972,background
S01_U04.CH4.wav,2648.972,2648.983,foreground
S01_U04.CH4.wav,2648.983,2649.192,background
S01_U04.CH4.wav,2649.192,2650.032,foreground
S01_U04.CH4.wav,2650.032,2650.773,background
S01_U04.CH4.wav,2650.773,2662.942,foreground
S01_U04.CH4.wav,2662.942,2663.003,background
S01_U04.CH4.wav,2663.003,2663.112,foreground
S01_U04.CH4.wav,2663.112,2663.213,background
S01_U04.CH4.wav,2663.213,2663.652,foreground
S01_U04.CH4.wav,2663.652,2664.032,background
S01_U04.CH4.wav,2664.032,2664.312,foreground
S01_U04.CH4.wav,2664.312,2665.142,background
S01_U04.CH4.wav,2665.142,2670.812,foreground
S01_U04.CH4.wav,2670.812,2675.562,background
S01_U04.CH4.wav,2675.562,2703.182,foreground
S01_U04.CH4.wav,2703.182,2703.192,background
S01_U04.CH4.wav,2703.192,2705.382,foreground
S01_U04.CH4.wav,2705.382,2705.552,background
S01_U04.CH4.wav,2705.552,2709.713,foreground
S01_U04.CH4.wav,2709.713,2710.062,background
S01_U04.CH4.wav,2710.062,2710.862,foreground
S01_U04.CH4.wav,2710.862,2711.273,background
S01_U04.CH4.wav,2711.273,2711.582,foreground
S01_U04.CH4.wav,2711.582,2712.432,background
S01_U04.CH4.wav,2712.432,2715.262,foreground
S01_U04.CH4.wav,2715.262,2715.602,background
S01_U04.CH4.wav,2715.602,2721.483,foreground
S01_U04.CH4.wav,2721.483,2721.652,background
S01_U04.CH4.wav,2721.652,2722.722,foreground
S01_U04.CH4.wav,2722.722,2722.782,background
S01_U04.CH4.wav,2722.782,2722.812,foreground
S01_U04.CH4.wav,2722.812,2722.832,background
S01_U04.CH4.wav,2722.832,2724.822,foreground
S01_U04.CH4.wav,2724.822,2725.142,background
S01_U04.CH4.wav,2725.142,2725.872,foreground
S01_U04.CH4.wav,2725.872,2725.963,background
S01_U04.CH4.wav,2725.963,2732.852,foreground
S01_U04.CH4.wav,2732.852,2732.922,background
S01_U04.CH4.wav,2732.922,2737.472,foreground
S01_U04.CH4.wav,2737.472,2737.742,background
S01_U04.CH4.wav,2737.742,2737.882,foreground
S01_U04.CH4.wav,2737.882,2737.922,background
S01_U04.CH4.wav,2737.922,2750.912,foreground
S01_U04.CH4.wav,2750.912,2750.942,background
S01_U04.CH4.wav,2750.942,2750.963,foreground
S01_U04.CH4.wav,2750.963,2750.972,background
S01_U04.CH4.wav,2750.972,2751.043,foreground
S01_U04.CH4.wav,2751.043,2751.432,background
S01_U04.CH4.wav,2751.432,2751.452,foreground
S01_U04.CH4.wav,2751.452,2751.463,background
S01_U04.CH4.wav,2751.463,2755.812,foreground
S01_U04.CH4.wav,2755.812,2756.342,background
S01_U04.CH4.wav,2756.342,2756.382,foreground
S01_U04.CH4.wav,2756.382,2756.432,background
S01_U04.CH4.wav,2756.432,2756.442,foreground
S01_U04.CH4.wav,2756.442,2756.532,background
S01_U04.CH4.wav,2756.532,2766.702,foreground
S01_U04.CH4.wav,2766.702,2766.782,background
S01_U04.CH4.wav,2766.782,2767.832,foreground
S01_U04.CH4.wav,2767.832,2768.262,background
S01_U04.CH4.wav,2768.262,2775.612,foreground
S01_U04.CH4.wav,2775.612,2775.753,background
S01_U04.CH4.wav,2775.753,2779.322,foreground
S01_U04.CH4.wav,2779.322,2779.682,background
S01_U04.CH4.wav,2779.682,2783.242,foreground
S01_U04.CH4.wav,2783.242,2783.652,background
S01_U04.CH4.wav,2783.652,2791.362,foreground
S01_U04.CH4.wav,2791.362,2791.782,background
S01_U04.CH4.wav,2791.782,2795.682,foreground
S01_U04.CH4.wav,2795.682,2796.082,background
S01_U04.CH4.wav,2796.082,2800.773,foreground
S01_U04.CH4.wav,2800.773,2801.312,background
S01_U04.CH4.wav,2801.312,2812.632,foreground
S01_U04.CH4.wav,2812.632,2812.733,background
S01_U04.CH4.wav,2812.733,2812.802,foreground
S01_U04.CH4.wav,2812.802,2812.872,background
S01_U04.CH4.wav,2812.872,2828.922,foreground
S01_U04.CH4.wav,2828.922,2829.043,background
S01_U04.CH4.wav,2829.043,2831.402,foreground
S01_U04.CH4.wav,2831.402,2831.642,background
S01_U04.CH4.wav,2831.642,2834.733,foreground
S01_U04.CH4.wav,2834.733,2835.102,background
S01_U04.CH4.wav,2835.102,2839.532,foreground
S01_U04.CH4.wav,2839.532,2839.662,background
S01_U04.CH4.wav,2839.662,2848.412,foreground
S01_U04.CH4.wav,2848.412,2848.822,background
S01_U04.CH4.wav,2848.822,2864.293,foreground
S01_U04.CH4.wav,2864.293,2864.372,background
S01_U04.CH4.wav,2864.372,2864.402,foreground
S01_U04.CH4.wav,2864.402,2864.442,background
S01_U04.CH4.wav,2864.442,2864.492,foreground
S01_U04.CH4.wav,2864.492,2864.503,background
S01_U04.CH4.wav,2864.503,2864.932,foreground
S01_U04.CH4.wav,2864.932,2864.992,background
S01_U04.CH4.wav,2864.992,2869.672,foreground
S01_U04.CH4.wav,2869.672,2869.862,background
S01_U04.CH4.wav,2869.862,2879.682,foreground
S01_U04.CH4.wav,2879.682,2880.332,background
S01_U04.CH4.wav,2880.332,2934.352,foreground
S01_U04.CH4.wav,2934.352,2934.612,background
S01_U04.CH4.wav,2934.612,2949.023,foreground
S01_U04.CH4.wav,2949.023,2949.733,background
S01_U04.CH4.wav,2949.733,2951.972,foreground
S01_U04.CH4.wav,2951.972,2952.322,background
S01_U04.CH4.wav,2952.322,2954.713,foreground
S01_U04.CH4.wav,2954.713,2954.722,background
S01_U04.CH4.wav,2954.722,2954.733,foreground
S01_U04.CH4.wav,2954.733,2954.753,background
S01_U04.CH4.wav,2954.753,2954.812,foreground
S01_U04.CH4.wav,2954.812,2955.003,background
S01_U04.CH4.wav,2955.003,2955.602,foreground
S01_U04.CH4.wav,2955.602,2956.012,background
S01_U04.CH4.wav,2956.012,2964.172,foreground
S01_U04.CH4.wav,2964.172,2964.192,background
S01_U04.CH4.wav,2964.192,2964.213,foreground
S01_U04.CH4.wav,2964.213,2964.372,background
S01_U04.CH4.wav,2964.372,2966.622,foreground
S01_U04.CH4.wav,2966.622,2967.012,background
S01_U04.CH4.wav,2967.012,2971.043,foreground
S01_U04.CH4.wav,2971.043,2971.102,background
S01_U04.CH4.wav,2971.102,2971.112,foreground
S01_U04.CH4.wav,2971.112,2971.302,background
S01_U04.CH4.wav,2971.302,2978.182,foreground
S01_U04.CH4.wav,2978.182,2978.233,background
S01_U04.CH4.wav,2978.233,2995.172,foreground
S01_U04.CH4.wav,2995.172,2995.382,background
S01_U04.CH4.wav,2995.382,3009.293,foreground
S01_U04.CH4.wav,3009.293,3009.392,background
S01_U04.CH4.wav,3009.392,3009.442,foreground
S01_U04.CH4.wav,3009.442,3009.503,background
S01_U04.CH4.wav,3009.503,3009.523,foreground
S01_U04.CH4.wav,3009.523,3009.543,background
S01_U04.CH4.wav,3009.543,3014.872,foreground
S01_U04.CH4.wav,3014.872,3015.152,background
S01_U04.CH4.wav,3015.152,3018.422,foreground
S01_U04.CH4.wav,3018.422,3018.442,background
S01_U04.CH4.wav,3018.442,3018.532,foreground
S01_U04.CH4.wav,3018.532,3018.812,background
S01_U04.CH4.wav,3018.812,3018.983,foreground
S01_U04.CH4.wav,3018.983,3019.012,background
S01_U04.CH4.wav,3019.012,3019.793,foreground
S01_U04.CH4.wav,3019.793,3020.372,background
S01_U04.CH4.wav,3020.372,3023.043,foreground
S01_U04.CH4.wav,3023.043,3023.253,background
S01_U04.CH4.wav,3023.253,3023.262,foreground
S01_U04.CH4.wav,3023.262,3023.273,background
S01_U04.CH4.wav,3023.273,3026.222,foreground
S01_U04.CH4.wav,3026.222,3026.382,background
S01_U04.CH4.wav,3026.382,3034.182,foreground
S01_U04.CH4.wav,3034.182,3034.773,background
S01_U04.CH4.wav,3034.773,3053.782,foreground
S01_U04.CH4.wav,3053.782,3053.963,background
S01_U04.CH4.wav,3053.963,3071.852,foreground
S01_U04.CH4.wav,3071.852,3071.862,background
S01_U04.CH4.wav,3071.862,3071.882,foreground
S01_U04.CH4.wav,3071.882,3072.012,background
S01_U04.CH4.wav,3072.012,3075.543,foreground
S01_U04.CH4.wav,3075.543,3075.782,background
S01_U04.CH4.wav,3075.782,3107.523,foreground
S01_U04.CH4.wav,3107.523,3107.762,background
S01_U04.CH4.wav,3107.762,3118.773,foreground
S01_U04.CH4.wav,3118.773,3119.172,background
S01_U04.CH4.wav,3119.172,3119.512,foreground
S01_U04.CH4.wav,3119.512,3119.952,background
S01_U04.CH4.wav,3119.952,3130.983,foreground
S01_U04.CH4.wav,3130.983,3131.972,background
S01_U04.CH4.wav,3131.972,3138.222,foreground
S01_U04.CH4.wav,3138.222,3138.463,background
S01_U04.CH4.wav,3138.463,3139.332,foreground
S01_U04.CH4.wav,3139.332,3139.382,background
S01_U04.CH4.wav,3139.382,3141.052,foreground
S01_U04.CH4.wav,3141.052,3141.612,background
S01_U04.CH4.wav,3141.612,3145.193,foreground
S01_U04.CH4.wav,3145.193,3146.052,background
S01_U04.CH4.wav,3146.052,3148.622,foreground
S01_U04.CH4.wav,3148.622,3148.702,background
S01_U04.CH4.wav,3148.702,3149.372,foreground
S01_U04.CH4.wav,3149.372,3149.802,background
S01_U04.CH4.wav,3149.802,3152.082,foreground
S01_U04.CH4.wav,3152.082,3153.082,background
S01_U04.CH4.wav,3153.082,3158.463,foreground
S01_U04.CH4.wav,3158.463,3158.952,background
S01_U04.CH4.wav,3158.952,3165.233,foreground
S01_U04.CH4.wav,3165.233,3166.402,background
S01_U04.CH4.wav,3166.402,3168.262,foreground
S01_U04.CH4.wav,3168.262,3169.602,background
S01_U04.CH4.wav,3169.602,3170.082,foreground
S01_U04.CH4.wav,3170.082,3170.092,background
S01_U04.CH4.wav,3170.092,3170.102,foreground
S01_U04.CH4.wav,3170.102,3170.662,background
S01_U04.CH4.wav,3170.662,3171.213,foreground
S01_U04.CH4.wav,3171.213,3171.402,background
S01_U04.CH4.wav,3171.402,3171.943,foreground
S01_U04.CH4.wav,3171.943,3172.032,background
S01_U04.CH4.wav,3172.032,3172.043,foreground
S01_U04.CH4.wav,3172.043,3172.202,background
S01_U04.CH4.wav,3172.202,3172.532,foreground
S01_U04.CH4.wav,3172.532,3172.822,background
S01_U04.CH4.wav,3172.822,3173.162,foreground
S01_U04.CH4.wav,3173.162,3173.782,background
S01_U04.CH4.wav,3173.782,3179.582,foreground
S01_U04.CH4.wav,3179.582,3179.882,background
S01_U04.CH4.wav,3179.882,3181.742,foreground
S01_U04.CH4.wav,3181.742,3182.062,background
S01_U04.CH4.wav,3182.062,3182.233,foreground
S01_U04.CH4.wav,3182.233,3182.672,background
S01_U04.CH4.wav,3182.672,3183.753,foreground
S01_U04.CH4.wav,3183.753,3183.842,background
S01_U04.CH4.wav,3183.842,3185.052,foreground
S01_U04.CH4.wav,3185.052,3185.702,background
S01_U04.CH4.wav,3185.702,3188.862,foreground
S01_U04.CH4.wav,3188.862,3189.052,background
S01_U04.CH4.wav,3189.052,3189.782,foreground
S01_U04.CH4.wav,3189.782,3191.062,background
S01_U04.CH4.wav,3191.062,3191.422,foreground
S01_U04.CH4.wav,3191.422,3193.242,background
S01_U04.CH4.wav,3193.242,3193.762,foreground
S01_U04.CH4.wav,3193.762,3194.043,background
S01_U04.CH4.wav,3194.043,3196.072,foreground
S01_U04.CH4.wav,3196.072,3196.452,background
S01_U04.CH4.wav,3196.452,3198.312,foreground
S01_U04.CH4.wav,3198.312,3198.372,background
S01_U04.CH4.wav,3198.372,3204.992,foreground
S01_U04.CH4.wav,3204.992,3205.062,background
S01_U04.CH4.wav,3205.062,3206.142,foreground
S01_U04.CH4.wav,3206.142,3206.222,background
S01_U04.CH4.wav,3206.222,3206.233,foreground
S01_U04.CH4.wav,3206.233,3206.372,background
S01_U04.CH4.wav,3206.372,3209.392,foreground
S01_U04.CH4.wav,3209.392,3209.902,background
S01_U04.CH4.wav,3209.902,3209.922,foreground
S01_U04.CH4.wav,3209.922,3209.932,background
S01_U04.CH4.wav,3209.932,3213.352,foreground
S01_U04.CH4.wav,3213.352,3213.642,background
S01_U04.CH4.wav,3213.642,3216.412,foreground
S01_U04.CH4.wav,3216.412,3216.733,background
S01_U04.CH4.wav,3216.733,3216.852,foreground
S01_U04.CH4.wav,3216.852,3216.952,background
S01_U04.CH4.wav,3216.952,3219.322,foreground
S01_U04.CH4.wav,3219.322,3219.822,background
S01_U04.CH4.wav,3219.822,3227.822,foreground
S01_U04.CH4.wav,3227.822,3228.672,background
S01_U04.CH4.wav,3228.672,3228.682,foreground
S01_U04.CH4.wav,3228.682,3228.722,background
S01_U04.CH4.wav,3228.722,3229.412,foreground
S01_U04.CH4.wav,3229.412,3229.832,background
S01_U04.CH4.wav,3229.832,3232.092,foreground
S01_U04.CH4.wav,3232.092,3232.233,background
S01_U04.CH4.wav,3232.233,3233.422,foreground
S01_U04.CH4.wav,3233.422,3234.302,background
S01_U04.CH4.wav,3234.302,3236.612,foreground
S01_U04.CH4.wav,3236.612,3236.912,background
S01_U04.CH4.wav,3236.912,3241.882,foreground
S01_U04.CH4.wav,3241.882,3242.443,background
S01_U04.CH4.wav,3242.443,3244.253,foreground
S01_U04.CH4.wav,3244.253,3245.503,background
S01_U04.CH4.wav,3245.503,3245.512,foreground
S01_U04.CH4.wav,3245.512,3245.983,background
S01_U04.CH4.wav,3245.983,3245.992,foreground
S01_U04.CH4.wav,3245.992,3246.032,background
S01_U04.CH4.wav,3246.032,3248.793,foreground
S01_U04.CH4.wav,3248.793,3248.872,background
S01_U04.CH4.wav,3248.872,3249.023,foreground
S01_U04.CH4.wav,3249.023,3249.552,background
S01_U04.CH4.wav,3249.552,3249.582,foreground
S01_U04.CH4.wav,3249.582,3251.193,background
S01_U04.CH4.wav,3251.193,3253.682,foreground
S01_U04.CH4.wav,3253.682,3253.713,background
S01_U04.CH4.wav,3253.713,3253.722,foreground
S01_U04.CH4.wav,3253.722,3253.733,background
S01_U04.CH4.wav,3253.733,3253.793,foreground
S01_U04.CH4.wav,3253.793,3253.832,background
S01_U04.CH4.wav,3253.832,3253.842,foreground
S01_U04.CH4.wav,3253.842,3253.892,background
S01_U04.CH4.wav,3253.892,3253.902,foreground
S01_U04.CH4.wav,3253.902,3254.702,background
S01_U04.CH4.wav,3254.702,3254.733,foreground
S01_U04.CH4.wav,3254.733,3254.742,background
S01_U04.CH4.wav,3254.742,3255.172,foreground
S01_U04.CH4.wav,3255.172,3255.733,background
S01_U04.CH4.wav,3255.733,3255.932,foreground
S01_U04.CH4.wav,3255.932,3256.402,background
S01_U04.CH4.wav,3256.402,3256.832,foreground
S01_U04.CH4.wav,3256.832,3256.852,background
S01_U04.CH4.wav,3256.852,3256.892,foreground
S01_U04.CH4.wav,3256.892,3257.082,background
S01_U04.CH4.wav,3257.082,3257.122,foreground
S01_U04.CH4.wav,3257.122,3257.202,background
S01_U04.CH4.wav,3257.202,3257.222,foreground
S01_U04.CH4.wav,3257.222,3257.503,background
S01_U04.CH4.wav,3257.503,3257.652,foreground
S01_U04.CH4.wav,3257.652,3257.832,background
S01_U04.CH4.wav,3257.832,3258.032,foreground
S01_U04.CH4.wav,3258.032,3258.112,background
S01_U04.CH4.wav,3258.112,3265.682,foreground
S01_U04.CH4.wav,3265.682,3266.072,background
S01_U04.CH4.wav,3266.072,3270.032,foreground
S01_U04.CH4.wav,3270.032,3271.422,background
S01_U04.CH4.wav,3271.422,3271.492,foreground
S01_U04.CH4.wav,3271.492,3272.632,background
S01_U04.CH4.wav,3272.632,3272.753,foreground
S01_U04.CH4.wav,3272.753,3272.773,background
S01_U04.CH4.wav,3272.773,3273.472,foreground
S01_U04.CH4.wav,3273.472,3273.842,background
S01_U04.CH4.wav,3273.842,3274.402,foreground
S01_U04.CH4.wav,3274.402,3274.463,background
S01_U04.CH4.wav,3274.463,3274.652,foreground
S01_U04.CH4.wav,3274.652,3275.422,background
S01_U04.CH4.wav,3275.422,3276.142,foreground
S01_U04.CH4.wav,3276.142,3276.762,background
S01_U04.CH4.wav,3276.762,3277.722,foreground
S01_U04.CH4.wav,3277.722,3277.932,background
S01_U04.CH4.wav,3277.932,3284.512,foreground
S01_U04.CH4.wav,3284.512,3284.862,background
S01_U04.CH4.wav,3284.862,3284.892,foreground
S01_U04.CH4.wav,3284.892,3284.932,background
S01_U04.CH4.wav,3284.932,3300.152,foreground
S01_U04.CH4.wav,3300.152,3300.562,background
S01_U04.CH4.wav,3300.562,3333.282,foreground
S01_U04.CH4.wav,3333.282,3334.003,background
S01_U04.CH4.wav,3334.003,3336.622,foreground
S01_U04.CH4.wav,3336.622,3337.052,background
S01_U04.CH4.wav,3337.052,3350.662,foreground
S01_U04.CH4.wav,3350.662,3351.182,background
S01_U04.CH4.wav,3351.182,3352.463,foreground
S01_U04.CH4.wav,3352.463,3352.702,background
S01_U04.CH4.wav,3352.702,3370.592,foreground
S01_U04.CH4.wav,3370.592,3370.832,background
S01_U04.CH4.wav,3370.832,3370.842,foreground
S01_U04.CH4.wav,3370.842,3371.032,background
S01_U04.CH4.wav,3371.032,3407.992,foreground
S01_U04.CH4.wav,3407.992,3408.032,background
S01_U04.CH4.wav,3408.032,3419.943,foreground
S01_U04.CH4.wav,3419.943,3420.023,background
S01_U04.CH4.wav,3420.023,3431.802,foreground
S01_U04.CH4.wav,3431.802,3432.102,background
S01_U04.CH4.wav,3432.102,3437.332,foreground
S01_U04.CH4.wav,3437.332,3437.552,background
S01_U04.CH4.wav,3437.552,3454.662,foreground
S01_U04.CH4.wav,3454.662,3454.693,background
S01_U04.CH4.wav,3454.693,3454.812,foreground
S01_U04.CH4.wav,3454.812,3454.822,background
S01_U04.CH4.wav,3454.822,3460.182,foreground
S01_U04.CH4.wav,3460.182,3460.222,background
S01_U04.CH4.wav,3460.222,3460.233,foreground
S01_U04.CH4.wav,3460.233,3460.253,background
S01_U04.CH4.wav,3460.253,3468.322,foreground
S01_U04.CH4.wav,3468.322,3468.532,background
S01_U04.CH4.wav,3468.532,3477.312,foreground
S01_U04.CH4.wav,3477.312,3477.562,background
S01_U04.CH4.wav,3477.562,3549.733,foreground
S01_U04.CH4.wav,3549.733,3550.293,background
S01_U04.CH4.wav,3550.293,3564.612,foreground
S01_U04.CH4.wav,3564.612,3564.762,background
S01_U04.CH4.wav,3564.762,3580.492,foreground
S01_U04.CH4.wav,3580.492,3580.572,background
S01_U04.CH4.wav,3580.572,3597.872,foreground
S01_U04.CH4.wav,3597.872,3598.132,background
S01_U04.CH4.wav,3598.132,3650.402,foreground
S01_U04.CH4.wav,3650.402,3650.463,background
S01_U04.CH4.wav,3650.463,3656.452,foreground
S01_U04.CH4.wav,3656.452,3657.193,background
S01_U04.CH4.wav,3657.193,3658.122,foreground
S01_U04.CH4.wav,3658.122,3659.322,background
S01_U04.CH4.wav,3659.322,3660.052,foreground
S01_U04.CH4.wav,3660.052,3661.202,background
S01_U04.CH4.wav,3661.202,3674.332,foreground
S01_U04.CH4.wav,3674.332,3674.352,background
S01_U04.CH4.wav,3674.352,3674.372,foreground
S01_U04.CH4.wav,3674.372,3674.483,background
S01_U04.CH4.wav,3674.483,3689.672,foreground
S01_U04.CH4.wav,3689.672,3689.722,background
S01_U04.CH4.wav,3689.722,3689.773,foreground
S01_U04.CH4.wav,3689.773,3690.182,background
S01_U04.CH4.wav,3690.182,3690.862,foreground
S01_U04.CH4.wav,3690.862,3690.983,background
S01_U04.CH4.wav,3690.983,3691.672,foreground
S01_U04.CH4.wav,3691.672,3691.882,background
S01_U04.CH4.wav,3691.882,3715.032,foreground
S01_U04.CH4.wav,3715.032,3716.193,background
S01_U04.CH4.wav,3716.193,3716.503,foreground
S01_U04.CH4.wav,3716.503,3716.512,background
S01_U04.CH4.wav,3716.512,3716.523,foreground
S01_U04.CH4.wav,3716.523,3717.012,background
S01_U04.CH4.wav,3717.012,3735.082,foreground
S01_U04.CH4.wav,3735.082,3735.222,background
S01_U04.CH4.wav,3735.222,3735.233,foreground
S01_U04.CH4.wav,3735.233,3735.832,background
S01_U04.CH4.wav,3735.832,3740.382,foreground
S01_U04.CH4.wav,3740.382,3740.802,background
S01_U04.CH4.wav,3740.802,3741.242,foreground
S01_U04.CH4.wav,3741.242,3742.032,background
S01_U04.CH4.wav,3742.032,3775.543,foreground
S01_U04.CH4.wav,3775.543,3775.713,background
S01_U04.CH4.wav,3775.713,3793.822,foreground
S01_U04.CH4.wav,3793.822,3793.852,background
S01_U04.CH4.wav,3793.852,3793.872,foreground
S01_U04.CH4.wav,3793.872,3793.902,background
S01_U04.CH4.wav,3793.902,3794.213,foreground
S01_U04.CH4.wav,3794.213,3794.793,background
S01_U04.CH4.wav,3794.793,3808.152,foreground
S01_U04.CH4.wav,3808.152,3809.182,background
S01_U04.CH4.wav,3809.182,3809.193,foreground
S01_U04.CH4.wav,3809.193,3809.222,background
S01_U04.CH4.wav,3809.222,3810.242,foreground
S01_U04.CH4.wav,3810.242,3810.662,background
S01_U04.CH4.wav,3810.662,3875.142,foreground
S01_U04.CH4.wav,3875.142,3875.443,background
S01_U04.CH4.wav,3875.443,3876.552,foreground
S01_U04.CH4.wav,3876.552,3877.003,background
S01_U04.CH4.wav,3877.003,3877.552,foreground
S01_U04.CH4.wav,3877.552,3878.052,background
S01_U04.CH4.wav,3878.052,3878.112,foreground
S01_U04.CH4.wav,3878.112,3878.702,background
S01_U04.CH4.wav,3878.702,3882.443,foreground
S01_U04.CH4.wav,3882.443,3882.672,background
S01_U04.CH4.wav,3882.672,3882.862,foreground
S01_U04.CH4.wav,3882.862,3882.872,background
S01_U04.CH4.wav,3882.872,3884.273,foreground
S01_U04.CH4.wav,3884.273,3884.852,background
S01_U04.CH4.wav,3884.852,3907.662,foreground
S01_U04.CH4.wav,3907.662,3907.872,background
S01_U04.CH4.wav,3907.872,3907.882,foreground
S01_U04.CH4.wav,3907.882,3907.892,background
S01_U04.CH4.wav,3907.892,3907.983,foreground
S01_U04.CH4.wav,3907.983,3908.003,background
S01_U04.CH4.wav,3908.003,3908.012,foreground
S01_U04.CH4.wav,3908.012,3908.672,background
S01_U04.CH4.wav,3908.672,3936.052,foreground
S01_U04.CH4.wav,3936.052,3936.483,background
S01_U04.CH4.wav,3936.483,3946.352,foreground
S01_U04.CH4.wav,3946.352,3946.693,background
S01_U04.CH4.wav,3946.693,3968.392,foreground
S01_U04.CH4.wav,3968.392,3968.552,background
S01_U04.CH4.wav,3968.552,3977.182,foreground
S01_U04.CH4.wav,3977.182,3977.362,background
S01_U04.CH4.wav,3977.362,3997.923,foreground
S01_U04.CH4.wav,3997.923,3998.012,background
S01_U04.CH4.wav,3998.012,4015.622,foreground
S01_U04.CH4.wav,4015.622,4015.902,background
S01_U04.CH4.wav,4015.902,4016.023,foreground
S01_U04.CH4.wav,4016.023,4016.043,background
S01_U04.CH4.wav,4016.043,4033.132,foreground
S01_U04.CH4.wav,4033.132,4033.733,background
S01_U04.CH4.wav,4033.733,4038.972,foreground
S01_U04.CH4.wav,4038.972,4039.092,background
S01_U04.CH4.wav,4039.092,4054.722,foreground
S01_U04.CH4.wav,4054.722,4056.912,background
S01_U04.CH4.wav,4056.912,4057.943,foreground
S01_U04.CH4.wav,4057.943,4058.012,background
S01_U04.CH4.wav,4058.012,4058.812,foreground
S01_U04.CH4.wav,4058.812,4058.882,background
S01_U04.CH4.wav,4058.882,4060.182,foreground
S01_U04.CH4.wav,4060.182,4060.432,background
S01_U04.CH4.wav,4060.432,4063.062,foreground
S01_U04.CH4.wav,4063.062,4063.693,background
S01_U04.CH4.wav,4063.693,4063.932,foreground
S01_U04.CH4.wav,4063.932,4064.932,background
S01_U04.CH4.wav,4064.932,4066.082,foreground
S01_U04.CH4.wav,4066.082,4066.392,background
S01_U04.CH4.wav,4066.392,4069.012,foreground
S01_U04.CH4.wav,4069.012,4069.352,background
S01_U04.CH4.wav,4069.352,4078.882,foreground
S01_U04.CH4.wav,4078.882,4080.582,background
S01_U04.CH4.wav,4080.582,4100.443,foreground
S01_U04.CH4.wav,4100.443,4101.233,background
S01_U04.CH4.wav,4101.233,4111.912,foreground
S01_U04.CH4.wav,4111.912,4111.983,background
S01_U04.CH4.wav,4111.983,4112.023,foreground
S01_U04.CH4.wav,4112.023,4112.033,background
S01_U04.CH4.wav,4112.033,4116.182,foreground
S01_U04.CH4.wav,4116.182,4116.802,background
S01_U04.CH4.wav,4116.802,4117.392,foreground
S01_U04.CH4.wav,4117.392,4118.082,background
S01_U04.CH4.wav,4118.082,4153.392,foreground
S01_U04.CH4.wav,4153.392,4153.422,background
S01_U04.CH4.wav,4153.422,4153.552,foreground
S01_U04.CH4.wav,4153.552,4154.212,background
S01_U04.CH4.wav,4154.212,4169.842,foreground
S01_U04.CH4.wav,4169.842,4170.082,background
S01_U04.CH4.wav,4170.082,4195.033,foreground
S01_U04.CH4.wav,4195.033,4195.493,background
S01_U04.CH4.wav,4195.493,4198.832,foreground
S01_U04.CH4.wav,4198.832,4199.872,background
S01_U04.CH4.wav,4199.872,4202.943,foreground
S01_U04.CH4.wav,4202.943,4203.332,background
S01_U04.CH4.wav,4203.332,4251.582,foreground
S01_U04.CH4.wav,4251.582,4251.842,background
S01_U04.CH4.wav,4251.842,4260.972,foreground
S01_U04.CH4.wav,4260.972,4261.073,background
S01_U04.CH4.wav,4261.073,4286.592,foreground
S01_U04.CH4.wav,4286.592,4286.812,background
S01_U04.CH4.wav,4286.812,4286.832,foreground
S01_U04.CH4.wav,4286.832,4286.903,background
S01_U04.CH4.wav,4286.903,4289.533,foreground
S01_U04.CH4.wav,4289.533,4289.832,background
S01_U04.CH4.wav,4289.832,4297.483,foreground
S01_U04.CH4.wav,4297.483,4297.602,background
S01_U04.CH4.wav,4297.602,4297.703,foreground
S01_U04.CH4.wav,4297.703,4297.783,background
S01_U04.CH4.wav,4297.783,4297.922,foreground
S01_U04.CH4.wav,4297.922,4297.932,background
S01_U04.CH4.wav,4297.932,4297.953,foreground
S01_U04.CH4.wav,4297.953,4297.972,background
S01_U04.CH4.wav,4297.972,4298.302,foreground
S01_U04.CH4.wav,4298.302,4298.712,background
S01_U04.CH4.wav,4298.712,4301.592,foreground
S01_U04.CH4.wav,4301.592,4301.693,background
S01_U04.CH4.wav,4301.693,4307.172,foreground
S01_U04.CH4.wav,4307.172,4307.783,background
S01_U04.CH4.wav,4307.783,4314.382,foreground
S01_U04.CH4.wav,4314.382,4314.812,background
S01_U04.CH4.wav,4314.812,4330.372,foreground
S01_U04.CH4.wav,4330.372,4330.392,background
S01_U04.CH4.wav,4330.392,4341.542,foreground
S01_U04.CH4.wav,4341.542,4342.153,background
S01_U04.CH4.wav,4342.153,4354.562,foreground
S01_U04.CH4.wav,4354.562,4354.662,background
S01_U04.CH4.wav,4354.662,4366.602,foreground
S01_U04.CH4.wav,4366.602,4366.962,background
S01_U04.CH4.wav,4366.962,4370.342,foreground
S01_U04.CH4.wav,4370.342,4370.493,background
S01_U04.CH4.wav,4370.493,4371.002,foreground
S01_U04.CH4.wav,4371.002,4371.613,background
S01_U04.CH4.wav,4371.613,4374.552,foreground
S01_U04.CH4.wav,4374.552,4374.602,background
S01_U04.CH4.wav,4374.602,4374.703,foreground
S01_U04.CH4.wav,4374.703,4374.823,background
S01_U04.CH4.wav,4374.823,4389.052,foreground
S01_U04.CH4.wav,4389.052,4389.193,background
S01_U04.CH4.wav,4389.193,4400.523,foreground
S01_U04.CH4.wav,4400.523,4400.752,background
S01_U04.CH4.wav,4400.752,4406.682,foreground
S01_U04.CH4.wav,4406.682,4408.033,background
S01_U04.CH4.wav,4408.033,4411.722,foreground
S01_U04.CH4.wav,4411.722,4411.743,background
S01_U04.CH4.wav,4411.743,4411.752,foreground
S01_U04.CH4.wav,4411.752,4411.762,background
S01_U04.CH4.wav,4411.762,4419.042,foreground
S01_U04.CH4.wav,4419.042,4419.502,background
S01_U04.CH4.wav,4419.502,4436.243,foreground
S01_U04.CH4.wav,4436.243,4438.182,background
S01_U04.CH4.wav,4438.182,4439.852,foreground
S01_U04.CH4.wav,4439.852,4439.863,background
S01_U04.CH4.wav,4439.863,4439.882,foreground
S01_U04.CH4.wav,4439.882,4439.932,background
S01_U04.CH4.wav,4439.932,4441.323,foreground
S01_U04.CH4.wav,4441.323,4442.953,background
S01_U04.CH4.wav,4442.953,4462.592,foreground
S01_U04.CH4.wav,4462.592,4462.632,background
S01_U04.CH4.wav,4462.632,4462.733,foreground
S01_U04.CH4.wav,4462.733,4463.302,background
S01_U04.CH4.wav,4463.302,4467.243,foreground
S01_U04.CH4.wav,4467.243,4467.432,background
S01_U04.CH4.wav,4467.432,4472.542,foreground
S01_U04.CH4.wav,4472.542,4472.672,background
S01_U04.CH4.wav,4472.672,4486.523,foreground
S01_U04.CH4.wav,4486.523,4486.582,background
S01_U04.CH4.wav,4486.582,4540.212,foreground
S01_U04.CH4.wav,4540.212,4540.262,background
S01_U04.CH4.wav,4540.262,4567.082,foreground
S01_U04.CH4.wav,4567.082,4567.092,background
S01_U04.CH4.wav,4567.092,4567.332,foreground
S01_U04.CH4.wav,4567.332,4568.142,background
S01_U04.CH4.wav,4568.142,4575.552,foreground
S01_U04.CH4.wav,4575.552,4575.762,background
S01_U04.CH4.wav,4575.762,4575.922,foreground
S01_U04.CH4.wav,4575.922,4576.073,background
S01_U04.CH4.wav,4576.073,4578.033,foreground
S01_U04.CH4.wav,4578.033,4578.762,background
S01_U04.CH4.wav,4578.762,4580.403,foreground
S01_U04.CH4.wav,4580.403,4581.752,background
S01_U04.CH4.wav,4581.752,4584.002,foreground
S01_U04.CH4.wav,4584.002,4584.422,background
S01_U04.CH4.wav,4584.422,4590.832,foreground
S01_U04.CH4.wav,4590.832,4591.062,background
S01_U04.CH4.wav,4591.062,4607.913,foreground
S01_U04.CH4.wav,4607.913,4607.953,background
S01_U04.CH4.wav,4607.953,4613.493,foreground
S01_U04.CH4.wav,4613.493,4613.552,background
S01_U04.CH4.wav,4613.552,4613.562,foreground
S01_U04.CH4.wav,4613.562,4614.073,background
S01_U04.CH4.wav,4614.073,4632.703,foreground
S01_U04.CH4.wav,4632.703,4632.752,background
S01_U04.CH4.wav,4632.752,4633.363,foreground
S01_U04.CH4.wav,4633.363,4634.222,background
S01_U04.CH4.wav,4634.222,4634.802,foreground
S01_U04.CH4.wav,4634.802,4634.852,background
S01_U04.CH4.wav,4634.852,4665.323,foreground
S01_U04.CH4.wav,4665.323,4665.672,background
S01_U04.CH4.wav,4665.672,4678.712,foreground
S01_U04.CH4.wav,4678.712,4678.922,background
S01_U04.CH4.wav,4678.922,4678.943,foreground
S01_U04.CH4.wav,4678.943,4678.953,background
S01_U04.CH4.wav,4678.953,4685.582,foreground
S01_U04.CH4.wav,4685.582,4686.372,background
S01_U04.CH4.wav,4686.372,4687.193,foreground
S01_U04.CH4.wav,4687.193,4687.203,background
S01_U04.CH4.wav,4687.203,4687.212,foreground
S01_U04.CH4.wav,4687.212,4687.283,background
S01_U04.CH4.wav,4687.283,4687.292,foreground
S01_U04.CH4.wav,4687.292,4687.302,background
S01_U04.CH4.wav,4687.302,4687.462,foreground
S01_U04.CH4.wav,4687.462,4687.743,background
S01_U04.CH4.wav,4687.743,4707.443,foreground
S01_U04.CH4.wav,4707.443,4707.802,background
S01_U04.CH4.wav,4707.802,4708.672,foreground
S01_U04.CH4.wav,4708.672,4709.062,background
S01_U04.CH4.wav,4709.062,4709.632,foreground
S01_U04.CH4.wav,4709.632,4710.922,background
S01_U04.CH4.wav,4710.922,4711.312,foreground
S01_U04.CH4.wav,4711.312,4712.962,background
S01_U04.CH4.wav,4712.962,4714.922,foreground
S01_U04.CH4.wav,4714.922,4715.042,background
S01_U04.CH4.wav,4715.042,4715.743,foreground
S01_U04.CH4.wav,4715.743,4715.802,background
S01_U04.CH4.wav,4715.802,4715.812,foreground
S01_U04.CH4.wav,4715.812,4715.842,background
S01_U04.CH4.wav,4715.842,4715.872,foreground
S01_U04.CH4.wav,4715.872,4715.882,background
S01_U04.CH4.wav,4715.882,4715.892,foreground
S01_U04.CH4.wav,4715.892,4715.903,background
S01_U04.CH4.wav,4715.903,4718.323,foreground
S01_U04.CH4.wav,4718.323,4725.792,background
S01_U04.CH4.wav,4725.792,4738.132,foreground
S01_U04.CH4.wav,4738.132,4738.602,background
S01_U04.CH4.wav,4738.602,4750.472,foreground
S01_U04.CH4.wav,4750.472,4750.922,background
S01_U04.CH4.wav,4750.922,4752.212,foreground
S01_U04.CH4.wav,4752.212,4752.602,background
S01_U04.CH4.wav,4752.602,4753.203,foreground
S01_U04.CH4.wav,4753.203,4753.613,background
S01_U04.CH4.wav,4753.613,4754.062,foreground
S01_U04.CH4.wav,4754.062,4754.832,background
S01_U04.CH4.wav,4754.832,4754.872,foreground
S01_U04.CH4.wav,4754.872,4754.922,background
S01_U04.CH4.wav,4754.922,4755.002,foreground
S01_U04.CH4.wav,4755.002,4755.052,background
S01_U04.CH4.wav,4755.052,4755.092,foreground
S01_U04.CH4.wav,4755.092,4755.382,background
S01_U04.CH4.wav,4755.382,4755.872,foreground
S01_U04.CH4.wav,4755.872,4756.002,background
S01_U04.CH4.wav,4756.002,4757.422,foreground
S01_U04.CH4.wav,4757.422,4757.932,background
S01_U04.CH4.wav,4757.932,4758.642,foreground
S01_U04.CH4.wav,4758.642,4759.312,background
S01_U04.CH4.wav,4759.312,4759.852,foreground
S01_U04.CH4.wav,4759.852,4760.493,background
S01_U04.CH4.wav,4760.493,4760.582,foreground
S01_U04.CH4.wav,4760.582,4760.592,background
S01_U04.CH4.wav,4760.592,4760.773,foreground
S01_U04.CH4.wav,4760.773,4762.382,background
S01_U04.CH4.wav,4762.382,4762.733,foreground
S01_U04.CH4.wav,4762.733,4762.783,background
S01_U04.CH4.wav,4762.783,4762.792,foreground
S01_U04.CH4.wav,4762.792,4762.802,background
S01_U04.CH4.wav,4762.802,4763.033,foreground
S01_U04.CH4.wav,4763.033,4763.172,background
S01_U04.CH4.wav,4763.172,4765.132,foreground
S01_U04.CH4.wav,4765.132,4765.863,background
S01_U04.CH4.wav,4765.863,4765.983,foreground
S01_U04.CH4.wav,4765.983,4766.102,background
S01_U04.CH4.wav,4766.102,4766.292,foreground
S01_U04.CH4.wav,4766.292,4766.302,background
S01_U04.CH4.wav,4766.302,4766.312,foreground
S01_U04.CH4.wav,4766.312,4767.002,background
S01_U04.CH4.wav,4767.002,4768.462,foreground
S01_U04.CH4.wav,4768.462,4768.882,background
S01_U04.CH4.wav,4768.882,4774.542,foreground
S01_U04.CH4.wav,4774.542,4774.712,background
S01_U04.CH4.wav,4774.712,4777.132,foreground
S01_U04.CH4.wav,4777.132,4777.872,background
S01_U04.CH4.wav,4777.872,4883.802,foreground
S01_U04.CH4.wav,4883.802,4884.233,background
S01_U04.CH4.wav,4884.233,4920.552,foreground
S01_U04.CH4.wav,4920.552,4920.993,background
S01_U04.CH4.wav,4920.993,4921.273,foreground
S01_U04.CH4.wav,4921.273,4921.932,background
S01_U04.CH4.wav,4921.932,4924.943,foreground
S01_U04.CH4.wav,4924.943,4925.403,background
S01_U04.CH4.wav,4925.403,4925.752,foreground
S01_U04.CH4.wav,4925.752,4926.432,background
S01_U04.CH4.wav,4926.432,4950.993,foreground
S01_U04.CH4.wav,4950.993,4951.252,background
S01_U04.CH4.wav,4951.252,4952.953,foreground
S01_U04.CH4.wav,4952.953,4953.122,background
S01_U04.CH4.wav,4953.122,4953.682,foreground
S01_U04.CH4.wav,4953.682,4954.252,background
S01_U04.CH4.wav,4954.252,4954.903,foreground
S01_U04.CH4.wav,4954.903,4955.233,background
S01_U04.CH4.wav,4955.233,4955.292,foreground
S01_U04.CH4.wav,4955.292,4955.302,background
S01_U04.CH4.wav,4955.302,4955.403,foreground
S01_U04.CH4.wav,4955.403,4955.483,background
S01_U04.CH4.wav,4955.483,4969.323,foreground
S01_U04.CH4.wav,4969.323,4969.733,background
S01_U04.CH4.wav,4969.733,4978.872,foreground
S01_U04.CH4.wav,4978.872,4979.663,background
S01_U04.CH4.wav,4979.663,4983.363,foreground
S01_U04.CH4.wav,4983.363,4985.073,background
S01_U04.CH4.wav,4985.073,4991.222,foreground
S01_U04.CH4.wav,4991.222,4992.122,background
S01_U04.CH4.wav,4992.122,4992.243,foreground
S01_U04.CH4.wav,4992.243,4992.342,background
S01_U04.CH4.wav,4992.342,4992.573,foreground
S01_U04.CH4.wav,4992.573,4992.802,background
S01_U04.CH4.wav,4992.802,4992.852,foreground
S01_U04.CH4.wav,4992.852,4993.203,background
S01_U04.CH4.wav,4993.203,4993.243,foreground
S01_U04.CH4.wav,4993.243,4993.443,background
S01_U04.CH4.wav,4993.443,5036.783,foreground
S01_U04.CH4.wav,5036.783,5037.422,background
S01_U04.CH4.wav,5037.422,5070.483,foreground
S01_U04.CH4.wav,5070.483,5071.533,background
S01_U04.CH4.wav,5071.533,5072.523,foreground
S01_U04.CH4.wav,5072.523,5072.573,background
S01_U04.CH4.wav,5072.573,5072.613,foreground
S01_U04.CH4.wav,5072.613,5072.663,background
S01_U04.CH4.wav,5072.663,5072.693,foreground
S01_U04.CH4.wav,5072.693,5073.113,background
S01_U04.CH4.wav,5073.113,5073.682,foreground
S01_U04.CH4.wav,5073.682,5074.512,background
S01_U04.CH4.wav,5074.512,5075.832,foreground
S01_U04.CH4.wav,5075.832,5075.953,background
S01_U04.CH4.wav,5075.953,5075.993,foreground
S01_U04.CH4.wav,5075.993,5076.632,background
S01_U04.CH4.wav,5076.632,5083.743,foreground
S01_U04.CH4.wav,5083.743,5083.852,background
S01_U04.CH4.wav,5083.852,5083.913,foreground
S01_U04.CH4.wav,5083.913,5083.993,background
S01_U04.CH4.wav,5083.993,5084.023,foreground
S01_U04.CH4.wav,5084.023,5084.073,background
S01_U04.CH4.wav,5084.073,5094.832,foreground
S01_U04.CH4.wav,5094.832,5095.502,background
S01_U04.CH4.wav,5095.502,5096.372,foreground
S01_U04.CH4.wav,5096.372,5096.613,background
S01_U04.CH4.wav,5096.613,5116.823,foreground
S01_U04.CH4.wav,5116.823,5116.852,background
S01_U04.CH4.wav,5116.852,5116.882,foreground
S01_U04.CH4.wav,5116.882,5117.073,background
S01_U04.CH4.wav,5117.073,5195.972,foreground
S01_U04.CH4.wav,5195.972,5196.002,background
S01_U04.CH4.wav,5196.002,5196.012,foreground
S01_U04.CH4.wav,5196.012,5196.023,background
S01_U04.CH4.wav,5196.023,5196.062,foreground
S01_U04.CH4.wav,5196.062,5196.082,background
S01_U04.CH4.wav,5196.082,5235.382,foreground
S01_U04.CH4.wav,5235.382,5235.453,background
S01_U04.CH4.wav,5235.453,5235.582,foreground
S01_U04.CH4.wav,5235.582,5235.602,background
S01_U04.CH4.wav,5235.602,5241.663,foreground
S01_U04.CH4.wav,5241.663,5241.682,background
S01_U04.CH4.wav,5241.682,5251.163,foreground
S01_U04.CH4.wav,5251.163,5251.342,background
S01_U04.CH4.wav,5251.342,5255.102,foreground
S01_U04.CH4.wav,5255.102,5255.413,background
S01_U04.CH4.wav,5255.413,5280.512,foreground
S01_U04.CH4.wav,5280.512,5280.993,background
S01_U04.CH4.wav,5280.993,5311.802,foreground
S01_U04.CH4.wav,5311.802,5312.122,background
S01_U04.CH4.wav,5312.122,5363.632,foreground
S01_U04.CH4.wav,5363.632,5363.962,background
S01_U04.CH4.wav,5363.962,5407.122,foreground
S01_U04.CH4.wav,5407.122,5407.403,background
S01_U04.CH4.wav,5407.403,5407.413,foreground
S01_U04.CH4.wav,5407.413,5407.422,background
S01_U04.CH4.wav,5407.422,5407.453,foreground
S01_U04.CH4.wav,5407.453,5407.533,background
S01_U04.CH4.wav,5407.533,5411.292,foreground
S01_U04.CH4.wav,5411.292,5411.392,background
S01_U04.CH4.wav,5411.392,5502.092,foreground
S01_U04.CH4.wav,5502.092,5502.262,background
S01_U04.CH4.wav,5502.262,5502.462,foreground
S01_U04.CH4.wav,5502.462,5502.672,background
S01_U04.CH4.wav,5502.672,5502.682,foreground
S01_U04.CH4.wav,5502.682,5503.092,background
S01_U04.CH4.wav,5503.092,5512.142,foreground
S01_U04.CH4.wav,5512.142,5512.243,background
S01_U04.CH4.wav,5512.243,5512.372,foreground
S01_U04.CH4.wav,5512.372,5512.533,background
S01_U04.CH4.wav,5512.533,5614.752,foreground
S01_U04.CH4.wav,5614.752,5614.993,background
S01_U04.CH4.wav,5614.993,5642.122,foreground
S01_U04.CH4.wav,5642.122,5642.483,background
S01_U04.CH4.wav,5642.483,5664.062,foreground
S01_U04.CH4.wav,5664.062,5664.493,background
S01_U04.CH4.wav,5664.493,5665.672,foreground
S01_U04.CH4.wav,5665.672,5666.363,background
S01_U04.CH4.wav,5666.363,5667.082,foreground
S01_U04.CH4.wav,5667.082,5668.283,background
S01_U04.CH4.wav,5668.283,5669.193,foreground
S01_U04.CH4.wav,5669.193,5669.392,background
S01_U04.CH4.wav,5669.392,5670.842,foreground
S01_U04.CH4.wav,5670.842,5671.153,background
S01_U04.CH4.wav,5671.153,5673.993,foreground
S01_U04.CH4.wav,5673.993,5674.432,background
S01_U04.CH4.wav,5674.432,5676.602,foreground
S01_U04.CH4.wav,5676.602,5677.142,background
S01_U04.CH4.wav,5677.142,5677.512,foreground
S01_U04.CH4.wav,5677.512,5677.792,background
S01_U04.CH4.wav,5677.792,5681.502,foreground
S01_U04.CH4.wav,5681.502,5681.613,background
S01_U04.CH4.wav,5681.613,5726.762,foreground
S01_U04.CH4.wav,5726.762,5727.042,background
S01_U04.CH4.wav,5727.042,5729.142,foreground
S01_U04.CH4.wav,5729.142,5729.632,background
S01_U04.CH4.wav,5729.632,5750.552,foreground
S01_U04.CH4.wav,5750.552,5750.613,background
S01_U04.CH4.wav,5750.613,5760.292,foreground
S01_U04.CH4.wav,5760.292,5760.602,background
S01_U04.CH4.wav,5760.602,5762.582,foreground
S01_U04.CH4.wav,5762.582,5762.983,background
S01_U04.CH4.wav,5762.983,5764.012,foreground
S01_U04.CH4.wav,5764.012,5765.592,background
S01_U04.CH4.wav,5765.592,5766.642,foreground
S01_U04.CH4.wav,5766.642,5766.672,background
S01_U04.CH4.wav,5766.672,5766.682,foreground
S01_U04.CH4.wav,5766.682,5766.842,background
S01_U04.CH4.wav,5766.842,5767.052,foreground
S01_U04.CH4.wav,5767.052,5768.142,background
S01_U04.CH4.wav,5768.142,5769.392,foreground
S01_U04.CH4.wav,5769.392,5769.922,background
S01_U04.CH4.wav,5769.922,5770.403,foreground
S01_U04.CH4.wav,5770.403,5770.773,background
S01_U04.CH4.wav,5770.773,5773.762,foreground
S01_U04.CH4.wav,5773.762,5774.432,background
S01_U04.CH4.wav,5774.432,5778.212,foreground
S01_U04.CH4.wav,5778.212,5778.653,background
S01_U04.CH4.wav,5778.653,5779.632,foreground
S01_U04.CH4.wav,5779.632,5779.693,background
S01_U04.CH4.wav,5779.693,5781.762,foreground
S01_U04.CH4.wav,5781.762,5782.092,background
S01_U04.CH4.wav,5782.092,5782.622,foreground
S01_U04.CH4.wav,5782.622,5783.203,background
S01_U04.CH4.wav,5783.203,5783.302,foreground
S01_U04.CH4.wav,5783.302,5783.312,background
S01_U04.CH4.wav,5783.312,5783.323,foreground
S01_U04.CH4.wav,5783.323,5783.413,background
S01_U04.CH4.wav,5783.413,5784.403,foreground
S01_U04.CH4.wav,5784.403,5784.632,background
S01_U04.CH4.wav,5784.632,5787.033,foreground
S01_U04.CH4.wav,5787.033,5787.462,background
S01_U04.CH4.wav,5787.462,5789.703,foreground
S01_U04.CH4.wav,5789.703,5790.512,background
S01_U04.CH4.wav,5790.512,5799.523,foreground
S01_U04.CH4.wav,5799.523,5799.882,background
S01_U04.CH4.wav,5799.882,5800.252,foreground
S01_U04.CH4.wav,5800.252,5800.672,background
S01_U04.CH4.wav,5800.672,5800.682,foreground
S01_U04.CH4.wav,5800.682,5800.712,background
S01_U04.CH4.wav,5800.712,5802.502,foreground
S01_U04.CH4.wav,5802.502,5802.762,background
S01_U04.CH4.wav,5802.762,5805.082,foreground
S01_U04.CH4.wav,5805.082,5805.222,background
S01_U04.CH4.wav,5805.222,5806.113,foreground
S01_U04.CH4.wav,5806.113,5806.422,background
S01_U04.CH4.wav,5806.422,5806.432,foreground
S01_U04.CH4.wav,5806.432,5806.502,background
S01_U04.CH4.wav,5806.502,5806.993,foreground
S01_U04.CH4.wav,5806.993,5807.122,background
S01_U04.CH4.wav,5807.122,5810.722,foreground
S01_U04.CH4.wav,5810.722,5810.773,background
S01_U04.CH4.wav,5810.773,5811.062,foreground
S01_U04.CH4.wav,5811.062,5811.092,background
S01_U04.CH4.wav,5811.092,5811.142,foreground
S01_U04.CH4.wav,5811.142,5811.222,background
S01_U04.CH4.wav,5811.222,5811.422,foreground
S01_U04.CH4.wav,5811.422,5811.453,background
S01_U04.CH4.wav,5811.453,5811.462,foreground
S01_U04.CH4.wav,5811.462,5811.483,background
S01_U04.CH4.wav,5811.483,5812.193,foreground
S01_U04.CH4.wav,5812.193,5813.562,background
S01_U04.CH4.wav,5813.562,5815.892,foreground
S01_U04.CH4.wav,5815.892,5816.582,background
S01_U04.CH4.wav,5816.582,5819.062,foreground
S01_U04.CH4.wav,5819.062,5819.903,background
S01_U04.CH4.wav,5819.903,5820.852,foreground
S01_U04.CH4.wav,5820.852,5821.233,background
S01_U04.CH4.wav,5821.233,5821.292,foreground
S01_U04.CH4.wav,5821.292,5821.332,background
S01_U04.CH4.wav,5821.332,5821.462,foreground
S01_U04.CH4.wav,5821.462,5822.172,background
S01_U04.CH4.wav,5822.172,5824.352,foreground
S01_U04.CH4.wav,5824.352,5824.413,background
S01_U04.CH4.wav,5824.413,5826.172,foreground
S01_U04.CH4.wav,5826.172,5826.812,background
S01_U04.CH4.wav,5826.812,5828.012,foreground
S01_U04.CH4.wav,5828.012,5828.432,background
S01_U04.CH4.wav,5828.432,5833.122,foreground
S01_U04.CH4.wav,5833.122,5833.233,background
S01_U04.CH4.wav,5833.233,5833.552,foreground
S01_U04.CH4.wav,5833.552,5833.972,background
S01_U04.CH4.wav,5833.972,5836.252,foreground
S01_U04.CH4.wav,5836.252,5837.493,background
S01_U04.CH4.wav,5837.493,5838.262,foreground
S01_U04.CH4.wav,5838.262,5838.703,background
S01_U04.CH4.wav,5838.703,5839.602,foreground
S01_U04.CH4.wav,5839.602,5840.993,background
S01_U04.CH4.wav,5840.993,5841.002,foreground
S01_U04.CH4.wav,5841.002,5842.602,background
S01_U04.CH4.wav,5842.602,5845.273,foreground
S01_U04.CH4.wav,5845.273,5845.363,background
S01_U04.CH4.wav,5845.363,5846.663,foreground
S01_U04.CH4.wav,5846.663,5847.203,background
S01_U04.CH4.wav,5847.203,5847.882,foreground
S01_U04.CH4.wav,5847.882,5848.002,background
S01_U04.CH4.wav,5848.002,5848.082,foreground
S01_U04.CH4.wav,5848.082,5848.092,background
S01_U04.CH4.wav,5848.092,5848.122,foreground
S01_U04.CH4.wav,5848.122,5848.273,background
S01_U04.CH4.wav,5848.273,5849.392,foreground
S01_U04.CH4.wav,5849.392,5849.752,background
S01_U04.CH4.wav,5849.752,5854.453,foreground
S01_U04.CH4.wav,5854.453,5854.672,background
S01_U04.CH4.wav,5854.672,5857.233,foreground
S01_U04.CH4.wav,5857.233,5857.672,background
S01_U04.CH4.wav,5857.672,5860.372,foreground
S01_U04.CH4.wav,5860.372,5860.672,background
S01_U04.CH4.wav,5860.672,5861.283,foreground
S01_U04.CH4.wav,5861.283,5862.092,background
S01_U04.CH4.wav,5862.092,5869.502,foreground
S01_U04.CH4.wav,5869.502,5869.983,background
S01_U04.CH4.wav,5869.983,5870.903,foreground
S01_U04.CH4.wav,5870.903,5871.002,background
S01_U04.CH4.wav,5871.002,5871.252,foreground
S01_U04.CH4.wav,5871.252,5871.943,background
S01_U04.CH4.wav,5871.943,5876.142,foreground
S01_U04.CH4.wav,5876.142,5876.582,background
S01_U04.CH4.wav,5876.582,5880.922,foreground
S01_U04.CH4.wav,5880.922,5881.472,background
S01_U04.CH4.wav,5881.472,5883.172,foreground
S01_U04.CH4.wav,5883.172,5883.193,background
S01_U04.CH4.wav,5883.193,5887.443,foreground
S01_U04.CH4.wav,5887.443,5887.882,background
S01_U04.CH4.wav,5887.882,5890.142,foreground
S01_U04.CH4.wav,5890.142,5891.802,background
S01_U04.CH4.wav,5891.802,5892.042,foreground
S01_U04.CH4.wav,5892.042,5892.172,background
S01_U04.CH4.wav,5892.172,5892.203,foreground
S01_U04.CH4.wav,5892.203,5894.642,background
S01_U04.CH4.wav,5894.642,5894.953,foreground
S01_U04.CH4.wav,5894.953,5895.733,background
S01_U04.CH4.wav,5895.733,5896.033,foreground
S01_U04.CH4.wav,5896.033,5896.062,background
S01_U04.CH4.wav,5896.062,5896.153,foreground
S01_U04.CH4.wav,5896.153,5896.163,background
S01_U04.CH4.wav,5896.163,5896.172,foreground
S01_U04.CH4.wav,5896.172,5896.493,background
S01_U04.CH4.wav,5896.493,5898.752,foreground
S01_U04.CH4.wav,5898.752,5899.222,background
S01_U04.CH4.wav,5899.222,5902.962,foreground
S01_U04.CH4.wav,5902.962,5903.012,background
S01_U04.CH4.wav,5903.012,5903.033,foreground
S01_U04.CH4.wav,5903.033,5903.122,background
S01_U04.CH4.wav,5903.122,5904.403,foreground
S01_U04.CH4.wav,5904.403,5904.743,background
S01_U04.CH4.wav,5904.743,5906.872,foreground
S01_U04.CH4.wav,5906.872,5907.193,background
S01_U04.CH4.wav,5907.193,5908.132,foreground
S01_U04.CH4.wav,5908.132,5908.292,background
S01_U04.CH4.wav,5908.292,5911.932,foreground
S01_U04.CH4.wav,5911.932,5912.172,background
S01_U04.CH4.wav,5912.172,5912.252,foreground
S01_U04.CH4.wav,5912.252,5913.243,background
S01_U04.CH4.wav,5913.243,5913.262,foreground
S01_U04.CH4.wav,5913.262,5915.832,background
S01_U04.CH4.wav,5915.832,5918.413,foreground
S01_U04.CH4.wav,5918.413,5918.653,background
S01_U04.CH4.wav,5918.653,5918.783,foreground
S01_U04.CH4.wav,5918.783,5918.842,background
S01_U04.CH4.wav,5918.842,5919.752,foreground
S01_U04.CH4.wav,5919.752,5920.592,background
S01_U04.CH4.wav,5920.592,5920.823,foreground
S01_U04.CH4.wav,5920.823,5921.273,background
S01_U04.CH4.wav,5921.273,5929.062,foreground
S01_U04.CH4.wav,5929.062,5929.672,background
S01_U04.CH4.wav,5929.672,5930.413,foreground
S01_U04.CH4.wav,5930.413,5930.672,background
S01_U04.CH4.wav,5930.672,5930.762,foreground
S01_U04.CH4.wav,5930.762,5930.832,background
S01_U04.CH4.wav,5930.832,5930.852,foreground
S01_U04.CH4.wav,5930.852,5930.863,background
S01_U04.CH4.wav,5930.863,5933.613,foreground
S01_U04.CH4.wav,5933.613,5934.122,background
S01_U04.CH4.wav,5934.122,5935.252,foreground
S01_U04.CH4.wav,5935.252,5935.422,background
S01_U04.CH4.wav,5935.422,5936.743,foreground
S01_U04.CH4.wav,5936.743,5937.012,background
S01_U04.CH4.wav,5937.012,5938.312,foreground
S01_U04.CH4.wav,5938.312,5938.812,background
S01_U04.CH4.wav,5938.812,5939.903,foreground
S01_U04.CH4.wav,5939.903,5940.342,background
S01_U04.CH4.wav,5940.342,5941.863,foreground
S01_U04.CH4.wav,5941.863,5942.653,background
S01_U04.CH4.wav,5942.653,5942.872,foreground
S01_U04.CH4.wav,5942.872,5943.062,background
S01_U04.CH4.wav,5943.062,5944.243,foreground
S01_U04.CH4.wav,5944.243,5944.252,background
S01_U04.CH4.wav,5944.252,5944.273,foreground
S01_U04.CH4.wav,5944.273,5944.392,background
S01_U04.CH4.wav,5944.392,5946.372,foreground
S01_U04.CH4.wav,5946.372,5946.382,background
S01_U04.CH4.wav,5946.382,5946.413,foreground
S01_U04.CH4.wav,5946.413,5946.453,background
S01_U04.CH4.wav,5946.453,5946.502,foreground
S01_U04.CH4.wav,5946.502,5946.533,background
S01_U04.CH4.wav,5946.533,5948.903,foreground
S01_U04.CH4.wav,5948.903,5950.613,background
S01_U04.CH4.wav,5950.613,5951.252,foreground
S01_U04.CH4.wav,5951.252,5953.483,background
S01_U04.CH4.wav,5953.483,5954.062,foreground
S01_U04.CH4.wav,5954.062,5957.283,background
S01_U04.CH4.wav,5957.283,5957.323,foreground
S01_U04.CH4.wav,5957.323,5957.332,background
S01_U04.CH4.wav,5957.332,5959.092,foreground
S01_U04.CH4.wav,5959.092,5960.033,background
S01_U04.CH4.wav,5960.033,5960.832,foreground
S01_U04.CH4.wav,5960.832,5961.372,background
S01_U04.CH4.wav,5961.372,5964.613,foreground
S01_U04.CH4.wav,5964.613,5965.023,background
S01_U04.CH4.wav,5965.023,5968.122,foreground
S01_U04.CH4.wav,5968.122,5968.323,background
S01_U04.CH4.wav,5968.323,5969.802,foreground
S01_U04.CH4.wav,5969.802,5970.842,background
S01_U04.CH4.wav,5970.842,5971.283,foreground
S01_U04.CH4.wav,5971.283,5971.332,background
S01_U04.CH4.wav,5971.332,5971.342,foreground
S01_U04.CH4.wav,5971.342,5971.812,background
S01_U04.CH4.wav,5971.812,5971.842,foreground
S01_U04.CH4.wav,5971.842,5971.863,background
S01_U04.CH4.wav,5971.863,5971.872,foreground
S01_U04.CH4.wav,5971.872,5971.892,background
S01_U04.CH4.wav,5971.892,5971.903,foreground
S01_U04.CH4.wav,5971.903,5972.212,background
S01_U04.CH4.wav,5972.212,5972.323,foreground
S01_U04.CH4.wav,5972.323,5972.342,background
S01_U04.CH4.wav,5972.342,5972.372,foreground
S01_U04.CH4.wav,5972.372,5972.892,background
S01_U04.CH4.wav,5972.892,5973.132,foreground
S01_U04.CH4.wav,5973.132,5973.462,background
S01_U04.CH4.wav,5973.462,5974.092,foreground
S01_U04.CH4.wav,5974.092,5974.642,background
S01_U04.CH4.wav,5974.642,5975.172,foreground
S01_U04.CH4.wav,5975.172,5976.073,background
S01_U04.CH4.wav,5976.073,5976.453,foreground
S01_U04.CH4.wav,5976.453,5976.462,background
S01_U04.CH4.wav,5976.462,5976.502,foreground
S01_U04.CH4.wav,5976.502,5978.312,background
S01_U04.CH4.wav,5978.312,5978.552,foreground
S01_U04.CH4.wav,5978.552,5980.632,background
S01_U04.CH4.wav,5980.632,5981.413,foreground
S01_U04.CH4.wav,5981.413,5981.663,background
S01_U04.CH4.wav,5981.663,5983.023,foreground
S01_U04.CH4.wav,5983.023,5984.062,background
S01_U04.CH4.wav,5984.062,5985.472,foreground
S01_U04.CH4.wav,5985.472,5985.502,background
S01_U04.CH4.wav,5985.502,5986.983,foreground
S01_U04.CH4.wav,5986.983,5987.012,background
S01_U04.CH4.wav,5987.012,5987.042,foreground
S01_U04.CH4.wav,5987.042,5987.052,background
S01_U04.CH4.wav,5987.052,5987.212,foreground
S01_U04.CH4.wav,5987.212,5987.382,background
S01_U04.CH4.wav,5987.382,5988.792,foreground
S01_U04.CH4.wav,5988.792,5990.582,background
S01_U04.CH4.wav,5990.582,5990.703,foreground
S01_U04.CH4.wav,5990.703,5990.722,background
S01_U04.CH4.wav,5990.722,5990.752,foreground
S01_U04.CH4.wav,5990.752,5991.432,background
S01_U04.CH4.wav,5991.432,5991.722,foreground
S01_U04.CH4.wav,5991.722,5992.312,background
S01_U04.CH4.wav,5992.312,5993.733,foreground
S01_U04.CH4.wav,5993.733,5995.122,background
S01_U04.CH4.wav,5995.122,5995.172,foreground
S01_U04.CH4.wav,5995.172,5995.453,background
S01_U04.CH4.wav,5995.453,5996.023,foreground
S01_U04.CH4.wav,5996.023,5996.632,background
S01_U04.CH4.wav,5996.632,5996.792,foreground
S01_U04.CH4.wav,5996.792,5998.142,background
S01_U04.CH4.wav,5998.142,5998.512,foreground
S01_U04.CH4.wav,5998.512,6000.642,background
S01_U04.CH4.wav,6000.642,6001.533,foreground
S01_U04.CH4.wav,6001.533,6002.092,background
S01_U04.CH4.wav,6002.092,6002.132,foreground
S01_U04.CH4.wav,6002.132,6002.142,background
S01_U04.CH4.wav,6002.142,6002.332,foreground
S01_U04.CH4.wav,6002.332,6004.113,background
S01_U04.CH4.wav,6004.113,6005.033,foreground
S01_U04.CH4.wav,6005.033,6005.542,background
S01_U04.CH4.wav,6005.542,6005.582,foreground
S01_U04.CH4.wav,6005.582,6007.312,background
S01_U04.CH4.wav,6007.312,6007.483,foreground
S01_U04.CH4.wav,6007.483,6008.082,background
S01_U04.CH4.wav,6008.082,6008.142,foreground
S01_U04.CH4.wav,6008.142,6008.153,background
S01_U04.CH4.wav,6008.153,6008.892,foreground
S01_U04.CH4.wav,6008.892,6009.972,background
S01_U04.CH4.wav,6009.972,6010.693,foreground
S01_U04.CH4.wav,6010.693,6010.703,background
S01_U04.CH4.wav,6010.703,6010.743,foreground
S01_U04.CH4.wav,6010.743,6010.762,background
S01_U04.CH4.wav,6010.762,6010.863,foreground
S01_U04.CH4.wav,6010.863,6011.172,background
S01_U04.CH4.wav,6011.172,6011.663,foreground
S01_U04.CH4.wav,6011.663,6012.062,background
S01_U04.CH4.wav,6012.062,6012.882,foreground
S01_U04.CH4.wav,6012.882,6013.413,background
S01_U04.CH4.wav,6013.413,6013.682,foreground
S01_U04.CH4.wav,6013.682,6014.712,background
S01_U04.CH4.wav,6014.712,6015.663,foreground
S01_U04.CH4.wav,6015.663,6015.842,background
S01_U04.CH4.wav,6015.842,6015.852,foreground
S01_U04.CH4.wav,6015.852,6015.903,background
S01_U04.CH4.wav,6015.903,6015.943,foreground
S01_U04.CH4.wav,6015.943,6015.953,background
S01_U04.CH4.wav,6015.953,6015.962,foreground
S01_U04.CH4.wav,6015.962,6016.802,background
S01_U04.CH4.wav,6016.802,6018.172,foreground
S01_U04.CH4.wav,6018.172,6018.332,background
S01_U04.CH4.wav,6018.332,6018.733,foreground
S01_U04.CH4.wav,6018.733,6019.472,background
S01_U04.CH4.wav,6019.472,6019.533,foreground
S01_U04.CH4.wav,6019.533,6019.573,background
S01_U04.CH4.wav,6019.573,6021.582,foreground
S01_U04.CH4.wav,6021.582,6021.932,background
S01_U04.CH4.wav,6021.932,6022.363,foreground
S01_U04.CH4.wav,6022.363,6022.523,background
S01_U04.CH4.wav,6022.523,6022.693,foreground
S01_U04.CH4.wav,6022.693,6022.802,background
S01_U04.CH4.wav,6022.802,6023.703,foreground
S01_U04.CH4.wav,6023.703,6025.872,background
S01_U04.CH4.wav,6025.872,6025.993,foreground
S01_U04.CH4.wav,6025.993,6026.642,background
S01_U04.CH4.wav,6026.642,6026.703,foreground
S01_U04.CH4.wav,6026.703,6027.203,background
S01_U04.CH4.wav,6027.203,6028.443,foreground
S01_U04.CH4.wav,6028.443,6028.733,background
S01_U04.CH4.wav,6028.733,6028.752,foreground
S01_U04.CH4.wav,6028.752,6028.762,background
S01_U04.CH4.wav,6028.762,6028.802,foreground
S01_U04.CH4.wav,6028.802,6028.922,background
S01_U04.CH4.wav,6028.922,6029.682,foreground
S01_U04.CH4.wav,6029.682,6030.432,background
S01_U04.CH4.wav,6030.432,6030.773,foreground
S01_U04.CH4.wav,6030.773,6031.252,background
S01_U04.CH4.wav,6031.252,6032.203,foreground
S01_U04.CH4.wav,6032.203,6032.252,background
S01_U04.CH4.wav,6032.252,6032.842,foreground
S01_U04.CH4.wav,6032.842,6032.953,background
S01_U04.CH4.wav,6032.953,6035.292,foreground
S01_U04.CH4.wav,6035.292,6036.273,background
S01_U04.CH4.wav,6036.273,6041.483,foreground
S01_U04.CH4.wav,6041.483,6041.542,background
S01_U04.CH4.wav,6041.542,6041.582,foreground
S01_U04.CH4.wav,6041.582,6041.653,background
S01_U04.CH4.wav,6041.653,6041.693,foreground
S01_U04.CH4.wav,6041.693,6042.153,background
S01_U04.CH4.wav,6042.153,6042.163,foreground
S01_U04.CH4.wav,6042.163,6042.182,background
S01_U04.CH4.wav,6042.182,6043.363,foreground
S01_U04.CH4.wav,6043.363,6043.602,background
S01_U04.CH4.wav,6043.602,6043.682,foreground
S01_U04.CH4.wav,6043.682,6043.733,background
S01_U04.CH4.wav,6043.733,6045.233,foreground
S01_U04.CH4.wav,6045.233,6045.573,background
S01_U04.CH4.wav,6045.573,6045.943,foreground
S01_U04.CH4.wav,6045.943,6046.252,background
S01_U04.CH4.wav,6046.252,6046.773,foreground
S01_U04.CH4.wav,6046.773,6046.922,background
S01_U04.CH4.wav,6046.922,6046.943,foreground
S01_U04.CH4.wav,6046.943,6046.953,background
S01_U04.CH4.wav,6046.953,6046.993,foreground
S01_U04.CH4.wav,6046.993,6047.052,background
S01_U04.CH4.wav,6047.052,6048.552,foreground
S01_U04.CH4.wav,6048.552,6048.582,background
S01_U04.CH4.wav,6048.582,6048.983,foreground
S01_U04.CH4.wav,6048.983,6049.502,background
S01_U04.CH4.wav,6049.502,6049.903,foreground
S01_U04.CH4.wav,6049.903,6050.592,background
S01_U04.CH4.wav,6050.592,6050.622,foreground
S01_U04.CH4.wav,6050.622,6050.642,background
S01_U04.CH4.wav,6050.642,6051.012,foreground
S01_U04.CH4.wav,6051.012,6051.913,background
S01_U04.CH4.wav,6051.913,6053.502,foreground
S01_U04.CH4.wav,6053.502,6053.653,background
S01_U04.CH4.wav,6053.653,6053.792,foreground
S01_U04.CH4.wav,6053.792,6053.852,background
S01_U04.CH4.wav,6053.852,6056.363,foreground
S01_U04.CH4.wav,6056.363,6056.453,background
S01_U04.CH4.wav,6056.453,6058.632,foreground
S01_U04.CH4.wav,6058.632,6058.932,background
S01_U04.CH4.wav,6058.932,6061.352,foreground
S01_U04.CH4.wav,6061.352,6061.413,background
S01_U04.CH4.wav,6061.413,6061.523,foreground
S01_U04.CH4.wav,6061.523,6061.542,background
S01_U04.CH4.wav,6061.542,6062.962,foreground
S01_U04.CH4.wav,6062.962,6063.512,background
S01_U04.CH4.wav,6063.512,6064.332,foreground
S01_U04.CH4.wav,6064.332,6064.342,background
S01_U04.CH4.wav,6064.342,6064.352,foreground
S01_U04.CH4.wav,6064.352,6064.832,background
S01_U04.CH4.wav,6064.832,6064.943,foreground
S01_U04.CH4.wav,6064.943,6065.783,background
S01_U04.CH4.wav,6065.783,6065.922,foreground
S01_U04.CH4.wav,6065.922,6065.943,background
S01_U04.CH4.wav,6065.943,6065.983,foreground
S01_U04.CH4.wav,6065.983,6066.023,background
S01_U04.CH4.wav,6066.023,6066.033,foreground
S01_U04.CH4.wav,6066.033,6066.632,background
S01_U04.CH4.wav,6066.632,6067.372,foreground
S01_U04.CH4.wav,6067.372,6067.462,background
S01_U04.CH4.wav,6067.462,6067.523,foreground
S01_U04.CH4.wav,6067.523,6067.562,background
S01_U04.CH4.wav,6067.562,6067.582,foreground
S01_U04.CH4.wav,6067.582,6067.592,background
S01_U04.CH4.wav,6067.592,6067.752,foreground
S01_U04.CH4.wav,6067.752,6067.783,background
S01_U04.CH4.wav,6067.783,6069.752,foreground
S01_U04.CH4.wav,6069.752,6070.002,background
S01_U04.CH4.wav,6070.002,6072.573,foreground
S01_U04.CH4.wav,6072.573,6073.212,background
S01_U04.CH4.wav,6073.212,6073.292,foreground
S01_U04.CH4.wav,6073.292,6073.323,background
S01_U04.CH4.wav,6073.323,6076.913,foreground
S01_U04.CH4.wav,6076.913,6076.962,background
S01_U04.CH4.wav,6076.962,6077.002,foreground
S01_U04.CH4.wav,6077.002,6077.012,background
S01_U04.CH4.wav,6077.012,6077.243,foreground
S01_U04.CH4.wav,6077.243,6077.462,background
S01_U04.CH4.wav,6077.462,6077.533,foreground
S01_U04.CH4.wav,6077.533,6077.913,background
S01_U04.CH4.wav,6077.913,6077.922,foreground
S01_U04.CH4.wav,6077.922,6077.932,background
S01_U04.CH4.wav,6077.932,6077.983,foreground
S01_U04.CH4.wav,6077.983,6077.993,background
S01_U04.CH4.wav,6077.993,6078.863,foreground
S01_U04.CH4.wav,6078.863,6080.392,background
S01_U04.CH4.wav,6080.392,6080.932,foreground
S01_U04.CH4.wav,6080.932,6082.092,background
S01_U04.CH4.wav,6082.092,6082.403,foreground
S01_U04.CH4.wav,6082.403,6083.653,background
S01_U04.CH4.wav,6083.653,6085.363,foreground
S01_U04.CH4.wav,6085.363,6085.802,background
S01_U04.CH4.wav,6085.802,6086.302,foreground
S01_U04.CH4.wav,6086.302,6086.533,background
S01_U04.CH4.wav,6086.533,6086.542,foreground
S01_U04.CH4.wav,6086.542,6087.182,background
S01_U04.CH4.wav,6087.182,6087.203,foreground
S01_U04.CH4.wav,6087.203,6087.243,background
S01_U04.CH4.wav,6087.243,6087.542,foreground
S01_U04.CH4.wav,6087.542,6087.653,background
S01_U04.CH4.wav,6087.653,6088.533,foreground
S01_U04.CH4.wav,6088.533,6088.922,background
S01_U04.CH4.wav,6088.922,6089.932,foreground
S01_U04.CH4.wav,6089.932,6090.273,background
S01_U04.CH4.wav,6090.273,6091.582,foreground
S01_U04.CH4.wav,6091.582,6091.712,background
S01_U04.CH4.wav,6091.712,6097.312,foreground
S01_U04.CH4.wav,6097.312,6098.802,background
S01_U04.CH4.wav,6098.802,6099.582,foreground
S01_U04.CH4.wav,6099.582,6100.842,background
S01_U04.CH4.wav,6100.842,6100.932,foreground
S01_U04.CH4.wav,6100.932,6100.953,background
S01_U04.CH4.wav,6100.953,6104.693,foreground
S01_U04.CH4.wav,6104.693,6105.033,background
S01_U04.CH4.wav,6105.033,6105.073,foreground
S01_U04.CH4.wav,6105.073,6105.082,background
S01_U04.CH4.wav,6105.082,6105.092,foreground
S01_U04.CH4.wav,6105.092,6105.102,background
S01_U04.CH4.wav,6105.102,6105.243,foreground
S01_U04.CH4.wav,6105.243,6106.453,background
S01_U04.CH4.wav,6106.453,6106.542,foreground
S01_U04.CH4.wav,6106.542,6106.582,background
S01_U04.CH4.wav,6106.582,6106.602,foreground
S01_U04.CH4.wav,6106.602,6106.632,background
S01_U04.CH4.wav,6106.632,6107.962,foreground
S01_U04.CH4.wav,6107.962,6109.342,background
S01_U04.CH4.wav,6109.342,6109.512,foreground
S01_U04.CH4.wav,6109.512,6109.743,background
S01_U04.CH4.wav,6109.743,6109.802,foreground
S01_U04.CH4.wav,6109.802,6109.832,background
S01_U04.CH4.wav,6109.832,6109.842,foreground
S01_U04.CH4.wav,6109.842,6109.903,background
S01_U04.CH4.wav,6109.903,6109.922,foreground
S01_U04.CH4.wav,6109.922,6110.042,background
S01_U04.CH4.wav,6110.042,6110.233,foreground
S01_U04.CH4.wav,6110.233,6110.312,background
S01_U04.CH4.wav,6110.312,6110.332,foreground
S01_U04.CH4.wav,6110.332,6110.443,background
S01_U04.CH4.wav,6110.443,6110.812,foreground
S01_U04.CH4.wav,6110.812,6110.852,background
S01_U04.CH4.wav,6110.852,6110.882,foreground
S01_U04.CH4.wav,6110.882,6110.913,background
S01_U04.CH4.wav,6110.913,6111.033,foreground
S01_U04.CH4.wav,6111.033,6111.062,background
S01_U04.CH4.wav,6111.062,6111.562,foreground
S01_U04.CH4.wav,6111.562,6112.023,background
S01_U04.CH4.wav,6112.023,6112.042,foreground
S01_U04.CH4.wav,6112.042,6112.062,background
S01_U04.CH4.wav,6112.062,6112.622,foreground
S01_U04.CH4.wav,6112.622,6114.182,background
S01_U04.CH4.wav,6114.182,6114.812,foreground
S01_U04.CH4.wav,6114.812,6116.792,background
S01_U04.CH4.wav,6116.792,6117.533,foreground
S01_U04.CH4.wav,6117.533,6119.082,background
S01_U04.CH4.wav,6119.082,6119.182,foreground
S01_U04.CH4.wav,6119.182,6119.252,background
S01_U04.CH4.wav,6119.252,6119.773,foreground
S01_U04.CH4.wav,6119.773,6120.602,background
S01_U04.CH4.wav,6120.602,6124.153,foreground
S01_U04.CH4.wav,6124.153,6126.153,background
S01_U04.CH4.wav,6126.153,6126.523,foreground
S01_U04.CH4.wav,6126.523,6126.592,background
S01_U04.CH4.wav,6126.592,6127.403,foreground
S01_U04.CH4.wav,6127.403,6127.432,background
S01_U04.CH4.wav,6127.432,6129.052,foreground
S01_U04.CH4.wav,6129.052,6129.993,background
S01_U04.CH4.wav,6129.993,6130.892,foreground
S01_U04.CH4.wav,6130.892,6132.592,background
S01_U04.CH4.wav,6132.592,6132.693,foreground
S01_U04.CH4.wav,6132.693,6132.943,background
S01_U04.CH4.wav,6132.943,6134.243,foreground
S01_U04.CH4.wav,6134.243,6136.052,background
S01_U04.CH4.wav,6136.052,6136.222,foreground
S01_U04.CH4.wav,6136.222,6136.243,background
S01_U04.CH4.wav,6136.243,6137.073,foreground
S01_U04.CH4.wav,6137.073,6138.392,background
S01_U04.CH4.wav,6138.392,6138.743,foreground
S01_U04.CH4.wav,6138.743,6138.752,background
S01_U04.CH4.wav,6138.752,6138.762,foreground
S01_U04.CH4.wav,6138.762,6138.882,background
S01_U04.CH4.wav,6138.882,6141.172,foreground
S01_U04.CH4.wav,6141.172,6141.273,background
S01_U04.CH4.wav,6141.273,6141.432,foreground
S01_U04.CH4.wav,6141.432,6141.533,background
S01_U04.CH4.wav,6141.533,6144.113,foreground
S01_U04.CH4.wav,6144.113,6144.363,background
S01_U04.CH4.wav,6144.363,6144.472,foreground
S01_U04.CH4.wav,6144.472,6144.493,background
S01_U04.CH4.wav,6144.493,6144.962,foreground
S01_U04.CH4.wav,6144.962,6144.983,background
S01_U04.CH4.wav,6144.983,6144.993,foreground
S01_U04.CH4.wav,6144.993,6145.023,background
S01_U04.CH4.wav,6145.023,6145.172,foreground
S01_U04.CH4.wav,6145.172,6145.203,background
S01_U04.CH4.wav,6145.203,6147.142,foreground
S01_U04.CH4.wav,6147.142,6147.373,background
S01_U04.CH4.wav,6147.373,6147.382,foreground
S01_U04.CH4.wav,6147.382,6147.392,background
S01_U04.CH4.wav,6147.392,6147.443,foreground
S01_U04.CH4.wav,6147.443,6147.502,background
S01_U04.CH4.wav,6147.502,6147.512,foreground
S01_U04.CH4.wav,6147.512,6147.533,background
S01_U04.CH4.wav,6147.533,6147.542,foreground
S01_U04.CH4.wav,6147.542,6147.552,background
S01_U04.CH4.wav,6147.552,6148.682,foreground
S01_U04.CH4.wav,6148.682,6149.922,background
S01_U04.CH4.wav,6149.922,6150.642,foreground
S01_U04.CH4.wav,6150.642,6150.783,background
S01_U04.CH4.wav,6150.783,6151.193,foreground
S01_U04.CH4.wav,6151.193,6151.233,background
S01_U04.CH4.wav,6151.233,6151.302,foreground
S01_U04.CH4.wav,6151.302,6151.312,background
S01_U04.CH4.wav,6151.312,6151.323,foreground
S01_U04.CH4.wav,6151.323,6151.653,background
S01_U04.CH4.wav,6151.653,6152.052,foreground
S01_U04.CH4.wav,6152.052,6152.953,background
S01_U04.CH4.wav,6152.953,6153.392,foreground
S01_U04.CH4.wav,6153.392,6154.082,background
S01_U04.CH4.wav,6154.082,6155.842,foreground
S01_U04.CH4.wav,6155.842,6156.392,background
S01_U04.CH4.wav,6156.392,6157.632,foreground
S01_U04.CH4.wav,6157.632,6157.722,background
S01_U04.CH4.wav,6157.722,6159.182,foreground
S01_U04.CH4.wav,6159.182,6160.922,background
S01_U04.CH4.wav,6160.922,6162.413,foreground
S01_U04.CH4.wav,6162.413,6162.842,background
S01_U04.CH4.wav,6162.842,6163.792,foreground
S01_U04.CH4.wav,6163.792,6166.592,background
S01_U04.CH4.wav,6166.592,6169.222,foreground
S01_U04.CH4.wav,6169.222,6169.663,background
S01_U04.CH4.wav,6169.663,6169.812,foreground
S01_U04.CH4.wav,6169.812,6170.153,background
S01_U04.CH4.wav,6170.153,6170.172,foreground
S01_U04.CH4.wav,6170.172,6170.182,background
S01_U04.CH4.wav,6170.182,6179.523,foreground
S01_U04.CH4.wav,6179.523,6179.773,background
S01_U04.CH4.wav,6179.773,6180.752,foreground
S01_U04.CH4.wav,6180.752,6181.342,background
S01_U04.CH4.wav,6181.342,6182.913,foreground
S01_U04.CH4.wav,6182.913,6182.953,background
S01_U04.CH4.wav,6182.953,6183.582,foreground
S01_U04.CH4.wav,6183.582,6184.222,background
S01_U04.CH4.wav,6184.222,6188.233,foreground
S01_U04.CH4.wav,6188.233,6188.582,background
S01_U04.CH4.wav,6188.582,6190.483,foreground
S01_U04.CH4.wav,6190.483,6190.882,background
S01_U04.CH4.wav,6190.882,6193.262,foreground
S01_U04.CH4.wav,6193.262,6193.693,background
S01_U04.CH4.wav,6193.693,6193.703,foreground
S01_U04.CH4.wav,6193.703,6193.743,background
S01_U04.CH4.wav,6193.743,6195.712,foreground
S01_U04.CH4.wav,6195.712,6195.722,background
S01_U04.CH4.wav,6195.722,6195.792,foreground
S01_U04.CH4.wav,6195.792,6196.172,background
S01_U04.CH4.wav,6196.172,6198.422,foreground
S01_U04.CH4.wav,6198.422,6198.523,background
S01_U04.CH4.wav,6198.523,6198.642,foreground
S01_U04.CH4.wav,6198.642,6198.712,background
S01_U04.CH4.wav,6198.712,6204.512,foreground
S01_U04.CH4.wav,6204.512,6204.943,background
S01_U04.CH4.wav,6204.943,6234.922,foreground
S01_U04.CH4.wav,6234.922,6235.163,background
S01_U04.CH4.wav,6235.163,6239.483,foreground
S01_U04.CH4.wav,6239.483,6239.823,background
S01_U04.CH4.wav,6239.823,6240.623,foreground
S01_U04.CH4.wav,6240.623,6241.342,background
S01_U04.CH4.wav,6241.342,6256.892,foreground
S01_U04.CH4.wav,6256.892,6259.292,background
S01_U04.CH4.wav,6259.292,6259.352,foreground
S01_U04.CH4.wav,6259.352,6259.432,background
S01_U04.CH4.wav,6259.432,6259.823,foreground
S01_U04.CH4.wav,6259.823,6259.882,background
S01_U04.CH4.wav,6259.882,6259.903,foreground
S01_U04.CH4.wav,6259.903,6259.922,background
S01_U04.CH4.wav,6259.922,6260.453,foreground
S01_U04.CH4.wav,6260.453,6260.623,background
S01_U04.CH4.wav,6260.623,6260.642,foreground
S01_U04.CH4.wav,6260.642,6260.663,background
S01_U04.CH4.wav,6260.663,6260.672,foreground
S01_U04.CH4.wav,6260.672,6260.682,background
S01_U04.CH4.wav,6260.682,6261.453,foreground
S01_U04.CH4.wav,6261.453,6262.302,background
S01_U04.CH4.wav,6262.302,6263.363,foreground
S01_U04.CH4.wav,6263.363,6264.493,background
S01_U04.CH4.wav,6264.493,6264.523,foreground
S01_U04.CH4.wav,6264.523,6264.562,background
S01_U04.CH4.wav,6264.562,6264.582,foreground
S01_U04.CH4.wav,6264.582,6264.602,background
S01_U04.CH4.wav,6264.602,6264.623,foreground
S01_U04.CH4.wav,6264.623,6264.653,background
S01_U04.CH4.wav,6264.653,6264.663,foreground
S01_U04.CH4.wav,6264.663,6264.682,background
S01_U04.CH4.wav,6264.682,6264.762,foreground
S01_U04.CH4.wav,6264.762,6265.413,background
S01_U04.CH4.wav,6265.413,6265.502,foreground
S01_U04.CH4.wav,6265.502,6266.233,background
S01_U04.CH4.wav,6266.233,6283.542,foreground
S01_U04.CH4.wav,6283.542,6283.573,background
S01_U04.CH4.wav,6283.573,6283.582,foreground
S01_U04.CH4.wav,6283.582,6283.592,background
S01_U04.CH4.wav,6283.592,6286.073,foreground
S01_U04.CH4.wav,6286.073,6286.332,background
S01_U04.CH4.wav,6286.332,6289.042,foreground
S01_U04.CH4.wav,6289.042,6289.203,background
S01_U04.CH4.wav,6289.203,6289.972,foreground
S01_U04.CH4.wav,6289.972,6290.502,background
S01_U04.CH4.wav,6290.502,6290.512,foreground
S01_U04.CH4.wav,6290.512,6290.542,background
S01_U04.CH4.wav,6290.542,6291.443,foreground
S01_U04.CH4.wav,6291.443,6292.123,background
S01_U04.CH4.wav,6292.123,6310.613,foreground
S01_U04.CH4.wav,6310.613,6311.073,background
S01_U04.CH4.wav,6311.073,6311.493,foreground
S01_U04.CH4.wav,6311.493,6311.552,background
S01_U04.CH4.wav,6311.552,6311.783,foreground
S01_U04.CH4.wav,6311.783,6311.792,background
S01_U04.CH4.wav,6311.792,6311.832,foreground
S01_U04.CH4.wav,6311.832,6311.842,background
S01_U04.CH4.wav,6311.842,6312.073,foreground
S01_U04.CH4.wav,6312.073,6312.722,background
S01_U04.CH4.wav,6312.722,6312.792,foreground
S01_U04.CH4.wav,6312.792,6312.993,background
S01_U04.CH4.wav,6312.993,6313.413,foreground
S01_U04.CH4.wav,6313.413,6313.792,background
S01_U04.CH4.wav,6313.792,6314.042,foreground
S01_U04.CH4.wav,6314.042,6316.222,background
S01_U04.CH4.wav,6316.222,6316.602,foreground
S01_U04.CH4.wav,6316.602,6316.953,background
S01_U04.CH4.wav,6316.953,6317.392,foreground
S01_U04.CH4.wav,6317.392,6317.823,background
S01_U04.CH4.wav,6317.823,6318.312,foreground
S01_U04.CH4.wav,6318.312,6318.502,background
S01_U04.CH4.wav,6318.502,6318.703,foreground
S01_U04.CH4.wav,6318.703,6318.752,background
S01_U04.CH4.wav,6318.752,6330.132,foreground
S01_U04.CH4.wav,6330.132,6330.153,background
S01_U04.CH4.wav,6330.153,6330.312,foreground
S01_U04.CH4.wav,6330.312,6330.332,background
S01_U04.CH4.wav,6330.332,6330.342,foreground
S01_U04.CH4.wav,6330.342,6330.352,background
S01_U04.CH4.wav,6330.352,6332.443,foreground
S01_U04.CH4.wav,6332.443,6332.462,background
S01_U04.CH4.wav,6332.462,6333.052,foreground
S01_U04.CH4.wav,6333.052,6333.363,background
S01_U04.CH4.wav,6333.363,6337.873,foreground
S01_U04.CH4.wav,6337.873,6337.953,background
S01_U04.CH4.wav,6337.953,6337.983,foreground
S01_U04.CH4.wav,6337.983,6338.102,background
S01_U04.CH4.wav,6338.102,6341.033,foreground
S01_U04.CH4.wav,6341.033,6341.172,background
S01_U04.CH4.wav,6341.172,6341.233,foreground
S01_U04.CH4.wav,6341.233,6341.342,background
S01_U04.CH4.wav,6341.342,6343.113,foreground
S01_U04.CH4.wav,6343.113,6343.873,background
S01_U04.CH4.wav,6343.873,6345.382,foreground
S01_U04.CH4.wav,6345.382,6345.403,background
S01_U04.CH4.wav,6345.403,6345.422,foreground
S01_U04.CH4.wav,6345.422,6346.123,background
S01_U04.CH4.wav,6346.123,6347.392,foreground
S01_U04.CH4.wav,6347.392,6348.203,background
S01_U04.CH4.wav,6348.203,6349.773,foreground
S01_U04.CH4.wav,6349.773,6349.882,background
S01_U04.CH4.wav,6349.882,6350.062,foreground
S01_U04.CH4.wav,6350.062,6350.233,background
S01_U04.CH4.wav,6350.233,6351.623,foreground
S01_U04.CH4.wav,6351.623,6351.983,background
S01_U04.CH4.wav,6351.983,6365.762,foreground
S01_U04.CH4.wav,6365.762,6365.953,background
S01_U04.CH4.wav,6365.953,6372.392,foreground
S01_U04.CH4.wav,6372.392,6372.842,background
S01_U04.CH4.wav,6372.842,6377.413,foreground
S01_U04.CH4.wav,6377.413,6378.722,background
S01_U04.CH4.wav,6378.722,6379.592,foreground
S01_U04.CH4.wav,6379.592,6380.172,background
S01_U04.CH4.wav,6380.172,6382.943,foreground
S01_U04.CH4.wav,6382.943,6383.233,background
S01_U04.CH4.wav,6383.233,6390.243,foreground
S01_U04.CH4.wav,6390.243,6390.943,background
S01_U04.CH4.wav,6390.943,6399.703,foreground
S01_U04.CH4.wav,6399.703,6400.462,background
S01_U04.CH4.wav,6400.462,6401.212,foreground
S01_U04.CH4.wav,6401.212,6401.262,background
S01_U04.CH4.wav,6401.262,6401.273,foreground
S01_U04.CH4.wav,6401.273,6401.292,background
S01_U04.CH4.wav,6401.292,6401.352,foreground
S01_U04.CH4.wav,6401.352,6401.892,background
S01_U04.CH4.wav,6401.892,6404.823,foreground
S01_U04.CH4.wav,6404.823,6404.953,background
S01_U04.CH4.wav,6404.953,6405.932,foreground
S01_U04.CH4.wav,6405.932,6406.273,background
S01_U04.CH4.wav,6406.273,6409.773,foreground
S01_U04.CH4.wav,6409.773,6409.842,background
S01_U04.CH4.wav,6409.842,6409.983,foreground
S01_U04.CH4.wav,6409.983,6410.512,background
S01_U04.CH4.wav,6410.512,6412.252,foreground
S01_U04.CH4.wav,6412.252,6413.352,background
S01_U04.CH4.wav,6413.352,6415.453,foreground
S01_U04.CH4.wav,6415.453,6415.462,background
S01_U04.CH4.wav,6415.462,6416.002,foreground
S01_U04.CH4.wav,6416.002,6416.472,background
S01_U04.CH4.wav,6416.472,6423.042,foreground
S01_U04.CH4.wav,6423.042,6424.283,background
S01_U04.CH4.wav,6424.283,6424.773,foreground
S01_U04.CH4.wav,6424.773,6425.262,background
S01_U04.CH4.wav,6425.262,6425.783,foreground
S01_U04.CH4.wav,6425.783,6425.832,background
S01_U04.CH4.wav,6425.832,6432.212,foreground
S01_U04.CH4.wav,6432.212,6433.052,background
S01_U04.CH4.wav,6433.052,6433.283,foreground
S01_U04.CH4.wav,6433.283,6433.312,background
S01_U04.CH4.wav,6433.312,6434.582,foreground
S01_U04.CH4.wav,6434.582,6434.712,background
S01_U04.CH4.wav,6434.712,6434.722,foreground
S01_U04.CH4.wav,6434.722,6434.762,background
S01_U04.CH4.wav,6434.762,6434.802,foreground
S01_U04.CH4.wav,6434.802,6434.852,background
S01_U04.CH4.wav,6434.852,6434.873,foreground
S01_U04.CH4.wav,6434.873,6434.882,background
S01_U04.CH4.wav,6434.882,6454.672,foreground
S01_U04.CH4.wav,6454.672,6455.443,background
S01_U04.CH4.wav,6455.443,6466.042,foreground
S01_U04.CH4.wav,6466.042,6466.193,background
S01_U04.CH4.wav,6466.193,6468.332,foreground
S01_U04.CH4.wav,6468.332,6468.592,background
S01_U04.CH4.wav,6468.592,6475.262,foreground
S01_U04.CH4.wav,6475.262,6475.292,background
S01_U04.CH4.wav,6475.292,6479.592,foreground
S01_U04.CH4.wav,6479.592,6479.852,background
S01_U04.CH4.wav,6479.852,6482.243,foreground
S01_U04.CH4.wav,6482.243,6482.443,background
S01_U04.CH4.wav,6482.443,6485.743,foreground
S01_U04.CH4.wav,6485.743,6485.903,background
S01_U04.CH4.wav,6485.903,6487.012,foreground
S01_U04.CH4.wav,6487.012,6487.533,background
S01_U04.CH4.wav,6487.533,6488.193,foreground
S01_U04.CH4.wav,6488.193,6489.823,background
S01_U04.CH4.wav,6489.823,6491.762,foreground
S01_U04.CH4.wav,6491.762,6491.802,background
S01_U04.CH4.wav,6491.802,6491.852,foreground
S01_U04.CH4.wav,6491.852,6492.342,background
S01_U04.CH4.wav,6492.342,6495.873,foreground
S01_U04.CH4.wav,6495.873,6496.392,background
S01_U04.CH4.wav,6496.392,6497.842,foreground
S01_U04.CH4.wav,6497.842,6498.302,background
S01_U04.CH4.wav,6498.302,6498.863,foreground
S01_U04.CH4.wav,6498.863,6498.993,background
S01_U04.CH4.wav,6498.993,6499.092,foreground
S01_U04.CH4.wav,6499.092,6499.102,background
S01_U04.CH4.wav,6499.102,6499.132,foreground
S01_U04.CH4.wav,6499.132,6499.182,background
S01_U04.CH4.wav,6499.182,6499.222,foreground
S01_U04.CH4.wav,6499.222,6499.233,background
S01_U04.CH4.wav,6499.233,6499.842,foreground
S01_U04.CH4.wav,6499.842,6500.602,background
S01_U04.CH4.wav,6500.602,6501.352,foreground
S01_U04.CH4.wav,6501.352,6501.363,background
S01_U04.CH4.wav,6501.363,6501.523,foreground
S01_U04.CH4.wav,6501.523,6501.863,background
S01_U04.CH4.wav,6501.863,6501.913,foreground
S01_U04.CH4.wav,6501.913,6501.972,background
S01_U04.CH4.wav,6501.972,6503.913,foreground
S01_U04.CH4.wav,6503.913,6504.042,background
S01_U04.CH4.wav,6504.042,6506.203,foreground
S01_U04.CH4.wav,6506.203,6506.212,background
S01_U04.CH4.wav,6506.212,6506.222,foreground
S01_U04.CH4.wav,6506.222,6506.502,background
S01_U04.CH4.wav,6506.502,6506.533,foreground
S01_U04.CH4.wav,6506.533,6506.573,background
S01_U04.CH4.wav,6506.573,6508.312,foreground
S01_U04.CH4.wav,6508.312,6509.743,background
S01_U04.CH4.wav,6509.743,6510.012,foreground
S01_U04.CH4.wav,6510.012,6510.062,background
S01_U04.CH4.wav,6510.062,6510.082,foreground
S01_U04.CH4.wav,6510.082,6510.193,background
S01_U04.CH4.wav,6510.193,6512.483,foreground
S01_U04.CH4.wav,6512.483,6513.712,background
S01_U04.CH4.wav,6513.712,6516.663,foreground
S01_U04.CH4.wav,6516.663,6517.443,background
S01_U04.CH4.wav,6517.443,6518.993,foreground
S01_U04.CH4.wav,6518.993,6519.392,background
S01_U04.CH4.wav,6519.392,6519.533,foreground
S01_U04.CH4.wav,6519.533,6520.073,background
S01_U04.CH4.wav,6520.073,6527.512,foreground
S01_U04.CH4.wav,6527.512,6527.623,background
S01_U04.CH4.wav,6527.623,6532.002,foreground
S01_U04.CH4.wav,6532.002,6532.252,background
S01_U04.CH4.wav,6532.252,6544.052,foreground
S01_U04.CH4.wav,6544.052,6544.222,background
S01_U04.CH4.wav,6544.222,6550.653,foreground
S01_U04.CH4.wav,6550.653,6550.922,background
S01_U04.CH4.wav,6550.922,6556.382,foreground
S01_U04.CH4.wav,6556.382,6558.573,background
S01_U04.CH4.wav,6558.573,6563.613,foreground
S01_U04.CH4.wav,6563.613,6563.623,background
S01_U04.CH4.wav,6563.623,6563.632,foreground
S01_U04.CH4.wav,6563.632,6563.642,background
S01_U04.CH4.wav,6563.642,6564.582,foreground
S01_U04.CH4.wav,6564.582,6565.222,background
S01_U04.CH4.wav,6565.222,6566.132,foreground
S01_U04.CH4.wav,6566.132,6566.262,background
S01_U04.CH4.wav,6566.262,6567.082,foreground
S01_U04.CH4.wav,6567.082,6568.523,background
S01_U04.CH4.wav,6568.523,6569.892,foreground
S01_U04.CH4.wav,6569.892,6570.842,background
S01_U04.CH4.wav,6570.842,6574.392,foreground
S01_U04.CH4.wav,6574.392,6574.802,background
S01_U04.CH4.wav,6574.802,6575.722,foreground
S01_U04.CH4.wav,6575.722,6577.863,background
S01_U04.CH4.wav,6577.863,6585.382,foreground
S01_U04.CH4.wav,6585.382,6585.792,background
S01_U04.CH4.wav,6585.792,6586.802,foreground
S01_U04.CH4.wav,6586.802,6587.332,background
S01_U04.CH4.wav,6587.332,6611.602,foreground
S01_U04.CH4.wav,6611.602,6612.052,background
S01_U04.CH4.wav,6612.052,6613.163,foreground
S01_U04.CH4.wav,6613.163,6614.432,background
S01_U04.CH4.wav,6614.432,6615.582,foreground
S01_U04.CH4.wav,6615.582,6616.052,background
S01_U04.CH4.wav,6616.052,6624.972,foreground
S01_U04.CH4.wav,6624.972,6625.523,background
S01_U04.CH4.wav,6625.523,6640.802,foreground
S01_U04.CH4.wav,6640.802,6641.502,background
S01_U04.CH4.wav,6641.502,6641.573,foreground
S01_U04.CH4.wav,6641.573,6641.653,background
S01_U04.CH4.wav,6641.653,6641.733,foreground
S01_U04.CH4.wav,6641.733,6641.762,background
S01_U04.CH4.wav,6641.762,6642.302,foreground
S01_U04.CH4.wav,6642.302,6642.373,background
S01_U04.CH4.wav,6642.373,6642.382,foreground
S01_U04.CH4.wav,6642.382,6642.752,background
S01_U04.CH4.wav,6642.752,6651.102,foreground
S01_U04.CH4.wav,6651.102,6651.182,background
S01_U04.CH4.wav,6651.182,6651.193,foreground
S01_U04.CH4.wav,6651.193,6651.523,background
S01_U04.CH4.wav,6651.523,6655.773,foreground
S01_U04.CH4.wav,6655.773,6655.783,background
S01_U04.CH4.wav,6655.783,6655.812,foreground
S01_U04.CH4.wav,6655.812,6655.823,background
S01_U04.CH4.wav,6655.823,6655.882,foreground
S01_U04.CH4.wav,6655.882,6656.023,background
S01_U04.CH4.wav,6656.023,6670.663,foreground
S01_U04.CH4.wav,6670.663,6672.592,background
S01_U04.CH4.wav,6672.592,6673.312,foreground
S01_U04.CH4.wav,6673.312,6674.052,background
S01_U04.CH4.wav,6674.052,6681.123,foreground
S01_U04.CH4.wav,6681.123,6681.132,background
S01_U04.CH4.wav,6681.132,6681.153,foreground
S01_U04.CH4.wav,6681.153,6682.012,background
S01_U04.CH4.wav,6682.012,6683.102,foreground
S01_U04.CH4.wav,6683.102,6683.422,background
S01_U04.CH4.wav,6683.422,6688.373,foreground
S01_U04.CH4.wav,6688.373,6688.573,background
S01_U04.CH4.wav,6688.573,6693.403,foreground
S01_U04.CH4.wav,6693.403,6693.523,background
S01_U04.CH4.wav,6693.523,6693.592,foreground
S01_U04.CH4.wav,6693.592,6693.653,background
S01_U04.CH4.wav,6693.653,6694.222,foreground
S01_U04.CH4.wav,6694.222,6695.142,background
S01_U04.CH4.wav,6695.142,6695.332,foreground
S01_U04.CH4.wav,6695.332,6696.102,background
S01_U04.CH4.wav,6696.102,6696.113,foreground
S01_U04.CH4.wav,6696.113,6696.123,background
S01_U04.CH4.wav,6696.123,6697.182,foreground
S01_U04.CH4.wav,6697.182,6697.943,background
S01_U04.CH4.wav,6697.943,6707.783,foreground
S01_U04.CH4.wav,6707.783,6708.182,background
S01_U04.CH4.wav,6708.182,6713.592,foreground
S01_U04.CH4.wav,6713.592,6714.102,background
S01_U04.CH4.wav,6714.102,6715.993,foreground
S01_U04.CH4.wav,6715.993,6716.422,background
S01_U04.CH4.wav,6716.422,6717.832,foreground
S01_U04.CH4.wav,6717.832,6718.342,background
S01_U04.CH4.wav,6718.342,6719.432,foreground
S01_U04.CH4.wav,6719.432,6719.672,background
S01_U04.CH4.wav,6719.672,6722.823,foreground
S01_U04.CH4.wav,6722.823,6722.842,background
S01_U04.CH4.wav,6722.842,6726.773,foreground
S01_U04.CH4.wav,6726.773,6728.392,background
S01_U04.CH4.wav,6728.392,6728.752,foreground
S01_U04.CH4.wav,6728.752,6729.132,background
S01_U04.CH4.wav,6729.132,6731.983,foreground
S01_U04.CH4.wav,6731.983,6732.172,background
S01_U04.CH4.wav,6732.172,6735.203,foreground
S01_U04.CH4.wav,6735.203,6735.523,background
S01_U04.CH4.wav,6735.523,6735.573,foreground
S01_U04.CH4.wav,6735.573,6735.602,background
S01_U04.CH4.wav,6735.602,6743.663,foreground
S01_U04.CH4.wav,6743.663,6743.932,background
S01_U04.CH4.wav,6743.932,6759.802,foreground
S01_U04.CH4.wav,6759.802,6760.233,background
S01_U04.CH4.wav,6760.233,6765.073,foreground
S01_U04.CH4.wav,6765.073,6765.342,background
S01_U04.CH4.wav,6765.342,6768.172,foreground
S01_U04.CH4.wav,6768.172,6768.262,background
S01_U04.CH4.wav,6768.262,6768.392,foreground
S01_U04.CH4.wav,6768.392,6768.453,background
S01_U04.CH4.wav,6768.453,6776.153,foreground
S01_U04.CH4.wav,6776.153,6776.552,background
S01_U04.CH4.wav,6776.552,6777.722,foreground
S01_U04.CH4.wav,6777.722,6778.743,background
S01_U04.CH4.wav,6778.743,6778.762,foreground
S01_U04.CH4.wav,6778.762,6778.783,background
S01_U04.CH4.wav,6778.783,6778.802,foreground
S01_U04.CH4.wav,6778.802,6778.812,background
S01_U04.CH4.wav,6778.812,6778.842,foreground
S01_U04.CH4.wav,6778.842,6778.882,background
S01_U04.CH4.wav,6778.882,6778.913,foreground
S01_U04.CH4.wav,6778.913,6778.932,background
S01_U04.CH4.wav,6778.932,6783.432,foreground
S01_U04.CH4.wav,6783.432,6783.913,background
S01_U04.CH4.wav,6783.913,6784.773,foreground
S01_U04.CH4.wav,6784.773,6784.812,background
S01_U04.CH4.wav,6784.812,6784.832,foreground
S01_U04.CH4.wav,6784.832,6784.953,background
S01_U04.CH4.wav,6784.953,6790.592,foreground
S01_U04.CH4.wav,6790.592,6791.273,background
S01_U04.CH4.wav,6791.273,6798.392,foreground
S01_U04.CH4.wav,6798.392,6798.413,background
S01_U04.CH4.wav,6798.413,6798.443,foreground
S01_U04.CH4.wav,6798.443,6798.642,background
S01_U04.CH4.wav,6798.642,6805.493,foreground
S01_U04.CH4.wav,6805.493,6805.502,background
S01_U04.CH4.wav,6805.502,6805.523,foreground
S01_U04.CH4.wav,6805.523,6806.812,background
S01_U04.CH4.wav,6806.812,6808.413,foreground
S01_U04.CH4.wav,6808.413,6809.153,background
S01_U04.CH4.wav,6809.153,6809.203,foreground
S01_U04.CH4.wav,6809.203,6809.222,background
S01_U04.CH4.wav,6809.222,6819.453,foreground
S01_U04.CH4.wav,6819.453,6819.693,background
S01_U04.CH4.wav,6819.693,6820.203,foreground
S01_U04.CH4.wav,6820.203,6820.802,background
S01_U04.CH4.wav,6820.802,6820.832,foreground
S01_U04.CH4.wav,6820.832,6820.873,background
S01_U04.CH4.wav,6820.873,6823.903,foreground
S01_U04.CH4.wav,6823.903,6824.323,background
S01_U04.CH4.wav,6824.323,6834.892,foreground
S01_U04.CH4.wav,6834.892,6834.932,background
S01_U04.CH4.wav,6834.932,6834.962,foreground
S01_U04.CH4.wav,6834.962,6835.312,background
S01_U04.CH4.wav,6835.312,6835.983,foreground
S01_U04.CH4.wav,6835.983,6836.252,background
S01_U04.CH4.wav,6836.252,6846.823,foreground
S01_U04.CH4.wav,6846.823,6846.983,background
S01_U04.CH4.wav,6846.983,6847.922,foreground
S01_U04.CH4.wav,6847.922,6848.943,background
S01_U04.CH4.wav,6848.943,6849.823,foreground
S01_U04.CH4.wav,6849.823,6849.852,background
S01_U04.CH4.wav,6849.852,6849.892,foreground
S01_U04.CH4.wav,6849.892,6850.462,background
S01_U04.CH4.wav,6850.462,6850.722,foreground
S01_U04.CH4.wav,6850.722,6850.842,background
S01_U04.CH4.wav,6850.842,6850.873,foreground
S01_U04.CH4.wav,6850.873,6851.153,background
S01_U04.CH4.wav,6851.153,6852.922,foreground
S01_U04.CH4.wav,6852.922,6853.123,background
S01_U04.CH4.wav,6853.123,6855.602,foreground
S01_U04.CH4.wav,6855.602,6855.962,background
S01_U04.CH4.wav,6855.962,6890.382,foreground
S01_U04.CH4.wav,6890.382,6890.422,background
S01_U04.CH4.wav,6890.422,6891.082,foreground
S01_U04.CH4.wav,6891.082,6892.042,background
S01_U04.CH4.wav,6892.042,6892.363,foreground
S01_U04.CH4.wav,6892.363,6892.852,background
S01_U04.CH4.wav,6892.852,6902.193,foreground
S01_U04.CH4.wav,6902.193,6902.312,background
S01_U04.CH4.wav,6902.312,6905.163,foreground
S01_U04.CH4.wav,6905.163,6905.172,background
S01_U04.CH4.wav,6905.172,6905.802,foreground
S01_U04.CH4.wav,6905.802,6905.903,background
S01_U04.CH4.wav,6905.903,6923.743,foreground
S01_U04.CH4.wav,6923.743,6924.073,background
S01_U04.CH4.wav,6924.073,6941.533,foreground
S01_U04.CH4.wav,6941.533,6941.542,background
S01_U04.CH4.wav,6941.542,6950.993,foreground
S01_U04.CH4.wav,6950.993,6952.722,background
S01_U04.CH4.wav,6952.722,6953.602,foreground
S01_U04.CH4.wav,6953.602,6953.962,background
S01_U04.CH4.wav,6953.962,6958.292,foreground
S01_U04.CH4.wav,6958.292,6958.302,background
S01_U04.CH4.wav,6958.302,6958.602,foreground
S01_U04.CH4.wav,6958.602,6959.762,background
S01_U04.CH4.wav,6959.762,6959.792,foreground
S01_U04.CH4.wav,6959.792,6961.113,background
S01_U04.CH4.wav,6961.113,6961.623,foreground
S01_U04.CH4.wav,6961.623,6961.983,background
S01_U04.CH4.wav,6961.983,6962.573,foreground
S01_U04.CH4.wav,6962.573,6962.892,background
S01_U04.CH4.wav,6962.892,6963.042,foreground
S01_U04.CH4.wav,6963.042,6963.073,background
S01_U04.CH4.wav,6963.073,6963.092,foreground
S01_U04.CH4.wav,6963.092,6963.132,background
S01_U04.CH4.wav,6963.132,6963.182,foreground
S01_U04.CH4.wav,6963.182,6963.493,background
S01_U04.CH4.wav,6963.493,6967.812,foreground
S01_U04.CH4.wav,6967.812,6967.832,background
S01_U04.CH4.wav,6967.832,6978.102,foreground
S01_U04.CH4.wav,6978.102,6978.413,background
S01_U04.CH4.wav,6978.413,6991.252,foreground
S01_U04.CH4.wav,6991.252,6992.262,background
S01_U04.CH4.wav,6992.262,6992.493,foreground
S01_U04.CH4.wav,6992.493,6992.932,background
S01_U04.CH4.wav,6992.932,7003.283,foreground
S01_U04.CH4.wav,7003.283,7003.413,background
S01_U04.CH4.wav,7003.413,7003.573,foreground
S01_U04.CH4.wav,7003.573,7004.582,background
S01_U04.CH4.wav,7004.582,7005.033,foreground
S01_U04.CH4.wav,7005.033,7006.533,background
S01_U04.CH4.wav,7006.533,7006.542,foreground
S01_U04.CH4.wav,7006.542,7006.562,background
S01_U04.CH4.wav,7006.562,7012.023,foreground
S01_U04.CH4.wav,7012.023,7013.062,background
S01_U04.CH4.wav,7013.062,7013.292,foreground
S01_U04.CH4.wav,7013.292,7013.613,background
S01_U04.CH4.wav,7013.613,7014.462,foreground
S01_U04.CH4.wav,7014.462,7015.033,background
S01_U04.CH4.wav,7015.033,7015.193,foreground
S01_U04.CH4.wav,7015.193,7016.262,background
S01_U04.CH4.wav,7016.262,7016.733,foreground
S01_U04.CH4.wav,7016.733,7017.623,background
S01_U04.CH4.wav,7017.623,7019.073,foreground
S01_U04.CH4.wav,7019.073,7019.082,background
S01_U04.CH4.wav,7019.082,7019.102,foreground
S01_U04.CH4.wav,7019.102,7019.283,background
S01_U04.CH4.wav,7019.283,7021.743,foreground
S01_U04.CH4.wav,7021.743,7022.172,background
S01_U04.CH4.wav,7022.172,7025.123,foreground
S01_U04.CH4.wav,7025.123,7025.672,background
S01_U04.CH4.wav,7025.672,7044.172,foreground
S01_U04.CH4.wav,7044.172,7044.243,background
S01_U04.CH4.wav,7044.243,7050.773,foreground
S01_U04.CH4.wav,7050.773,7051.153,background
S01_U04.CH4.wav,7051.153,7051.483,foreground
S01_U04.CH4.wav,7051.483,7051.493,background
S01_U04.CH4.wav,7051.493,7053.502,foreground
S01_U04.CH4.wav,7053.502,7054.033,background
S01_U04.CH4.wav,7054.033,7064.052,foreground
S01_U04.CH4.wav,7064.052,7064.132,background
S01_U04.CH4.wav,7064.132,7067.752,foreground
S01_U04.CH4.wav,7067.752,7068.453,background
S01_U04.CH4.wav,7068.453,7070.153,foreground
S01_U04.CH4.wav,7070.153,7070.943,background
S01_U04.CH4.wav,7070.943,7071.413,foreground
S01_U04.CH4.wav,7071.413,7071.422,background
S01_U04.CH4.wav,7071.422,7071.453,foreground
S01_U04.CH4.wav,7071.453,7071.703,background
S01_U04.CH4.wav,7071.703,7072.352,foreground
S01_U04.CH4.wav,7072.352,7072.802,background
S01_U04.CH4.wav,7072.802,7079.363,foreground
S01_U04.CH4.wav,7079.363,7079.762,background
S01_U04.CH4.wav,7079.762,7084.582,foreground
S01_U04.CH4.wav,7084.582,7084.882,background
S01_U04.CH4.wav,7084.882,7091.012,foreground
S01_U04.CH4.wav,7091.012,7091.613,background
S01_U04.CH4.wav,7091.613,7094.142,foreground
S01_U04.CH4.wav,7094.142,7094.913,background
S01_U04.CH4.wav,7094.913,7097.802,foreground
S01_U04.CH4.wav,7097.802,7098.352,background
S01_U04.CH4.wav,7098.352,7106.832,foreground
S01_U04.CH4.wav,7106.832,7107.252,background
S01_U04.CH4.wav,7107.252,7128.102,foreground
S01_U04.CH4.wav,7128.102,7128.373,background
S01_U04.CH4.wav,7128.373,7128.972,foreground
S01_U04.CH4.wav,7128.972,7129.042,background
S01_U04.CH4.wav,7129.042,7135.823,foreground
S01_U04.CH4.wav,7135.823,7137.113,background
S01_U04.CH4.wav,7137.113,7141.243,foreground
S01_U04.CH4.wav,7141.243,7141.292,background
S01_U04.CH4.wav,7141.292,7150.212,foreground
S01_U04.CH4.wav,7150.212,7150.703,background
S01_U04.CH4.wav,7150.703,7155.943,foreground
S01_U04.CH4.wav,7155.943,7156.812,background
S01_U04.CH4.wav,7156.812,7157.632,foreground
S01_U04.CH4.wav,7157.632,7157.663,background
S01_U04.CH4.wav,7157.663,7157.832,foreground
S01_U04.CH4.wav,7157.832,7158.033,background
S01_U04.CH4.wav,7158.033,7158.682,foreground
S01_U04.CH4.wav,7158.682,7158.842,background
S01_U04.CH4.wav,7158.842,7166.722,foreground
S01_U04.CH4.wav,7166.722,7167.023,background
S01_U04.CH4.wav,7167.023,7167.033,foreground
S01_U04.CH4.wav,7167.033,7167.042,background
S01_U04.CH4.wav,7167.042,7167.052,foreground
S01_U04.CH4.wav,7167.052,7167.882,background
S01_U04.CH4.wav,7167.882,7169.892,foreground
S01_U04.CH4.wav,7169.892,7170.342,background
S01_U04.CH4.wav,7170.342,7170.802,foreground
S01_U04.CH4.wav,7170.802,7170.823,background
S01_U04.CH4.wav,7170.823,7170.922,foreground
S01_U04.CH4.wav,7170.922,7170.953,background
S01_U04.CH4.wav,7170.953,7170.962,foreground
S01_U04.CH4.wav,7170.962,7171.073,background
S01_U04.CH4.wav,7171.073,7171.592,foreground
S01_U04.CH4.wav,7171.592,7171.623,background
S01_U04.CH4.wav,7171.623,7171.632,foreground
S01_U04.CH4.wav,7171.632,7171.642,background
S01_U04.CH4.wav,7171.642,7171.722,foreground
S01_U04.CH4.wav,7171.722,7172.012,background
S01_U04.CH4.wav,7172.012,7172.962,foreground
S01_U04.CH4.wav,7172.962,7173.632,background
S01_U04.CH4.wav,7173.632,7173.672,foreground
S01_U04.CH4.wav,7173.672,7173.703,background
S01_U04.CH4.wav,7173.703,7173.762,foreground
S01_U04.CH4.wav,7173.762,7174.052,background
S01_U04.CH4.wav,7174.052,7175.113,foreground
S01_U04.CH4.wav,7175.113,7175.302,background
S01_U04.CH4.wav,7175.302,7175.413,foreground
S01_U04.CH4.wav,7175.413,7175.453,background
S01_U04.CH4.wav,7175.453,7175.462,foreground
S01_U04.CH4.wav,7175.462,7175.562,background
S01_U04.CH4.wav,7175.562,7175.823,foreground
S01_U04.CH4.wav,7175.823,7175.892,background
S01_U04.CH4.wav,7175.892,7177.172,foreground
S01_U04.CH4.wav,7177.172,7177.203,background
S01_U04.CH4.wav,7177.203,7178.512,foreground
S01_U04.CH4.wav,7178.512,7179.842,background
S01_U04.CH4.wav,7179.842,7179.852,foreground
S01_U04.CH4.wav,7179.852,7179.863,background
S01_U04.CH4.wav,7179.863,7180.422,foreground
S01_U04.CH4.wav,7180.422,7180.453,background
S01_U04.CH4.wav,7180.453,7180.712,foreground
S01_U04.CH4.wav,7180.712,7181.113,background
S01_U04.CH4.wav,7181.113,7182.823,foreground
S01_U04.CH4.wav,7182.823,7183.102,background
S01_U04.CH4.wav,7183.102,7192.323,foreground
S01_U04.CH4.wav,7192.323,7192.342,background
S01_U04.CH4.wav,7192.342,7192.352,foreground
S01_U04.CH4.wav,7192.352,7192.392,background
S01_U04.CH4.wav,7192.392,7192.462,foreground
S01_U04.CH4.wav,7192.462,7192.623,background
S01_U04.CH4.wav,7192.623,7194.913,foreground
S01_U04.CH4.wav,7194.913,7195.472,background
S01_U04.CH4.wav,7195.472,7196.762,foreground
S01_U04.CH4.wav,7196.762,7196.823,background
S01_U04.CH4.wav,7196.823,7196.852,foreground
S01_U04.CH4.wav,7196.852,7197.012,background
S01_U04.CH4.wav,7197.012,7207.852,foreground
S01_U04.CH4.wav,7207.852,7207.922,background
S01_U04.CH4.wav,7207.922,7208.102,foreground
S01_U04.CH4.wav,7208.102,7208.312,background
S01_U04.CH4.wav,7208.312,7208.373,foreground
S01_U04.CH4.wav,7208.373,7208.582,background
S01_U04.CH4.wav,7208.582,7214.273,foreground
S01_U04.CH4.wav,7214.273,7214.453,background
S01_U04.CH4.wav,7214.453,7214.483,foreground
S01_U04.CH4.wav,7214.483,7214.653,background
S01_U04.CH4.wav,7214.653,7214.693,foreground
S01_U04.CH4.wav,7214.693,7214.783,background
S01_U04.CH4.wav,7214.783,7216.222,foreground
S01_U04.CH4.wav,7216.222,7216.453,background
S01_U04.CH4.wav,7216.453,7217.252,foreground
S01_U04.CH4.wav,7217.252,7217.323,background
S01_U04.CH4.wav,7217.323,7220.602,foreground
S01_U04.CH4.wav,7220.602,7221.012,background
S01_U04.CH4.wav,7221.012,7222.403,foreground
S01_U04.CH4.wav,7222.403,7223.243,background
S01_U04.CH4.wav,7223.243,7223.332,foreground
S01_U04.CH4.wav,7223.332,7223.863,background
S01_U04.CH4.wav,7223.863,7225.352,foreground
S01_U04.CH4.wav,7225.352,7225.943,background
S01_U04.CH4.wav,7225.943,7226.102,foreground
S01_U04.CH4.wav,7226.102,7226.262,background
S01_U04.CH4.wav,7226.262,7233.392,foreground
S01_U04.CH4.wav,7233.392,7233.483,background
S01_U04.CH4.wav,7233.483,7233.823,foreground
S01_U04.CH4.wav,7233.823,7233.913,background
S01_U04.CH4.wav,7233.913,7233.932,foreground
S01_U04.CH4.wav,7233.932,7233.943,background
S01_U04.CH4.wav,7233.943,7242.373,foreground
S01_U04.CH4.wav,7242.373,7242.392,background
S01_U04.CH4.wav,7242.392,7242.403,foreground
S01_U04.CH4.wav,7242.403,7242.422,background
S01_U04.CH4.wav,7242.422,7242.512,foreground
S01_U04.CH4.wav,7242.512,7242.542,background
S01_U04.CH4.wav,7242.542,7242.602,foreground
S01_U04.CH4.wav,7242.602,7242.722,background
S01_U04.CH4.wav,7242.722,7242.823,foreground
S01_U04.CH4.wav,7242.823,7242.873,background
S01_U04.CH4.wav,7242.873,7252.842,foreground
S01_U04.CH4.wav,7252.842,7252.863,background
S01_U04.CH4.wav,7252.863,7288.783,foreground
S01_U04.CH4.wav,7288.783,7288.993,background
S01_U04.CH4.wav,7288.993,7303.783,foreground
S01_U04.CH4.wav,7303.783,7304.283,background
S01_U04.CH4.wav,7304.283,7304.403,foreground
S01_U04.CH4.wav,7304.403,7304.592,background
S01_U04.CH4.wav,7304.592,7316.502,foreground
S01_U04.CH4.wav,7316.502,7316.523,background
S01_U04.CH4.wav,7316.523,7317.483,foreground
S01_U04.CH4.wav,7317.483,7317.812,background
S01_U04.CH4.wav,7317.812,7333.243,foreground
S01_U04.CH4.wav,7333.243,7333.592,background
S01_U04.CH4.wav,7333.592,7359.613,foreground
S01_U04.CH4.wav,7359.613,7359.773,background
S01_U04.CH4.wav,7359.773,7366.002,foreground
S01_U04.CH4.wav,7366.002,7368.233,background
S01_U04.CH4.wav,7368.233,7369.613,foreground
S01_U04.CH4.wav,7369.613,7370.023,background
S01_U04.CH4.wav,7370.023,7378.892,foreground
S01_U04.CH4.wav,7378.892,7379.142,background
S01_U04.CH4.wav,7379.142,7381.113,foreground
S01_U04.CH4.wav,7381.113,7381.243,background
S01_U04.CH4.wav,7381.243,7387.233,foreground
S01_U04.CH4.wav,7387.233,7387.373,background
S01_U04.CH4.wav,7387.373,7387.823,foreground
S01_U04.CH4.wav,7387.823,7387.962,background
S01_U04.CH4.wav,7387.962,7398.363,foreground
S01_U04.CH4.wav,7398.363,7398.863,background
S01_U04.CH4.wav,7398.863,7399.302,foreground
S01_U04.CH4.wav,7399.302,7399.413,background
S01_U04.CH4.wav,7399.413,7399.903,foreground
S01_U04.CH4.wav,7399.903,7403.163,background
S01_U04.CH4.wav,7403.163,7410.632,foreground
S01_U04.CH4.wav,7410.632,7411.632,background
S01_U04.CH4.wav,7411.632,7425.422,foreground
S01_U04.CH4.wav,7425.422,7426.102,background
S01_U04.CH4.wav,7426.102,7432.653,foreground
S01_U04.CH4.wav,7432.653,7433.903,background
S01_U04.CH4.wav,7433.903,7433.972,foreground
S01_U04.CH4.wav,7433.972,7434.273,background
S01_U04.CH4.wav,7434.273,7435.252,foreground
S01_U04.CH4.wav,7435.252,7435.493,background
S01_U04.CH4.wav,7435.493,7444.413,foreground
S01_U04.CH4.wav,7444.413,7444.623,background
S01_U04.CH4.wav,7444.623,7445.903,foreground
S01_U04.CH4.wav,7445.903,7445.953,background
S01_U04.CH4.wav,7445.953,7445.983,foreground
S01_U04.CH4.wav,7445.983,7446.052,background
S01_U04.CH4.wav,7446.052,7460.113,foreground
S01_U04.CH4.wav,7460.113,7460.552,background
S01_U04.CH4.wav,7460.552,7461.483,foreground
S01_U04.CH4.wav,7461.483,7461.523,background
S01_U04.CH4.wav,7461.523,7461.533,foreground
S01_U04.CH4.wav,7461.533,7462.512,background
S01_U04.CH4.wav,7462.512,7464.962,foreground
S01_U04.CH4.wav,7464.962,7466.033,background
S01_U04.CH4.wav,7466.033,7466.792,foreground
S01_U04.CH4.wav,7466.792,7467.163,background
S01_U04.CH4.wav,7467.163,7467.172,foreground
S01_U04.CH4.wav,7467.172,7467.182,background
S01_U04.CH4.wav,7467.182,7467.873,foreground
S01_U04.CH4.wav,7467.873,7468.172,background
S01_U04.CH4.wav,7468.172,7469.422,foreground
S01_U04.CH4.wav,7469.422,7469.533,background
S01_U04.CH4.wav,7469.533,7469.562,foreground
S01_U04.CH4.wav,7469.562,7469.712,background
S01_U04.CH4.wav,7469.712,7470.363,foreground
S01_U04.CH4.wav,7470.363,7470.533,background
S01_U04.CH4.wav,7470.533,7470.552,foreground
S01_U04.CH4.wav,7470.552,7470.592,background
S01_U04.CH4.wav,7470.592,7471.533,foreground
S01_U04.CH4.wav,7471.533,7471.783,background
S01_U04.CH4.wav,7471.783,7473.993,foreground
S01_U04.CH4.wav,7473.993,7474.132,background
S01_U04.CH4.wav,7474.132,7482.113,foreground
S01_U04.CH4.wav,7482.113,7482.462,background
S01_U04.CH4.wav,7482.462,7482.752,foreground
S01_U04.CH4.wav,7482.752,7482.762,background
S01_U04.CH4.wav,7482.762,7485.182,foreground
S01_U04.CH4.wav,7485.182,7485.222,background
S01_U04.CH4.wav,7485.222,7485.302,foreground
S01_U04.CH4.wav,7485.302,7485.623,background
S01_U04.CH4.wav,7485.623,7489.052,foreground
S01_U04.CH4.wav,7489.052,7489.672,background
S01_U04.CH4.wav,7489.672,7493.773,foreground
S01_U04.CH4.wav,7493.773,7495.023,background
S01_U04.CH4.wav,7495.023,7496.193,foreground
S01_U04.CH4.wav,7496.193,7496.352,background
S01_U04.CH4.wav,7496.352,7496.693,foreground
S01_U04.CH4.wav,7496.693,7496.783,background
S01_U04.CH4.wav,7496.783,7496.842,foreground
S01_U04.CH4.wav,7496.842,7497.542,background
S01_U04.CH4.wav,7497.542,7498.823,foreground
S01_U04.CH4.wav,7498.823,7499.722,background
S01_U04.CH4.wav,7499.722,7499.863,foreground
S01_U04.CH4.wav,7499.863,7501.403,background
S01_U04.CH4.wav,7501.403,7502.403,foreground
S01_U04.CH4.wav,7502.403,7503.352,background
S01_U04.CH4.wav,7503.352,7503.913,foreground
S01_U04.CH4.wav,7503.913,7504.573,background
S01_U04.CH4.wav,7504.573,7505.493,foreground
S01_U04.CH4.wav,7505.493,7506.042,background
S01_U04.CH4.wav,7506.042,7506.453,foreground
S01_U04.CH4.wav,7506.453,7507.762,background
S01_U04.CH4.wav,7507.762,7510.312,foreground
S01_U04.CH4.wav,7510.312,7512.042,background
S01_U04.CH4.wav,7512.042,7512.132,foreground
S01_U04.CH4.wav,7512.132,7512.252,background
S01_U04.CH4.wav,7512.252,7512.262,foreground
S01_U04.CH4.wav,7512.262,7512.283,background
S01_U04.CH4.wav,7512.283,7513.623,foreground
S01_U04.CH4.wav,7513.623,7514.233,background
S01_U04.CH4.wav,7514.233,7514.762,foreground
S01_U04.CH4.wav,7514.762,7515.323,background
S01_U04.CH4.wav,7515.323,7516.573,foreground
S01_U04.CH4.wav,7516.573,7517.283,background
S01_U04.CH4.wav,7517.283,7518.273,foreground
S01_U04.CH4.wav,7518.273,7519.132,background
S01_U04.CH4.wav,7519.132,7519.783,foreground
S01_U04.CH4.wav,7519.783,7519.993,background
S01_U04.CH4.wav,7519.993,7538.182,foreground
S01_U04.CH4.wav,7538.182,7538.403,background
S01_U04.CH4.wav,7538.403,7539.142,foreground
S01_U04.CH4.wav,7539.142,7539.413,background
S01_U04.CH4.wav,7539.413,7541.332,foreground
S01_U04.CH4.wav,7541.332,7542.332,background
S01_U04.CH4.wav,7542.332,7542.422,foreground
S01_U04.CH4.wav,7542.422,7542.493,background
S01_U04.CH4.wav,7542.493,7542.502,foreground
S01_U04.CH4.wav,7542.502,7542.512,background
S01_U04.CH4.wav,7542.512,7542.613,foreground
S01_U04.CH4.wav,7542.613,7542.983,background
S01_U04.CH4.wav,7542.983,7548.792,foreground
S01_U04.CH4.wav,7548.792,7549.042,background
S01_U04.CH4.wav,7549.042,7549.653,foreground
S01_U04.CH4.wav,7549.653,7549.743,background
S01_U04.CH4.wav,7549.743,7549.802,foreground
S01_U04.CH4.wav,7549.802,7549.832,background
S01_U04.CH4.wav,7549.832,7549.892,foreground
S01_U04.CH4.wav,7549.892,7550.182,background
S01_U04.CH4.wav,7550.182,7550.783,foreground
S01_U04.CH4.wav,7550.783,7551.052,background
S01_U04.CH4.wav,7551.052,7555.562,foreground
S01_U04.CH4.wav,7555.562,7555.943,background
S01_U04.CH4.wav,7555.943,7566.203,foreground
S01_U04.CH4.wav,7566.203,7566.483,background
S01_U04.CH4.wav,7566.483,7567.392,foreground
S01_U04.CH4.wav,7567.392,7568.002,background
S01_U04.CH4.wav,7568.002,7568.052,foreground
S01_U04.CH4.wav,7568.052,7568.062,background
S01_U04.CH4.wav,7568.062,7568.073,foreground
S01_U04.CH4.wav,7568.073,7568.113,background
S01_U04.CH4.wav,7568.113,7568.262,foreground
S01_U04.CH4.wav,7568.262,7568.792,background
S01_U04.CH4.wav,7568.792,7569.182,foreground
S01_U04.CH4.wav,7569.182,7570.632,background
S01_U04.CH4.wav,7570.632,7575.413,foreground
S01_U04.CH4.wav,7575.413,7575.562,background
S01_U04.CH4.wav,7575.562,7581.653,foreground
S01_U04.CH4.wav,7581.653,7581.852,background
S01_U04.CH4.wav,7581.852,7593.422,foreground
S01_U04.CH4.wav,7593.422,7593.743,background
S01_U04.CH4.wav,7593.743,7597.413,foreground
S01_U04.CH4.wav,7597.413,7597.422,background
S01_U04.CH4.wav,7597.422,7598.582,foreground
S01_U04.CH4.wav,7598.582,7599.153,background
S01_U04.CH4.wav,7599.153,7599.172,foreground
S01_U04.CH4.wav,7599.172,7599.182,background
S01_U04.CH4.wav,7599.182,7599.962,foreground
S01_U04.CH4.wav,7599.962,7600.512,background
S01_U04.CH4.wav,7600.512,7600.632,foreground
S01_U04.CH4.wav,7600.632,7601.562,background
S01_U04.CH4.wav,7601.562,7602.273,foreground
S01_U04.CH4.wav,7602.273,7602.783,background
S01_U04.CH4.wav,7602.783,7622.972,foreground
S01_U04.CH4.wav,7622.972,7623.663,background
S01_U04.CH4.wav,7623.663,7627.203,foreground
S01_U04.CH4.wav,7627.203,7628.703,background
S01_U04.CH4.wav,7628.703,7629.392,foreground
S01_U04.CH4.wav,7629.392,7629.432,background
S01_U04.CH4.wav,7629.432,7629.443,foreground
S01_U04.CH4.wav,7629.443,7629.812,background
S01_U04.CH4.wav,7629.812,7629.852,foreground
S01_U04.CH4.wav,7629.852,7629.873,background
S01_U04.CH4.wav,7629.873,7630.392,foreground
S01_U04.CH4.wav,7630.392,7630.542,background
S01_U04.CH4.wav,7630.542,7630.552,foreground
S01_U04.CH4.wav,7630.552,7630.562,background
S01_U04.CH4.wav,7630.562,7630.632,foreground
S01_U04.CH4.wav,7630.632,7630.663,background
S01_U04.CH4.wav,7630.663,7630.752,foreground
S01_U04.CH4.wav,7630.752,7630.762,background
S01_U04.CH4.wav,7630.762,7630.802,foreground
S01_U04.CH4.wav,7630.802,7630.852,background
S01_U04.CH4.wav,7630.852,7631.042,foreground
S01_U04.CH4.wav,7631.042,7633.403,background
S01_U04.CH4.wav,7633.403,7633.762,foreground
S01_U04.CH4.wav,7633.762,7633.773,background
S01_U04.CH4.wav,7633.773,7633.792,foreground
S01_U04.CH4.wav,7633.792,7634.993,background
S01_U04.CH4.wav,7634.993,7636.302,foreground
S01_U04.CH4.wav,7636.302,7636.373,background
S01_U04.CH4.wav,7636.373,7644.972,foreground
S01_U04.CH4.wav,7644.972,7645.462,background
S01_U04.CH4.wav,7645.462,7647.903,foreground
S01_U04.CH4.wav,7647.903,7648.182,background
S01_U04.CH4.wav,7648.182,7651.483,foreground
S01_U04.CH4.wav,7651.483,7651.502,background
S01_U04.CH4.wav,7651.502,7651.733,foreground
S01_U04.CH4.wav,7651.733,7651.962,background
S01_U04.CH4.wav,7651.962,7653.323,foreground
S01_U04.CH4.wav,7653.323,7654.153,background
S01_U04.CH4.wav,7654.153,7674.613,foreground
S01_U04.CH4.wav,7674.613,7674.703,background
S01_U04.CH4.wav,7674.703,7674.783,foreground
S01_U04.CH4.wav,7674.783,7674.812,background
S01_U04.CH4.wav,7674.812,7716.703,foreground
S01_U04.CH4.wav,7716.703,7716.832,background
S01_U04.CH4.wav,7716.832,7718.542,foreground
S01_U04.CH4.wav,7718.542,7718.552,background
S01_U04.CH4.wav,7718.552,7719.462,foreground
S01_U04.CH4.wav,7719.462,7719.882,background
S01_U04.CH4.wav,7719.882,7722.873,foreground
S01_U04.CH4.wav,7722.873,7724.012,background
S01_U04.CH4.wav,7724.012,7725.962,foreground
S01_U04.CH4.wav,7725.962,7726.443,background
S01_U04.CH4.wav,7726.443,7728.722,foreground
S01_U04.CH4.wav,7728.722,7729.332,background
S01_U04.CH4.wav,7729.332,7734.802,foreground
S01_U04.CH4.wav,7734.802,7736.352,background
S01_U04.CH4.wav,7736.352,7738.582,foreground
S01_U04.CH4.wav,7738.582,7738.623,background
S01_U04.CH4.wav,7738.623,7745.073,foreground
S01_U04.CH4.wav,7745.073,7746.672,background
S01_U04.CH4.wav,7746.672,7748.812,foreground
S01_U04.CH4.wav,7748.812,7749.182,background
S01_U04.CH4.wav,7749.182,7749.623,foreground
S01_U04.CH4.wav,7749.623,7749.653,background
S01_U04.CH4.wav,7749.653,7752.462,foreground
S01_U04.CH4.wav,7752.462,7752.523,background
S01_U04.CH4.wav,7752.523,7758.993,foreground
S01_U04.CH4.wav,7758.993,7760.273,background
S01_U04.CH4.wav,7760.273,7763.472,foreground
S01_U04.CH4.wav,7763.472,7763.953,background
S01_U04.CH4.wav,7763.953,7767.592,foreground
S01_U04.CH4.wav,7767.592,7767.903,background
S01_U04.CH4.wav,7767.903,7768.922,foreground
S01_U04.CH4.wav,7768.922,7769.413,background
S01_U04.CH4.wav,7769.413,7769.453,foreground
S01_U04.CH4.wav,7769.453,7769.462,background
S01_U04.CH4.wav,7769.462,7770.102,foreground
S01_U04.CH4.wav,7770.102,7770.342,background
S01_U04.CH4.wav,7770.342,7770.432,foreground
S01_U04.CH4.wav,7770.432,7770.443,background
S01_U04.CH4.wav,7770.443,7772.432,foreground
S01_U04.CH4.wav,7772.432,7773.233,background
S01_U04.CH4.wav,7773.233,7774.342,foreground
S01_U04.CH4.wav,7774.342,7774.792,background
S01_U04.CH4.wav,7774.792,7775.102,foreground
S01_U04.CH4.wav,7775.102,7775.983,background
S01_U04.CH4.wav,7775.983,7777.672,foreground
S01_U04.CH4.wav,7777.672,7777.903,background
S01_U04.CH4.wav,7777.903,7779.113,foreground
S01_U04.CH4.wav,7779.113,7779.392,background
S01_U04.CH4.wav,7779.392,7781.262,foreground
S01_U04.CH4.wav,7781.262,7781.842,background
S01_U04.CH4.wav,7781.842,7783.252,foreground
S01_U04.CH4.wav,7783.252,7783.783,background
S01_U04.CH4.wav,7783.783,7784.462,foreground
S01_U04.CH4.wav,7784.462,7785.913,background
S01_U04.CH4.wav,7785.913,7785.962,foreground
S01_U04.CH4.wav,7785.962,7785.972,background
S01_U04.CH4.wav,7785.972,7786.012,foreground
S01_U04.CH4.wav,7786.012,7786.033,background
S01_U04.CH4.wav,7786.033,7786.582,foreground
S01_U04.CH4.wav,7786.582,7786.903,background
S01_U04.CH4.wav,7786.903,7787.722,foreground
S01_U04.CH4.wav,7787.722,7788.283,background
S01_U04.CH4.wav,7788.283,7789.153,foreground
S01_U04.CH4.wav,7789.153,7789.302,background
S01_U04.CH4.wav,7789.302,7789.863,foreground
S01_U04.CH4.wav,7789.863,7790.302,background
S01_U04.CH4.wav,7790.302,7790.892,foreground
S01_U04.CH4.wav,7790.892,7791.812,background
S01_U04.CH4.wav,7791.812,7800.292,foreground
S01_U04.CH4.wav,7800.292,7801.403,background
S01_U04.CH4.wav,7801.403,7801.462,foreground
S01_U04.CH4.wav,7801.462,7801.642,background
S01_U04.CH4.wav,7801.642,7811.142,foreground
S01_U04.CH4.wav,7811.142,7811.892,background
S01_U04.CH4.wav,7811.892,7811.932,foreground
S01_U04.CH4.wav,7811.932,7812.012,background
S01_U04.CH4.wav,7812.012,7826.682,foreground
S01_U04.CH4.wav,7826.682,7826.842,background
S01_U04.CH4.wav,7826.842,7841.703,foreground
S01_U04.CH4.wav,7841.703,7842.222,background
S01_U04.CH4.wav,7842.222,7843.193,foreground
S01_U04.CH4.wav,7843.193,7843.852,background
S01_U04.CH4.wav,7843.852,7844.432,foreground
S01_U04.CH4.wav,7844.432,7844.462,background
S01_U04.CH4.wav,7844.462,7844.703,foreground
S01_U04.CH4.wav,7844.703,7844.773,background
S01_U04.CH4.wav,7844.773,7845.233,foreground
S01_U04.CH4.wav,7845.233,7845.623,background
S01_U04.CH4.wav,7845.623,7847.913,foreground
S01_U04.CH4.wav,7847.913,7847.932,background
S01_U04.CH4.wav,7847.932,7847.953,foreground
S01_U04.CH4.wav,7847.953,7849.243,background
S01_U04.CH4.wav,7849.243,7850.552,foreground
S01_U04.CH4.wav,7850.552,7850.842,background
S01_U04.CH4.wav,7850.842,7850.852,foreground
S01_U04.CH4.wav,7850.852,7850.863,background
S01_U04.CH4.wav,7850.863,7850.882,foreground
S01_U04.CH4.wav,7850.882,7850.932,background
S01_U04.CH4.wav,7850.932,7855.262,foreground
S01_U04.CH4.wav,7855.262,7855.743,background
S01_U04.CH4.wav,7855.743,7855.762,foreground
S01_U04.CH4.wav,7855.762,7855.773,background
S01_U04.CH4.wav,7855.773,7855.783,foreground
S01_U04.CH4.wav,7855.783,7855.792,background
S01_U04.CH4.wav,7855.792,7859.703,foreground
S01_U04.CH4.wav,7859.703,7861.132,background
S01_U04.CH4.wav,7861.132,7861.193,foreground
S01_U04.CH4.wav,7861.193,7861.212,background
S01_U04.CH4.wav,7861.212,7861.262,foreground
S01_U04.CH4.wav,7861.262,7861.273,background
S01_U04.CH4.wav,7861.273,7861.323,foreground
S01_U04.CH4.wav,7861.323,7861.363,background
S01_U04.CH4.wav,7861.363,7861.443,foreground
S01_U04.CH4.wav,7861.443,7861.472,background
S01_U04.CH4.wav,7861.472,7862.592,foreground
S01_U04.CH4.wav,7862.592,7862.832,background
S01_U04.CH4.wav,7862.832,7863.502,foreground
S01_U04.CH4.wav,7863.502,7864.292,background
S01_U04.CH4.wav,7864.292,7864.302,foreground
S01_U04.CH4.wav,7864.302,7864.332,background
S01_U04.CH4.wav,7864.332,7864.403,foreground
S01_U04.CH4.wav,7864.403,7864.472,background
S01_U04.CH4.wav,7864.472,7865.693,foreground
S01_U04.CH4.wav,7865.693,7866.023,background
S01_U04.CH4.wav,7866.023,7866.212,foreground
S01_U04.CH4.wav,7866.212,7867.443,background
S01_U04.CH4.wav,7867.443,7867.462,foreground
S01_U04.CH4.wav,7867.462,7867.752,background
S01_U04.CH4.wav,7867.752,7867.773,foreground
S01_U04.CH4.wav,7867.773,7867.783,background
S01_U04.CH4.wav,7867.783,7867.863,foreground
S01_U04.CH4.wav,7867.863,7868.012,background
S01_U04.CH4.wav,7868.012,7868.033,foreground
S01_U04.CH4.wav,7868.033,7869.752,background
S01_U04.CH4.wav,7869.752,7869.962,foreground
S01_U04.CH4.wav,7869.962,7871.042,background
S01_U04.CH4.wav,7871.042,7871.882,foreground
S01_U04.CH4.wav,7871.882,7872.182,background
S01_U04.CH4.wav,7872.182,7872.592,foreground
S01_U04.CH4.wav,7872.592,7874.153,background
S01_U04.CH4.wav,7874.153,7876.542,foreground
S01_U04.CH4.wav,7876.542,7876.852,background
S01_U04.CH4.wav,7876.852,7877.002,foreground
S01_U04.CH4.wav,7877.002,7878.233,background
S01_U04.CH4.wav,7878.233,7878.773,foreground
S01_U04.CH4.wav,7878.773,7878.792,background
S01_U04.CH4.wav,7878.792,7878.802,foreground
S01_U04.CH4.wav,7878.802,7880.613,background
S01_U04.CH4.wav,7880.613,7882.083,foreground
S01_U04.CH4.wav,7882.083,7882.243,background
S01_U04.CH4.wav,7882.243,7882.693,foreground
S01_U04.CH4.wav,7882.693,7883.172,background
S01_U04.CH4.wav,7883.172,7883.922,foreground
S01_U04.CH4.wav,7883.922,7883.962,background
S01_U04.CH4.wav,7883.962,7884.172,foreground
S01_U04.CH4.wav,7884.172,7884.233,background
S01_U04.CH4.wav,7884.233,7884.523,foreground
S01_U04.CH4.wav,7884.523,7885.102,background
S01_U04.CH4.wav,7885.102,7888.352,foreground
S01_U04.CH4.wav,7888.352,7889.102,background
S01_U04.CH4.wav,7889.102,7890.182,foreground
S01_U04.CH4.wav,7890.182,7890.623,background
S01_U04.CH4.wav,7890.623,7890.642,foreground
S01_U04.CH4.wav,7890.642,7890.663,background
S01_U04.CH4.wav,7890.663,7890.993,foreground
S01_U04.CH4.wav,7890.993,7892.312,background
S01_U04.CH4.wav,7892.312,7893.512,foreground
S01_U04.CH4.wav,7893.512,7893.533,background
S01_U04.CH4.wav,7893.533,7893.632,foreground
S01_U04.CH4.wav,7893.632,7893.953,background
S01_U04.CH4.wav,7893.953,7894.172,foreground
S01_U04.CH4.wav,7894.172,7894.203,background
S01_U04.CH4.wav,7894.203,7894.363,foreground
S01_U04.CH4.wav,7894.363,7894.392,background
S01_U04.CH4.wav,7894.392,7894.642,foreground
S01_U04.CH4.wav,7894.642,7894.663,background
S01_U04.CH4.wav,7894.663,7896.193,foreground
S01_U04.CH4.wav,7896.193,7897.113,background
S01_U04.CH4.wav,7897.113,7898.062,foreground
S01_U04.CH4.wav,7898.062,7898.403,background
S01_U04.CH4.wav,7898.403,7899.243,foreground
S01_U04.CH4.wav,7899.243,7899.552,background
S01_U04.CH4.wav,7899.552,7899.613,foreground
S01_U04.CH4.wav,7899.613,7900.483,background
S01_U04.CH4.wav,7900.483,7900.993,foreground
S01_U04.CH4.wav,7900.993,7901.153,background
S01_U04.CH4.wav,7901.153,7903.583,foreground
S01_U04.CH4.wav,7903.583,7903.773,background
S01_U04.CH4.wav,7903.773,7904.023,foreground
S01_U04.CH4.wav,7904.023,7905.312,background
S01_U04.CH4.wav,7905.312,7905.932,foreground
S01_U04.CH4.wav,7905.932,7907.693,background
S01_U04.CH4.wav,7907.693,7908.012,foreground
S01_U04.CH4.wav,7908.012,7910.153,background
S01_U04.CH4.wav,7910.153,7910.502,foreground
S01_U04.CH4.wav,7910.502,7910.512,background
S01_U04.CH4.wav,7910.512,7912.092,foreground
S01_U04.CH4.wav,7912.092,7912.903,background
S01_U04.CH4.wav,7912.903,7914.983,foreground
S01_U04.CH4.wav,7914.983,7917.382,background
S01_U04.CH4.wav,7917.382,7919.613,foreground
S01_U04.CH4.wav,7919.613,7919.892,background
S01_U04.CH4.wav,7919.892,7920.592,foreground
S01_U04.CH4.wav,7920.592,7921.073,background
S01_U04.CH4.wav,7921.073,7923.592,foreground
S01_U04.CH4.wav,7923.592,7925.302,background
S01_U04.CH4.wav,7925.302,7925.573,foreground
S01_U04.CH4.wav,7925.573,7925.592,background
S01_U04.CH4.wav,7925.592,7925.623,foreground
S01_U04.CH4.wav,7925.623,7927.012,background
S01_U04.CH4.wav,7927.012,7927.083,foreground
S01_U04.CH4.wav,7927.083,7927.102,background
S01_U04.CH4.wav,7927.102,7927.113,foreground
S01_U04.CH4.wav,7927.113,7927.123,background
S01_U04.CH4.wav,7927.123,7935.583,foreground
S01_U04.CH4.wav,7935.583,7936.012,background
S01_U04.CH4.wav,7936.012,7937.212,foreground
S01_U04.CH4.wav,7937.212,7937.632,background
S01_U04.CH4.wav,7937.632,7947.062,foreground
S01_U04.CH4.wav,7947.062,7947.483,background
S01_U04.CH4.wav,7947.483,7948.432,foreground
S01_U04.CH4.wav,7948.432,7948.802,background
S01_U04.CH4.wav,7948.802,7950.712,foreground
S01_U04.CH4.wav,7950.712,7950.932,background
S01_U04.CH4.wav,7950.932,7955.583,foreground
S01_U04.CH4.wav,7955.583,7956.203,background
S01_U04.CH4.wav,7956.203,7962.592,foreground
S01_U04.CH4.wav,7962.592,7964.432,background
S01_U04.CH4.wav,7964.432,7964.542,foreground
S01_U04.CH4.wav,7964.542,7965.172,background
S01_U04.CH4.wav,7965.172,7966.233,foreground
S01_U04.CH4.wav,7966.233,7966.653,background
S01_U04.CH4.wav,7966.653,7966.773,foreground
S01_U04.CH4.wav,7966.773,7966.783,background
S01_U04.CH4.wav,7966.783,7966.792,foreground
S01_U04.CH4.wav,7966.792,7967.762,background
S01_U04.CH4.wav,7967.762,7968.623,foreground
S01_U04.CH4.wav,7968.623,7970.123,background
S01_U04.CH4.wav,7970.123,7970.333,foreground
S01_U04.CH4.wav,7970.333,7970.833,background
S01_U04.CH4.wav,7970.833,7971.573,foreground
S01_U04.CH4.wav,7971.573,7971.972,background
S01_U04.CH4.wav,7971.972,7975.512,foreground
S01_U04.CH4.wav,7975.512,7975.792,background
S01_U04.CH4.wav,7975.792,7975.903,foreground
S01_U04.CH4.wav,7975.903,7976.562,background
S01_U04.CH4.wav,7976.562,7976.583,foreground
S01_U04.CH4.wav,7976.583,7976.592,background
S01_U04.CH4.wav,7976.592,7976.722,foreground
S01_U04.CH4.wav,7976.722,7976.932,background
S01_U04.CH4.wav,7976.932,7977.142,foreground
S01_U04.CH4.wav,7977.142,7977.172,background
S01_U04.CH4.wav,7977.172,7977.182,foreground
S01_U04.CH4.wav,7977.182,7977.233,background
S01_U04.CH4.wav,7977.233,7977.783,foreground
S01_U04.CH4.wav,7977.783,7978.302,background
S01_U04.CH4.wav,7978.302,7978.472,foreground
S01_U04.CH4.wav,7978.472,7978.573,background
S01_U04.CH4.wav,7978.573,7978.672,foreground
S01_U04.CH4.wav,7978.672,7978.943,background
S01_U04.CH4.wav,7978.943,7978.962,foreground
S01_U04.CH4.wav,7978.962,7978.972,background
S01_U04.CH4.wav,7978.972,7981.262,foreground
S01_U04.CH4.wav,7981.262,7981.922,background
S01_U04.CH4.wav,7981.922,7983.512,foreground
S01_U04.CH4.wav,7983.512,7983.812,background
S01_U04.CH4.wav,7983.812,7985.512,foreground
S01_U04.CH4.wav,7985.512,7986.533,background
S01_U04.CH4.wav,7986.533,7987.083,foreground
S01_U04.CH4.wav,7987.083,7987.092,background
S01_U04.CH4.wav,7987.092,7987.642,foreground
S01_U04.CH4.wav,7987.642,7987.672,background
S01_U04.CH4.wav,7987.672,7987.712,foreground
S01_U04.CH4.wav,7987.712,7990.743,background
S01_U04.CH4.wav,7990.743,7990.903,foreground
S01_U04.CH4.wav,7990.903,7991.722,background
S01_U04.CH4.wav,7991.722,7992.523,foreground
S01_U04.CH4.wav,7992.523,7993.823,background
S01_U04.CH4.wav,7993.823,7994.172,foreground
S01_U04.CH4.wav,7994.172,7994.653,background
S01_U04.CH4.wav,7994.653,7994.892,foreground
S01_U04.CH4.wav,7994.892,7996.092,background
S01_U04.CH4.wav,7996.092,7997.483,foreground
S01_U04.CH4.wav,7997.483,7997.913,background
S01_U04.CH4.wav,7997.913,7998.222,foreground
S01_U04.CH4.wav,7998.222,8000.092,background
S01_U04.CH4.wav,8000.092,8000.102,foreground
S01_U04.CH4.wav,8000.102,8000.163,background
S01_U04.CH4.wav,8000.163,8000.193,foreground
S01_U04.CH4.wav,8000.193,8000.903,background
S01_U04.CH4.wav,8000.903,8001.413,foreground
S01_U04.CH4.wav,8001.413,8002.323,background
S01_U04.CH4.wav,8002.323,8002.703,foreground
S01_U04.CH4.wav,8002.703,8004.672,background
S01_U04.CH4.wav,8004.672,8005.792,foreground
S01_U04.CH4.wav,8005.792,8006.302,background
S01_U04.CH4.wav,8006.302,8006.413,foreground
S01_U04.CH4.wav,8006.413,8007.712,background
S01_U04.CH4.wav,8007.712,8009.302,foreground
S01_U04.CH4.wav,8009.302,8009.823,background
S01_U04.CH4.wav,8009.823,8010.493,foreground
S01_U04.CH4.wav,8010.493,8010.802,background
S01_U04.CH4.wav,8010.802,8012.672,foreground
S01_U04.CH4.wav,8012.672,8012.972,background
S01_U04.CH4.wav,8012.972,8013.023,foreground
S01_U04.CH4.wav,8013.023,8013.052,background
S01_U04.CH4.wav,8013.052,8025.403,foreground
S01_U04.CH4.wav,8025.403,8025.733,background
S01_U04.CH4.wav,8025.733,8026.363,foreground
S01_U04.CH4.wav,8026.363,8026.552,background
S01_U04.CH4.wav,8026.552,8026.602,foreground
S01_U04.CH4.wav,8026.602,8026.773,background
S01_U04.CH4.wav,8026.773,8029.972,foreground
S01_U04.CH4.wav,8029.972,8030.233,background
S01_U04.CH4.wav,8030.233,8034.342,foreground
S01_U04.CH4.wav,8034.342,8034.953,background
S01_U04.CH4.wav,8034.953,8038.142,foreground
S01_U04.CH4.wav,8038.142,8038.512,background
S01_U04.CH4.wav,8038.512,8039.472,foreground
S01_U04.CH4.wav,8039.472,8039.632,background
S01_U04.CH4.wav,8039.632,8042.392,foreground
S01_U04.CH4.wav,8042.392,8042.943,background
S01_U04.CH4.wav,8042.943,8043.502,foreground
S01_U04.CH4.wav,8043.502,8043.682,background
S01_U04.CH4.wav,8043.682,8043.712,foreground
S01_U04.CH4.wav,8043.712,8043.762,background
S01_U04.CH4.wav,8043.762,8043.792,foreground
S01_U04.CH4.wav,8043.792,8043.842,background
S01_U04.CH4.wav,8043.842,8043.873,foreground
S01_U04.CH4.wav,8043.873,8043.903,background
S01_U04.CH4.wav,8043.903,8043.962,foreground
S01_U04.CH4.wav,8043.962,8044.002,background
S01_U04.CH4.wav,8044.002,8044.123,foreground
S01_U04.CH4.wav,8044.123,8046.273,background
S01_U04.CH4.wav,8046.273,8048.792,foreground
S01_U04.CH4.wav,8048.792,8050.203,background
S01_U04.CH4.wav,8050.203,8050.653,foreground
S01_U04.CH4.wav,8050.653,8051.073,background
S01_U04.CH4.wav,8051.073,8051.632,foreground
S01_U04.CH4.wav,8051.632,8052.092,background
S01_U04.CH4.wav,8052.092,8052.462,foreground
S01_U04.CH4.wav,8052.462,8054.773,background
S01_U04.CH4.wav,8054.773,8055.033,foreground
S01_U04.CH4.wav,8055.033,8055.533,background
S01_U04.CH4.wav,8055.533,8056.153,foreground
S01_U04.CH4.wav,8056.153,8057.182,background
S01_U04.CH4.wav,8057.182,8057.953,foreground
S01_U04.CH4.wav,8057.953,8058.373,background
S01_U04.CH4.wav,8058.373,8059.323,foreground
S01_U04.CH4.wav,8059.323,8059.342,background
S01_U04.CH4.wav,8059.342,8059.363,foreground
S01_U04.CH4.wav,8059.363,8059.833,background
S01_U04.CH4.wav,8059.833,8062.892,foreground
S01_U04.CH4.wav,8062.892,8063.212,background
S01_U04.CH4.wav,8063.212,8063.743,foreground
S01_U04.CH4.wav,8063.743,8063.823,background
S01_U04.CH4.wav,8063.823,8064.783,foreground
S01_U04.CH4.wav,8064.783,8065.663,background
S01_U04.CH4.wav,8065.663,8066.932,foreground
S01_U04.CH4.wav,8066.932,8067.493,background
S01_U04.CH4.wav,8067.493,8068.922,foreground
S01_U04.CH4.wav,8068.922,8069.153,background
S01_U04.CH4.wav,8069.153,8069.682,foreground
S01_U04.CH4.wav,8069.682,8070.733,background
S01_U04.CH4.wav,8070.733,8071.453,foreground
S01_U04.CH4.wav,8071.453,8071.562,background
S01_U04.CH4.wav,8071.562,8073.792,foreground
S01_U04.CH4.wav,8073.792,8074.342,background
S01_U04.CH4.wav,8074.342,8077.392,foreground
S01_U04.CH4.wav,8077.392,8078.252,background
S01_U04.CH4.wav,8078.252,8078.262,foreground
S01_U04.CH4.wav,8078.262,8078.403,background
S01_U04.CH4.wav,8078.403,8078.453,foreground
S01_U04.CH4.wav,8078.453,8078.703,background
S01_U04.CH4.wav,8078.703,8079.613,foreground
S01_U04.CH4.wav,8079.613,8080.523,background
S01_U04.CH4.wav,8080.523,8080.842,foreground
S01_U04.CH4.wav,8080.842,8082.403,background
S01_U04.CH4.wav,8082.403,8083.132,foreground
S01_U04.CH4.wav,8083.132,8083.632,background
S01_U04.CH4.wav,8083.632,8084.212,foreground
S01_U04.CH4.wav,8084.212,8084.712,background
S01_U04.CH4.wav,8084.712,8085.983,foreground
S01_U04.CH4.wav,8085.983,8087.382,background
S01_U04.CH4.wav,8087.382,8087.623,foreground
S01_U04.CH4.wav,8087.623,8087.722,background
S01_U04.CH4.wav,8087.722,8087.932,foreground
S01_U04.CH4.wav,8087.932,8088.552,background
S01_U04.CH4.wav,8088.552,8088.882,foreground
S01_U04.CH4.wav,8088.882,8088.932,background
S01_U04.CH4.wav,8088.932,8088.972,foreground
S01_U04.CH4.wav,8088.972,8090.552,background
S01_U04.CH4.wav,8090.552,8091.352,foreground
S01_U04.CH4.wav,8091.352,8091.932,background
S01_U04.CH4.wav,8091.932,8093.833,foreground
S01_U04.CH4.wav,8093.833,8094.432,background
S01_U04.CH4.wav,8094.432,8094.613,foreground
S01_U04.CH4.wav,8094.613,8094.672,background
S01_U04.CH4.wav,8094.672,8094.882,foreground
S01_U04.CH4.wav,8094.882,8094.892,background
S01_U04.CH4.wav,8094.892,8094.972,foreground
S01_U04.CH4.wav,8094.972,8094.983,background
S01_U04.CH4.wav,8094.983,8095.403,foreground
S01_U04.CH4.wav,8095.403,8096.333,background
S01_U04.CH4.wav,8096.333,8096.943,foreground
S01_U04.CH4.wav,8096.943,8098.062,background
S01_U04.CH4.wav,8098.062,8098.693,foreground
S01_U04.CH4.wav,8098.693,8099.512,background
S01_U04.CH4.wav,8099.512,8100.783,foreground
S01_U04.CH4.wav,8100.783,8100.943,background
S01_U04.CH4.wav,8100.943,8101.512,foreground
S01_U04.CH4.wav,8101.512,8102.312,background
S01_U04.CH4.wav,8102.312,8102.493,foreground
S01_U04.CH4.wav,8102.493,8103.722,background
S01_U04.CH4.wav,8103.722,8112.613,foreground
S01_U04.CH4.wav,8112.613,8113.132,background
S01_U04.CH4.wav,8113.132,8115.852,foreground
S01_U04.CH4.wav,8115.852,8116.312,background
S01_U04.CH4.wav,8116.312,8119.002,foreground
S01_U04.CH4.wav,8119.002,8119.203,background
S01_U04.CH4.wav,8119.203,8141.002,foreground
S01_U04.CH4.wav,8141.002,8141.023,background
S01_U04.CH4.wav,8141.023,8141.033,foreground
S01_U04.CH4.wav,8141.033,8141.852,background
S01_U04.CH4.wav,8141.852,8144.682,foreground
S01_U04.CH4.wav,8144.682,8145.012,background
S01_U04.CH4.wav,8145.012,8147.523,foreground
S01_U04.CH4.wav,8147.523,8149.682,background
S01_U04.CH4.wav,8149.682,8149.703,foreground
S01_U04.CH4.wav,8149.703,8149.733,background
S01_U04.CH4.wav,8149.733,8150.493,foreground
S01_U04.CH4.wav,8150.493,8150.762,background
S01_U04.CH4.wav,8150.762,8151.252,foreground
S01_U04.CH4.wav,8151.252,8152.462,background
S01_U04.CH4.wav,8152.462,8153.033,foreground
S01_U04.CH4.wav,8153.033,8153.472,background
S01_U04.CH4.wav,8153.472,8154.252,foreground
S01_U04.CH4.wav,8154.252,8154.913,background
S01_U04.CH4.wav,8154.913,8154.932,foreground
S01_U04.CH4.wav,8154.932,8154.983,background
S01_U04.CH4.wav,8154.983,8155.052,foreground
S01_U04.CH4.wav,8155.052,8155.113,background
S01_U04.CH4.wav,8155.113,8155.342,foreground
S01_U04.CH4.wav,8155.342,8155.583,background
S01_U04.CH4.wav,8155.583,8157.243,foreground
S01_U04.CH4.wav,8157.243,8157.472,background
S01_U04.CH4.wav,8157.472,8159.292,foreground
S01_U04.CH4.wav,8159.292,8161.773,background
S01_U04.CH4.wav,8161.773,8163.052,foreground
S01_U04.CH4.wav,8163.052,8163.163,background
S01_U04.CH4.wav,8163.163,8163.283,foreground
S01_U04.CH4.wav,8163.283,8163.352,background
S01_U04.CH4.wav,8163.352,8167.483,foreground
S01_U04.CH4.wav,8167.483,8168.363,background
S01_U04.CH4.wav,8168.363,8168.462,foreground
S01_U04.CH4.wav,8168.462,8171.462,background
S01_U04.CH4.wav,8171.462,8171.663,foreground
S01_U04.CH4.wav,8171.663,8173.373,background
S01_U04.CH4.wav,8173.373,8173.592,foreground
S01_U04.CH4.wav,8173.592,8173.642,background
S01_U04.CH4.wav,8173.642,8173.653,foreground
S01_U04.CH4.wav,8173.653,8173.703,background
S01_U04.CH4.wav,8173.703,8173.802,foreground
S01_U04.CH4.wav,8173.802,8174.443,background
S01_U04.CH4.wav,8174.443,8174.863,foreground
S01_U04.CH4.wav,8174.863,8175.062,background
S01_U04.CH4.wav,8175.062,8175.682,foreground
S01_U04.CH4.wav,8175.682,8177.562,background
S01_U04.CH4.wav,8177.562,8177.812,foreground
S01_U04.CH4.wav,8177.812,8179.212,background
S01_U04.CH4.wav,8179.212,8179.382,foreground
S01_U04.CH4.wav,8179.382,8179.873,background
S01_U04.CH4.wav,8179.873,8180.153,foreground
S01_U04.CH4.wav,8180.153,8180.812,background
S01_U04.CH4.wav,8180.812,8180.932,foreground
S01_U04.CH4.wav,8180.932,8182.613,background
S01_U04.CH4.wav,8182.613,8182.833,foreground
S01_U04.CH4.wav,8182.833,8184.573,background
S01_U04.CH4.wav,8184.573,8184.583,foreground
S01_U04.CH4.wav,8184.583,8184.592,background
S01_U04.CH4.wav,8184.592,8185.113,foreground
S01_U04.CH4.wav,8185.113,8185.243,background
S01_U04.CH4.wav,8185.243,8185.363,foreground
S01_U04.CH4.wav,8185.363,8187.483,background
S01_U04.CH4.wav,8187.483,8188.682,foreground
S01_U04.CH4.wav,8188.682,8189.142,background
S01_U04.CH4.wav,8189.142,8189.262,foreground
S01_U04.CH4.wav,8189.262,8189.962,background
S01_U04.CH4.wav,8189.962,8190.153,foreground
S01_U04.CH4.wav,8190.153,8190.842,background
S01_U04.CH4.wav,8190.842,8191.672,foreground
S01_U04.CH4.wav,8191.672,8193.113,background
S01_U04.CH4.wav,8193.113,8194.673,foreground
S01_U04.CH4.wav,8194.673,8195.733,background
S01_U04.CH4.wav,8195.733,8196.243,foreground
S01_U04.CH4.wav,8196.243,8197.163,background
S01_U04.CH4.wav,8197.163,8197.183,foreground
S01_U04.CH4.wav,8197.183,8197.193,background
S01_U04.CH4.wav,8197.193,8197.203,foreground
S01_U04.CH4.wav,8197.203,8198.933,background
S01_U04.CH4.wav,8198.933,8199.463,foreground
S01_U04.CH4.wav,8199.463,8200.683,background
S01_U04.CH4.wav,8200.683,8200.773,foreground
S01_U04.CH4.wav,8200.773,8200.803,background
S01_U04.CH4.wav,8200.803,8200.812,foreground
S01_U04.CH4.wav,8200.812,8200.913,background
S01_U04.CH4.wav,8200.913,8200.923,foreground
S01_U04.CH4.wav,8200.923,8200.933,background
S01_U04.CH4.wav,8200.933,8201.173,foreground
S01_U04.CH4.wav,8201.173,8202.633,background
S01_U04.CH4.wav,8202.633,8203.093,foreground
S01_U04.CH4.wav,8203.093,8203.803,background
S01_U04.CH4.wav,8203.803,8205.513,foreground
S01_U04.CH4.wav,8205.513,8207.353,background
S01_U04.CH4.wav,8207.353,8207.663,foreground
S01_U04.CH4.wav,8207.663,8207.763,background
S01_U04.CH4.wav,8207.763,8208.053,foreground
S01_U04.CH4.wav,8208.053,8209.003,background
S01_U04.CH4.wav,8209.003,8210.213,foreground
S01_U04.CH4.wav,8210.213,8214.253,background
S01_U04.CH4.wav,8214.253,8214.793,foreground
S01_U04.CH4.wav,8214.793,8216.033,background
S01_U04.CH4.wav,8216.033,8216.073,foreground
S01_U04.CH4.wav,8216.073,8217.133,background
S01_U04.CH4.wav,8217.133,8217.703,foreground
S01_U04.CH4.wav,8217.703,8218.433,background
S01_U04.CH4.wav,8218.433,8219.503,foreground
S01_U04.CH4.wav,8219.503,8221.163,background
S01_U04.CH4.wav,8221.163,8221.503,foreground
S01_U04.CH4.wav,8221.503,8222.093,background
S01_U04.CH4.wav,8222.093,8222.562,foreground
S01_U04.CH4.wav,8222.562,8225.033,background
S01_U04.CH4.wav,8225.033,8225.203,foreground
S01_U04.CH4.wav,8225.203,8225.803,background
S01_U04.CH4.wav,8225.803,8226.253,foreground
S01_U04.CH4.wav,8226.253,8226.653,background
S01_U04.CH4.wav,8226.653,8226.693,foreground
S01_U04.CH4.wav,8226.693,8226.703,background
S01_U04.CH4.wav,8226.703,8227.853,foreground
S01_U04.CH4.wav,8227.853,8229.073,background
S01_U04.CH4.wav,8229.073,8231.933,foreground
S01_U04.CH4.wav,8231.933,8232.383,background
S01_U04.CH4.wav,8232.383,8232.393,foreground
S01_U04.CH4.wav,8232.393,8232.413,background
S01_U04.CH4.wav,8232.413,8232.423,foreground
S01_U04.CH4.wav,8232.423,8232.443,background
S01_U04.CH4.wav,8232.443,8232.463,foreground
S01_U04.CH4.wav,8232.463,8232.483,background
S01_U04.CH4.wav,8232.483,8233.073,foreground
S01_U04.CH4.wav,8233.073,8234.803,background
S01_U04.CH4.wav,8234.803,8235.283,foreground
S01_U04.CH4.wav,8235.283,8235.833,background
S01_U04.CH4.wav,8235.833,8236.533,foreground
S01_U04.CH4.wav,8236.533,8236.943,background
S01_U04.CH4.wav,8236.943,8237.843,foreground
S01_U04.CH4.wav,8237.843,8239.523,background
S01_U04.CH4.wav,8239.523,8241.593,foreground
S01_U04.CH4.wav,8241.593,8242.173,background
S01_U04.CH4.wav,8242.173,8242.183,foreground
S01_U04.CH4.wav,8242.183,8242.193,background
S01_U04.CH4.wav,8242.193,8242.373,foreground
S01_U04.CH4.wav,8242.373,8242.403,background
S01_U04.CH4.wav,8242.403,8247.243,foreground
S01_U04.CH4.wav,8247.243,8247.573,background
S01_U04.CH4.wav,8247.573,8251.043,foreground
S01_U04.CH4.wav,8251.043,8252.553,background
S01_U04.CH4.wav,8252.553,8254.523,foreground
S01_U04.CH4.wav,8254.523,8254.793,background
S01_U04.CH4.wav,8254.793,8257.613,foreground
S01_U04.CH4.wav,8257.613,8258.312,background
S01_U04.CH4.wav,8258.312,8264.393,foreground
S01_U04.CH4.wav,8264.393,8265.223,background
S01_U04.CH4.wav,8265.223,8269.203,foreground
S01_U04.CH4.wav,8269.203,8269.883,background
S01_U04.CH4.wav,8269.883,8271.893,foreground
S01_U04.CH4.wav,8271.893,8272.683,background
S01_U04.CH4.wav,8272.683,8273.283,foreground
S01_U04.CH4.wav,8273.283,8273.853,background
S01_U04.CH4.wav,8273.853,8274.983,foreground
S01_U04.CH4.wav,8274.983,8275.723,background
S01_U04.CH4.wav,8275.723,8284.103,foreground
S01_U04.CH4.wav,8284.103,8284.213,background
S01_U04.CH4.wav,8284.213,8284.243,foreground
S01_U04.CH4.wav,8284.243,8284.293,background
S01_U04.CH4.wav,8284.293,8294.283,foreground
S01_U04.CH4.wav,8294.283,8294.613,background
S01_U04.CH4.wav,8294.613,8295.363,foreground
S01_U04.CH4.wav,8295.363,8295.663,background
S01_U04.CH4.wav,8295.663,8296.803,foreground
S01_U04.CH4.wav,8296.803,8297.562,background
S01_U04.CH4.wav,8297.562,8304.883,foreground
S01_U04.CH4.wav,8304.883,8305.823,background
S01_U04.CH4.wav,8305.823,8306.343,foreground
S01_U04.CH4.wav,8306.343,8306.803,background
S01_U04.CH4.wav,8306.803,8307.183,foreground
S01_U04.CH4.wav,8307.183,8307.883,background
S01_U04.CH4.wav,8307.883,8308.093,foreground
S01_U04.CH4.wav,8308.093,8308.553,background
S01_U04.CH4.wav,8308.553,8310.583,foreground
S01_U04.CH4.wav,8310.583,8311.173,background
S01_U04.CH4.wav,8311.173,8313.093,foreground
S01_U04.CH4.wav,8313.093,8313.812,background
S01_U04.CH4.wav,8313.812,8313.993,foreground
S01_U04.CH4.wav,8313.993,8314.973,background
S01_U04.CH4.wav,8314.973,8314.983,foreground
S01_U04.CH4.wav,8314.983,8315.033,background
S01_U04.CH4.wav,8315.033,8315.673,foreground
S01_U04.CH4.wav,8315.673,8315.853,background
S01_U04.CH4.wav,8315.853,8315.953,foreground
S01_U04.CH4.wav,8315.953,8316.123,background
S01_U04.CH4.wav,8316.123,8321.923,foreground
S01_U04.CH4.wav,8321.923,8321.953,background
S01_U04.CH4.wav,8321.953,8322.683,foreground
S01_U04.CH4.wav,8322.683,8322.723,background
S01_U04.CH4.wav,8322.723,8322.743,foreground
S01_U04.CH4.wav,8322.743,8322.753,background
S01_U04.CH4.wav,8322.753,8322.783,foreground
S01_U04.CH4.wav,8322.783,8322.812,background
S01_U04.CH4.wav,8322.812,8322.823,foreground
S01_U04.CH4.wav,8322.823,8322.833,background
S01_U04.CH4.wav,8322.833,8322.953,foreground
S01_U04.CH4.wav,8322.953,8323.143,background
S01_U04.CH4.wav,8323.143,8323.353,foreground
S01_U04.CH4.wav,8323.353,8323.363,background
S01_U04.CH4.wav,8323.363,8323.393,foreground
S01_U04.CH4.wav,8323.393,8323.443,background
S01_U04.CH4.wav,8323.443,8323.553,foreground
S01_U04.CH4.wav,8323.553,8324.583,background
S01_U04.CH4.wav,8324.583,8328.293,foreground
S01_U04.CH4.wav,8328.293,8328.913,background
S01_U04.CH4.wav,8328.913,8341.083,foreground
S01_U04.CH4.wav,8341.083,8341.463,background
S01_U04.CH4.wav,8341.463,8341.633,foreground
S01_U04.CH4.wav,8341.633,8342.143,background
S01_U04.CH4.wav,8342.143,8349.343,foreground
S01_U04.CH4.wav,8349.343,8349.613,background
S01_U04.CH4.wav,8349.613,8349.653,foreground
S01_U04.CH4.wav,8349.653,8350.683,background
S01_U04.CH4.wav,8350.683,8350.812,foreground
S01_U04.CH4.wav,8350.812,8350.873,background
S01_U04.CH4.wav,8350.873,8370.073,foreground
S01_U04.CH4.wav,8370.073,8370.883,background
S01_U04.CH4.wav,8370.883,8378.812,foreground
S01_U04.CH4.wav,8378.812,8379.163,background
S01_U04.CH4.wav,8379.163,8381.173,foreground
S01_U04.CH4.wav,8381.173,8382.293,background
S01_U04.CH4.wav,8382.293,8384.273,foreground
S01_U04.CH4.wav,8384.273,8384.703,background
S01_U04.CH4.wav,8384.703,8384.883,foreground
S01_U04.CH4.wav,8384.883,8384.893,background
S01_U04.CH4.wav,8384.893,8384.903,foreground
S01_U04.CH4.wav,8384.903,8385.053,background
S01_U04.CH4.wav,8385.053,8393.433,foreground
S01_U04.CH4.wav,8393.433,8393.823,background
S01_U04.CH4.wav,8393.823,8394.383,foreground
S01_U04.CH4.wav,8394.383,8394.803,background
S01_U04.CH4.wav,8394.803,8397.413,foreground
S01_U04.CH4.wav,8397.413,8397.573,background
S01_U04.CH4.wav,8397.573,8399.613,foreground
S01_U04.CH4.wav,8399.613,8399.743,background
S01_U04.CH4.wav,8399.743,8401.733,foreground
S01_U04.CH4.wav,8401.733,8401.963,background
S01_U04.CH4.wav,8401.963,8401.983,foreground
S01_U04.CH4.wav,8401.983,8402.023,background
S01_U04.CH4.wav,8402.023,8402.843,foreground
S01_U04.CH4.wav,8402.843,8403.253,background
S01_U04.CH4.wav,8403.253,8403.743,foreground
S01_U04.CH4.wav,8403.743,8404.343,background
S01_U04.CH4.wav,8404.343,8413.873,foreground
S01_U04.CH4.wav,8413.873,8414.303,background
S01_U04.CH4.wav,8414.303,8414.753,foreground
S01_U04.CH4.wav,8414.753,8415.103,background
S01_U04.CH4.wav,8415.103,8415.173,foreground
S01_U04.CH4.wav,8415.173,8415.433,background
S01_U04.CH4.wav,8415.433,8416.433,foreground
S01_U04.CH4.wav,8416.433,8416.663,background
S01_U04.CH4.wav,8416.663,8416.703,foreground
S01_U04.CH4.wav,8416.703,8416.803,background
S01_U04.CH4.wav,8416.803,8420.483,foreground
S01_U04.CH4.wav,8420.483,8421.903,background
S01_U04.CH4.wav,8421.903,8432.553,foreground
S01_U04.CH4.wav,8432.553,8432.713,background
S01_U04.CH4.wav,8432.713,8433.723,foreground
S01_U04.CH4.wav,8433.723,8433.983,background
S01_U04.CH4.wav,8433.983,8434.723,foreground
S01_U04.CH4.wav,8434.723,8435.833,background
S01_U04.CH4.wav,8435.833,8436.273,foreground
S01_U04.CH4.wav,8436.273,8436.683,background
S01_U04.CH4.wav,8436.683,8437.793,foreground
S01_U04.CH4.wav,8437.793,8439.333,background
S01_U04.CH4.wav,8439.333,8439.543,foreground
S01_U04.CH4.wav,8439.543,8440.143,background
S01_U04.CH4.wav,8440.143,8441.173,foreground
S01_U04.CH4.wav,8441.173,8441.312,background
S01_U04.CH4.wav,8441.312,8441.443,foreground
S01_U04.CH4.wav,8441.443,8441.963,background
S01_U04.CH4.wav,8441.963,8442.183,foreground
S01_U04.CH4.wav,8442.183,8442.203,background
S01_U04.CH4.wav,8442.203,8442.773,foreground
S01_U04.CH4.wav,8442.773,8443.093,background
S01_U04.CH4.wav,8443.093,8445.883,foreground
S01_U04.CH4.wav,8445.883,8446.183,background
S01_U04.CH4.wav,8446.183,8453.233,foreground
S01_U04.CH4.wav,8453.233,8453.812,background
S01_U04.CH4.wav,8453.812,8461.013,foreground
S01_U04.CH4.wav,8461.013,8461.543,background
S01_U04.CH4.wav,8461.543,8462.763,foreground
S01_U04.CH4.wav,8462.763,8465.673,background
S01_U04.CH4.wav,8465.673,8465.903,foreground
S01_U04.CH4.wav,8465.903,8465.973,background
S01_U04.CH4.wav,8465.973,8466.503,foreground
S01_U04.CH4.wav,8466.503,8467.783,background
S01_U04.CH4.wav,8467.783,8468.123,foreground
S01_U04.CH4.wav,8468.123,8468.883,background
S01_U04.CH4.wav,8468.883,8470.013,foreground
S01_U04.CH4.wav,8470.013,8470.453,background
S01_U04.CH4.wav,8470.453,8474.843,foreground
S01_U04.CH4.wav,8474.843,8474.943,background
S01_U04.CH4.wav,8474.943,8476.543,foreground
S01_U04.CH4.wav,8476.543,8476.562,background
S01_U04.CH4.wav,8476.562,8476.583,foreground
S01_U04.CH4.wav,8476.583,8477.113,background
S01_U04.CH4.wav,8477.113,8477.713,foreground
S01_U04.CH4.wav,8477.713,8477.723,background
S01_U04.CH4.wav,8477.723,8477.743,foreground
S01_U04.CH4.wav,8477.743,8480.053,background
S01_U04.CH4.wav,8480.053,8480.783,foreground
S01_U04.CH4.wav,8480.783,8482.083,background
S01_U04.CH4.wav,8482.083,8482.103,foreground
S01_U04.CH4.wav,8482.103,8482.143,background
S01_U04.CH4.wav,8482.143,8484.613,foreground
S01_U04.CH4.wav,8484.613,8484.773,background
S01_U04.CH4.wav,8484.773,8484.783,foreground
S01_U04.CH4.wav,8484.783,8484.803,background
S01_U04.CH4.wav,8484.803,8485.183,foreground
S01_U04.CH4.wav,8485.183,8485.933,background
S01_U04.CH4.wav,8485.933,8487.323,foreground
S01_U04.CH4.wav,8487.323,8488.013,background
S01_U04.CH4.wav,8488.013,8488.103,foreground
S01_U04.CH4.wav,8488.103,8489.843,background
S01_U04.CH4.wav,8489.843,8490.363,foreground
S01_U04.CH4.wav,8490.363,8491.403,background
S01_U04.CH4.wav,8491.403,8491.903,foreground
S01_U04.CH4.wav,8491.903,8492.573,background
S01_U04.CH4.wav,8492.573,8494.253,foreground
S01_U04.CH4.wav,8494.253,8494.573,background
S01_U04.CH4.wav,8494.573,8495.183,foreground
S01_U04.CH4.wav,8495.183,8495.623,background
S01_U04.CH4.wav,8495.623,8496.143,foreground
S01_U04.CH4.wav,8496.143,8496.283,background
S01_U04.CH4.wav,8496.283,8498.103,foreground
S01_U04.CH4.wav,8498.103,8498.283,background
S01_U04.CH4.wav,8498.283,8501.223,foreground
S01_U04.CH4.wav,8501.223,8501.953,background
S01_U04.CH4.wav,8501.953,8502.993,foreground
S01_U04.CH4.wav,8502.993,8503.133,background
S01_U04.CH4.wav,8503.133,8503.623,foreground
S01_U04.CH4.wav,8503.623,8504.243,background
S01_U04.CH4.wav,8504.243,8505.453,foreground
S01_U04.CH4.wav,8505.453,8505.953,background
S01_U04.CH4.wav,8505.953,8511.133,foreground
S01_U04.CH4.wav,8511.133,8511.373,background
S01_U04.CH4.wav,8511.373,8514.133,foreground
S01_U04.CH4.wav,8514.133,8514.453,background
S01_U04.CH4.wav,8514.453,8516.273,foreground
S01_U04.CH4.wav,8516.273,8517.083,background
S01_U04.CH4.wav,8517.083,8519.783,foreground
S01_U04.CH4.wav,8519.783,8521.562,background
S01_U04.CH4.wav,8521.562,8522.703,foreground
S01_U04.CH4.wav,8522.703,8523.323,background
S01_U04.CH4.wav,8523.323,8525.193,foreground
S01_U04.CH4.wav,8525.193,8525.243,background
S01_U04.CH4.wav,8525.243,8525.303,foreground
S01_U04.CH4.wav,8525.303,8526.123,background
S01_U04.CH4.wav,8526.123,8526.573,foreground
S01_U04.CH4.wav,8526.573,8527.273,background
S01_U04.CH4.wav,8527.273,8527.803,foreground
S01_U04.CH4.wav,8527.803,8528.493,background
S01_U04.CH4.wav,8528.493,8530.353,foreground
S01_U04.CH4.wav,8530.353,8530.923,background
S01_U04.CH4.wav,8530.923,8531.053,foreground
S01_U04.CH4.wav,8531.053,8531.863,background
S01_U04.CH4.wav,8531.863,8532.483,foreground
S01_U04.CH4.wav,8532.483,8532.503,background
S01_U04.CH4.wav,8532.503,8533.312,foreground
S01_U04.CH4.wav,8533.312,8533.403,background
S01_U04.CH4.wav,8533.403,8537.733,foreground
S01_U04.CH4.wav,8537.733,8538.553,background
S01_U04.CH4.wav,8538.553,8539.143,foreground
S01_U04.CH4.wav,8539.143,8539.523,background
S01_U04.CH4.wav,8539.523,8539.663,foreground
S01_U04.CH4.wav,8539.663,8540.483,background
S01_U04.CH4.wav,8540.483,8542.383,foreground
S01_U04.CH4.wav,8542.383,8542.413,background
S01_U04.CH4.wav,8542.413,8543.433,foreground
S01_U04.CH4.wav,8543.433,8544.573,background
S01_U04.CH4.wav,8544.573,8547.663,foreground
S01_U04.CH4.wav,8547.663,8547.743,background
S01_U04.CH4.wav,8547.743,8549.812,foreground
S01_U04.CH4.wav,8549.812,8549.913,background
S01_U04.CH4.wav,8549.913,8561.013,foreground
S01_U04.CH4.wav,8561.013,8561.173,background
S01_U04.CH4.wav,8561.173,8561.183,foreground
S01_U04.CH4.wav,8561.183,8561.203,background
S01_U04.CH4.wav,8561.203,8562.113,foreground
S01_U04.CH4.wav,8562.113,8562.553,background
S01_U04.CH4.wav,8562.553,8564.893,foreground
S01_U04.CH4.wav,8564.893,8564.913,background
S01_U04.CH4.wav,8564.913,8564.943,foreground
S01_U04.CH4.wav,8564.943,8565.573,background
S01_U04.CH4.wav,8565.573,8565.853,foreground
S01_U04.CH4.wav,8565.853,8565.863,background
S01_U04.CH4.wav,8565.863,8565.873,foreground
S01_U04.CH4.wav,8565.873,8566.643,background
S01_U04.CH4.wav,8566.643,8567.243,foreground
S01_U04.CH4.wav,8567.243,8567.583,background
S01_U04.CH4.wav,8567.583,8570.613,foreground
S01_U04.CH4.wav,8570.613,8570.743,background
S01_U04.CH4.wav,8570.743,8578.413,foreground
S01_U04.CH4.wav,8578.413,8578.743,background
S01_U04.CH4.wav,8578.743,8589.773,foreground
S01_U04.CH4.wav,8589.773,8591.823,background
S01_U04.CH4.wav,8591.823,8591.833,foreground
S01_U04.CH4.wav,8591.833,8591.883,background
S01_U04.CH4.wav,8591.883,8594.893,foreground
S01_U04.CH4.wav,8594.893,8595.133,background
S01_U04.CH4.wav,8595.133,8602.853,foreground
S01_U04.CH4.wav,8602.853,8603.423,background
S01_U04.CH4.wav,8603.423,8604.083,foreground
S01_U04.CH4.wav,8604.083,8604.833,background
S01_U04.CH4.wav,8604.833,8607.823,foreground
S01_U04.CH4.wav,8607.823,8608.573,background
S01_U04.CH4.wav,8608.573,8614.303,foreground
S01_U04.CH4.wav,8614.303,8614.763,background
S01_U04.CH4.wav,8614.763,8615.203,foreground
S01_U04.CH4.wav,8615.203,8615.523,background
S01_U04.CH4.wav,8615.523,8621.683,foreground
S01_U04.CH4.wav,8621.683,8622.163,background
S01_U04.CH4.wav,8622.163,8626.833,foreground
S01_U04.CH4.wav,8626.833,8627.523,background
S01_U04.CH4.wav,8627.523,8628.213,foreground
S01_U04.CH4.wav,8628.213,8628.312,background
S01_U04.CH4.wav,8628.312,8629.363,foreground
S01_U04.CH4.wav,8629.363,8629.623,background
S01_U04.CH4.wav,8629.623,8631.153,foreground
S01_U04.CH4.wav,8631.153,8631.453,background
S01_U04.CH4.wav,8631.453,8635.603,foreground
S01_U04.CH4.wav,8635.603,8636.623,background
S01_U04.CH4.wav,8636.623,8637.423,foreground
S01_U04.CH4.wav,8637.423,8638.003,background
S01_U04.CH4.wav,8638.003,8638.413,foreground
S01_U04.CH4.wav,8638.413,8639.793,background
S01_U04.CH4.wav,8639.793,8640.403,foreground
S01_U04.CH4.wav,8640.403,8640.713,background
S01_U04.CH4.wav,8640.713,8642.023,foreground
S01_U04.CH4.wav,8642.023,8642.963,background
S01_U04.CH4.wav,8642.963,8643.493,foreground
S01_U04.CH4.wav,8643.493,8644.093,background
S01_U04.CH4.wav,8644.093,8644.193,foreground
S01_U04.CH4.wav,8644.193,8644.893,background
S01_U04.CH4.wav,8644.893,8645.493,foreground
S01_U04.CH4.wav,8645.493,8646.312,background
S01_U04.CH4.wav,8646.312,8647.573,foreground
S01_U04.CH4.wav,8647.573,8648.273,background
S01_U04.CH4.wav,8648.273,8648.833,foreground
S01_U04.CH4.wav,8648.833,8650.093,background
S01_U04.CH4.wav,8650.093,8650.253,foreground
S01_U04.CH4.wav,8650.253,8652.253,background
S01_U04.CH4.wav,8652.253,8652.773,foreground
S01_U04.CH4.wav,8652.773,8653.283,background
S01_U04.CH4.wav,8653.283,8653.783,foreground
S01_U04.CH4.wav,8653.783,8654.193,background
S01_U04.CH4.wav,8654.193,8655.133,foreground
S01_U04.CH4.wav,8655.133,8655.323,background
S01_U04.CH4.wav,8655.323,8656.113,foreground
S01_U04.CH4.wav,8656.113,8658.443,background
S01_U04.CH4.wav,8658.443,8661.513,foreground
S01_U04.CH4.wav,8661.513,8661.803,background
S01_U04.CH4.wav,8661.803,8662.463,foreground
S01_U04.CH4.wav,8662.463,8662.803,background
S01_U04.CH4.wav,8662.803,8663.753,foreground
S01_U04.CH4.wav,8663.753,8664.303,background
S01_U04.CH4.wav,8664.303,8664.403,foreground
S01_U04.CH4.wav,8664.403,8664.483,background
S01_U04.CH4.wav,8664.483,8664.493,foreground
S01_U04.CH4.wav,8664.493,8664.623,background
S01_U04.CH4.wav,8664.623,8664.773,foreground
S01_U04.CH4.wav,8664.773,8664.893,background
S01_U04.CH4.wav,8664.893,8665.333,foreground
S01_U04.CH4.wav,8665.333,8666.053,background
S01_U04.CH4.wav,8666.053,8666.243,foreground
S01_U04.CH4.wav,8666.243,8666.653,background
S01_U04.CH4.wav,8666.653,8667.003,foreground
S01_U04.CH4.wav,8667.003,8667.812,background
S01_U04.CH4.wav,8667.812,8668.513,foreground
S01_U04.CH4.wav,8668.513,8669.033,background
S01_U04.CH4.wav,8669.033,8669.613,foreground
S01_U04.CH4.wav,8669.613,8670.233,background
S01_U04.CH4.wav,8670.233,8681.703,foreground
S01_U04.CH4.wav,8681.703,8682.073,background
S01_U04.CH4.wav,8682.073,8682.843,foreground
S01_U04.CH4.wav,8682.843,8682.883,background
S01_U04.CH4.wav,8682.883,8682.913,foreground
S01_U04.CH4.wav,8682.913,8682.973,background
S01_U04.CH4.wav,8682.973,8683.293,foreground
S01_U04.CH4.wav,8683.293,8683.723,background
S01_U04.CH4.wav,8683.723,8686.403,foreground
S01_U04.CH4.wav,8686.403,8686.503,background
S01_U04.CH4.wav,8686.503,8689.543,foreground
S01_U04.CH4.wav,8689.543,8689.783,background
S01_U04.CH4.wav,8689.783,8694.363,foreground
S01_U04.CH4.wav,8694.363,8694.383,background
S01_U04.CH4.wav,8694.383,8694.393,foreground
S01_U04.CH4.wav,8694.393,8694.403,background
S01_U04.CH4.wav,8694.403,8694.413,foreground
S01_U04.CH4.wav,8694.413,8694.812,background
S01_U04.CH4.wav,8694.812,8698.913,foreground
S01_U04.CH4.wav,8698.913,8699.113,background
S01_U04.CH4.wav,8699.113,8704.373,foreground
S01_U04.CH4.wav,8704.373,8704.833,background
S01_U04.CH4.wav,8704.833,8705.713,foreground
S01_U04.CH4.wav,8705.713,8706.043,background
S01_U04.CH4.wav,8706.043,8707.823,foreground
S01_U04.CH4.wav,8707.823,8707.933,background
S01_U04.CH4.wav,8707.933,8708.033,foreground
S01_U04.CH4.wav,8708.033,8708.353,background
S01_U04.CH4.wav,8708.353,8708.793,foreground
S01_U04.CH4.wav,8708.793,8710.463,background
S01_U04.CH4.wav,8710.463,8713.213,foreground
S01_U04.CH4.wav,8713.213,8714.013,background
S01_U04.CH4.wav,8714.013,8717.583,foreground
S01_U04.CH4.wav,8717.583,8717.823,background
S01_U04.CH4.wav,8717.823,8720.103,foreground
S01_U04.CH4.wav,8720.103,8720.883,background
S01_U04.CH4.wav,8720.883,8721.453,foreground
S01_U04.CH4.wav,8721.453,8722.093,background
S01_U04.CH4.wav,8722.093,8725.703,foreground
S01_U04.CH4.wav,8725.703,8726.393,background
S01_U04.CH4.wav,8726.393,8726.943,foreground
S01_U04.CH4.wav,8726.943,8727.343,background
S01_U04.CH4.wav,8727.343,8728.653,foreground
S01_U04.CH4.wav,8728.653,8729.283,background
S01_U04.CH4.wav,8729.283,8729.373,foreground
S01_U04.CH4.wav,8729.373,8729.403,background
S01_U04.CH4.wav,8729.403,8733.863,foreground
S01_U04.CH4.wav,8733.863,8733.913,background
S01_U04.CH4.wav,8733.913,8738.633,foreground
S01_U04.CH4.wav,8738.633,8739.223,background
S01_U04.CH4.wav,8739.223,8739.913,foreground
S01_U04.CH4.wav,8739.913,8740.043,background
S01_U04.CH4.wav,8740.043,8741.703,foreground
S01_U04.CH4.wav,8741.703,8744.383,background
S01_U04.CH4.wav,8744.383,8744.743,foreground
S01_U04.CH4.wav,8744.743,8745.103,background
S01_U04.CH4.wav,8745.103,8745.323,foreground
S01_U04.CH4.wav,8745.323,8745.883,background
S01_U04.CH4.wav,8745.883,8749.303,foreground
S01_U04.CH4.wav,8749.303,8749.493,background
S01_U04.CH4.wav,8749.493,8750.563,foreground
S01_U04.CH4.wav,8750.563,8751.533,background
S01_U04.CH4.wav,8751.533,8753.003,foreground
S01_U04.CH4.wav,8753.003,8753.203,background
S01_U04.CH4.wav,8753.203,8753.363,foreground
S01_U04.CH4.wav,8753.363,8753.373,background
S01_U04.CH4.wav,8753.373,8754.163,foreground
S01_U04.CH4.wav,8754.163,8754.493,background
S01_U04.CH4.wav,8754.493,8755.523,foreground
S01_U04.CH4.wav,8755.523,8756.943,background
S01_U04.CH4.wav,8756.943,8757.683,foreground
S01_U04.CH4.wav,8757.683,8757.803,background
S01_U04.CH4.wav,8757.803,8757.843,foreground
S01_U04.CH4.wav,8757.843,8758.083,background
S01_U04.CH4.wav,8758.083,8776.433,foreground
S01_U04.CH4.wav,8776.433,8778.153,background
S01_U04.CH4.wav,8778.153,8778.613,foreground
S01_U04.CH4.wav,8778.613,8778.623,background
S01_U04.CH4.wav,8778.623,8778.633,foreground
S01_U04.CH4.wav,8778.633,8778.693,background
S01_U04.CH4.wav,8778.693,8780.503,foreground
S01_U04.CH4.wav,8780.503,8780.933,background
S01_U04.CH4.wav,8780.933,8782.933,foreground
S01_U04.CH4.wav,8782.933,8783.493,background
S01_U04.CH4.wav,8783.493,8783.713,foreground
S01_U04.CH4.wav,8783.713,8783.783,background
S01_U04.CH4.wav,8783.783,8807.873,foreground
S01_U04.CH4.wav,8807.873,8809.093,background
S01_U04.CH4.wav,8809.093,8813.363,foreground
S01_U04.CH4.wav,8813.363,8813.663,background
S01_U04.CH4.wav,8813.663,8814.043,foreground
S01_U04.CH4.wav,8814.043,8814.353,background
S01_U04.CH4.wav,8814.353,8818.543,foreground
S01_U04.CH4.wav,8818.543,8818.843,background
S01_U04.CH4.wav,8818.843,8819.523,foreground
S01_U04.CH4.wav,8819.523,8820.303,background
S01_U04.CH4.wav,8820.303,8821.163,foreground
S01_U04.CH4.wav,8821.163,8821.173,background
S01_U04.CH4.wav,8821.173,8827.463,foreground
S01_U04.CH4.wav,8827.463,8827.823,background
S01_U04.CH4.wav,8827.823,8832.813,foreground
S01_U04.CH4.wav,8832.813,8832.823,background
S01_U04.CH4.wav,8832.823,8832.853,foreground
S01_U04.CH4.wav,8832.853,8833.183,background
S01_U04.CH4.wav,8833.183,8833.253,foreground
S01_U04.CH4.wav,8833.253,8833.423,background
S01_U04.CH4.wav,8833.423,8833.963,foreground
S01_U04.CH4.wav,8833.963,8834.313,background
S01_U04.CH4.wav,8834.313,8835.373,foreground
S01_U04.CH4.wav,8835.373,8835.743,background
S01_U04.CH4.wav,8835.743,8839.533,foreground
S01_U04.CH4.wav,8839.533,8840.043,background
S01_U04.CH4.wav,8840.043,8842.633,foreground
S01_U04.CH4.wav,8842.633,8842.813,background
S01_U04.CH4.wav,8842.813,8842.893,foreground
S01_U04.CH4.wav,8842.893,8843.833,background
S01_U04.CH4.wav,8843.833,8846.723,foreground
S01_U04.CH4.wav,8846.723,8846.733,background
S01_U04.CH4.wav,8846.733,8847.213,foreground
S01_U04.CH4.wav,8847.213,8847.713,background
S01_U04.CH4.wav,8847.713,8848.253,foreground
S01_U04.CH4.wav,8848.253,8849.573,background
S01_U04.CH4.wav,8849.573,8850.153,foreground
S01_U04.CH4.wav,8850.153,8850.593,background
S01_U04.CH4.wav,8850.593,8854.493,foreground
S01_U04.CH4.wav,8854.493,8854.763,background
S01_U04.CH4.wav,8854.763,8855.733,foreground
S01_U04.CH4.wav,8855.733,8856.663,background
S01_U04.CH4.wav,8856.663,8856.973,foreground
S01_U04.CH4.wav,8856.973,8857.043,background
S01_U04.CH4.wav,8857.043,8857.163,foreground
S01_U04.CH4.wav,8857.163,8857.423,background
S01_U04.CH4.wav,8857.423,8857.583,foreground
S01_U04.CH4.wav,8857.583,8858.143,background
S01_U04.CH4.wav,8858.143,8867.123,foreground
S01_U04.CH4.wav,8867.123,8867.743,background
S01_U04.CH4.wav,8867.743,8868.023,foreground
S01_U04.CH4.wav,8868.023,8868.833,background
S01_U04.CH4.wav,8868.833,8871.773,foreground
S01_U04.CH4.wav,8871.773,8873.163,background
S01_U04.CH4.wav,8873.163,8876.463,foreground
S01_U04.CH4.wav,8876.463,8876.543,background
S01_U04.CH4.wav,8876.543,8889.483,foreground
S01_U04.CH4.wav,8889.483,8890.703,background
S01_U04.CH4.wav,8890.703,8891.263,foreground
S01_U04.CH4.wav,8891.263,8891.793,background
S01_U04.CH4.wav,8891.793,8891.853,foreground
S01_U04.CH4.wav,8891.853,8891.963,background
S01_U04.CH4.wav,8891.963,8892.093,foreground
S01_U04.CH4.wav,8892.093,8892.833,background
S01_U04.CH4.wav,8892.833,8892.843,foreground
S01_U04.CH4.wav,8892.843,8892.933,background
S01_U04.CH4.wav,8892.933,8893.993,foreground
S01_U04.CH4.wav,8893.993,8895.073,background
S01_U04.CH4.wav,8895.073,8896.033,foreground
S01_U04.CH4.wav,8896.033,8896.433,background
S01_U04.CH4.wav,8896.433,8896.903,foreground
S01_U04.CH4.wav,8896.903,8898.163,background
S01_U04.CH4.wav,8898.163,8911.483,foreground
S01_U04.CH4.wav,8911.483,8911.543,background
S01_U04.CH4.wav,8911.543,8911.563,foreground
S01_U04.CH4.wav,8911.563,8911.573,background
S01_U04.CH4.wav,8911.573,8920.303,foreground
S01_U04.CH4.wav,8920.303,8920.593,background
S01_U04.CH4.wav,8920.593,8922.483,foreground
S01_U04.CH4.wav,8922.483,8922.893,background
S01_U04.CH4.wav,8922.893,8924.583,foreground
S01_U04.CH4.wav,8924.583,8924.673,background
S01_U04.CH4.wav,8924.673,8924.713,foreground
S01_U04.CH4.wav,8924.713,8925.313,background
S01_U04.CH4.wav,8925.313,8926.113,foreground
S01_U04.CH4.wav,8926.113,8926.573,background
S01_U04.CH4.wav,8926.573,8926.843,foreground
S01_U04.CH4.wav,8926.843,8926.883,background
S01_U04.CH4.wav,8926.883,8926.923,foreground
S01_U04.CH4.wav,8926.923,8927.353,background
S01_U04.CH4.wav,8927.353,8927.363,foreground
S01_U04.CH4.wav,8927.363,8927.413,background
S01_U04.CH4.wav,8927.413,8928.093,foreground
S01_U04.CH4.wav,8928.093,8928.463,background
S01_U04.CH4.wav,8928.463,8929.143,foreground
S01_U04.CH4.wav,8929.143,8929.153,background
S01_U04.CH4.wav,8929.153,8929.163,foreground
S01_U04.CH4.wav,8929.163,8929.583,background
S01_U04.CH4.wav,8929.583,8930.173,foreground
S01_U04.CH4.wav,8930.173,8930.363,background
S01_U04.CH4.wav,8930.363,8931.533,foreground
S01_U04.CH4.wav,8931.533,8932.033,background
S01_U04.CH4.wav,8932.033,8934.063,foreground
S01_U04.CH4.wav,8934.063,8934.103,background
S01_U04.CH4.wav,8934.103,8936.723,foreground
S01_U04.CH4.wav,8936.723,8936.873,background
S01_U04.CH4.wav,8936.873,8936.953,foreground
S01_U04.CH4.wav,8936.953,8937.093,background
S01_U04.CH4.wav,8937.093,8937.833,foreground
S01_U04.CH4.wav,8937.833,8938.783,background
S01_U04.CH4.wav,8938.783,8938.813,foreground
S01_U04.CH4.wav,8938.813,8938.833,background
S01_U04.CH4.wav,8938.833,8940.553,foreground
S01_U04.CH4.wav,8940.553,8940.763,background
S01_U04.CH4.wav,8940.763,8941.403,foreground
S01_U04.CH4.wav,8941.403,8941.443,background
S01_U04.CH4.wav,8941.443,8941.493,foreground
S01_U04.CH4.wav,8941.493,8941.543,background
S01_U04.CH4.wav,8941.543,8941.733,foreground
S01_U04.CH4.wav,8941.733,8941.843,background
S01_U04.CH4.wav,8941.843,8942.113,foreground
S01_U04.CH4.wav,8942.113,8942.143,background
S01_U04.CH4.wav,8942.143,8942.533,foreground
S01_U04.CH4.wav,8942.533,8943.113,background
S01_U04.CH4.wav,8943.113,8944.853,foreground
S01_U04.CH4.wav,8944.853,8944.873,background
S01_U04.CH4.wav,8944.873,8944.883,foreground
S01_U04.CH4.wav,8944.883,8945.053,background
S01_U04.CH4.wav,8945.053,8945.863,foreground
S01_U04.CH4.wav,8945.863,8946.493,background
S01_U04.CH4.wav,8946.493,8947.223,foreground
S01_U04.CH4.wav,8947.223,8947.743,background
S01_U04.CH4.wav,8947.743,8948.133,foreground
S01_U04.CH4.wav,8948.133,8949.613,background
S01_U04.CH4.wav,8949.613,8949.913,foreground
S01_U04.CH4.wav,8949.913,8950.023,background
S01_U04.CH4.wav,8950.023,8950.063,foreground
S01_U04.CH4.wav,8950.063,8950.073,background
S01_U04.CH4.wav,8950.073,8950.743,foreground
S01_U04.CH4.wav,8950.743,8951.523,background
S01_U04.CH4.wav,8951.523,8952.533,foreground
S01_U04.CH4.wav,8952.533,8954.123,background
S01_U04.CH4.wav,8954.123,8954.793,foreground
S01_U04.CH4.wav,8954.793,8955.183,background
S01_U04.CH4.wav,8955.183,8959.473,foreground
S01_U04.CH4.wav,8959.473,8959.863,background
S01_U04.CH4.wav,8959.863,8959.893,foreground
S01_U04.CH4.wav,8959.893,8960.983,background
S01_U04.CH4.wav,8960.983,8962.833,foreground
S01_U04.CH4.wav,8962.833,8963.343,background
S01_U04.CH4.wav,8963.343,8963.533,foreground
S01_U04.CH4.wav,8963.533,8964.013,background
S01_U04.CH4.wav,8964.013,8964.833,foreground
S01_U04.CH4.wav,8964.833,8965.423,background
S01_U04.CH4.wav,8965.423,8967.013,foreground
S01_U04.CH4.wav,8967.013,8967.693,background
S01_U04.CH4.wav,8967.693,8968.963,foreground
S01_U04.CH4.wav,8968.963,8969.493,background
S01_U04.CH4.wav,8969.493,8969.523,foreground
S01_U04.CH4.wav,8969.523,8969.563,background
S01_U04.CH4.wav,8969.563,8969.963,foreground
S01_U04.CH4.wav,8969.963,8970.153,background
S01_U04.CH4.wav,8970.153,8970.263,foreground
S01_U04.CH4.wav,8970.263,8970.493,background
S01_U04.CH4.wav,8970.493,8974.753,foreground
S01_U04.CH4.wav,8974.753,8975.163,background
S01_U04.CH4.wav,8975.163,8975.593,foreground
S01_U04.CH4.wav,8975.593,8976.193,background
S01_U04.CH4.wav,8976.193,8978.003,foreground
S01_U04.CH4.wav,8978.003,8978.033,background
S01_U04.CH4.wav,8978.033,8978.073,foreground
S01_U04.CH4.wav,8978.073,8978.083,background
S01_U04.CH4.wav,8978.083,8979.873,foreground
S01_U04.CH4.wav,8979.873,8979.993,background
S01_U04.CH4.wav,8979.993,8981.223,foreground
S01_U04.CH4.wav,8981.223,8981.243,background
S01_U04.CH4.wav,8981.243,8982.123,foreground
S01_U04.CH4.wav,8982.123,8983.513,background
S01_U04.CH4.wav,8983.513,8985.603,foreground
S01_U04.CH4.wav,8985.603,8986.113,background
S01_U04.CH4.wav,8986.113,8987.363,foreground
S01_U04.CH4.wav,8987.363,8987.703,background
S01_U04.CH4.wav,8987.703,8989.753,foreground
S01_U04.CH4.wav,8989.753,8989.793,background
S01_U04.CH4.wav,8989.793,8989.813,foreground
S01_U04.CH4.wav,8989.813,8989.863,background
S01_U04.CH4.wav,8989.863,8990.173,foreground
S01_U04.CH4.wav,8990.173,8991.253,background
S01_U04.CH4.wav,8991.253,8993.093,foreground
S01_U04.CH4.wav,8993.093,8993.243,background
S01_U04.CH4.wav,8993.243,8993.263,foreground
S01_U04.CH4.wav,8993.263,8993.283,background
S01_U04.CH4.wav,8993.283,8995.313,foreground
S01_U04.CH4.wav,8995.313,8996.113,background
S01_U04.CH4.wav,8996.113,8998.503,foreground
S01_U04.CH4.wav,8998.503,8999.343,background
S01_U04.CH4.wav,8999.343,9000.163,foreground
S01_U04.CH4.wav,9000.163,9000.463,background
S01_U04.CH4.wav,9000.463,9000.513,foreground
S01_U04.CH4.wav,9000.513,9000.653,background
S01_U04.CH4.wav,9000.653,9001.283,foreground
S01_U04.CH4.wav,9001.283,9002.563,background
S01_U04.CH4.wav,9002.563,9002.763,foreground
S01_U04.CH4.wav,9002.763,9002.993,background
S01_U04.CH4.wav,9002.993,9006.883,foreground
S01_U04.CH4.wav,9006.883,9007.783,background
S01_U04.CH4.wav,9007.783,9008.203,foreground
S01_U04.CH4.wav,9008.203,9008.683,background
S01_U04.CH4.wav,9008.683,9014.613,foreground
S01_U04.CH4.wav,9014.613,9015.123,background
S01_U04.CH4.wav,9015.123,9015.633,foreground
S01_U04.CH4.wav,9015.633,9016.233,background
S01_U04.CH4.wav,9016.233,9017.703,foreground
S01_U04.CH4.wav,9017.703,9018.263,background
S01_U04.CH4.wav,9018.263,9021.733,foreground
S01_U04.CH4.wav,9021.733,9021.933,background
S01_U04.CH4.wav,9021.933,9021.963,foreground
S01_U04.CH4.wav,9021.963,9023.973,background
S01_U04.CH4.wav,9023.973,9025.083,foreground
S01_U04.CH4.wav,9025.083,9025.223,background
S01_U04.CH4.wav,9025.223,9025.473,foreground
S01_U04.CH4.wav,9025.473,9025.973,background
S01_U04.CH4.wav,9025.973,9027.763,foreground
S01_U04.CH4.wav,9027.763,9028.453,background
S01_U04.CH4.wav,9028.453,9029.113,foreground
S01_U04.CH4.wav,9029.113,9029.153,background
S01_U04.CH4.wav,9029.153,9029.253,foreground
S01_U04.CH4.wav,9029.253,9029.263,background
S01_U04.CH4.wav,9029.263,9029.283,foreground
S01_U04.CH4.wav,9029.283,9031.103,background
S01_U04.CH4.wav,9031.103,9031.373,foreground
S01_U04.CH4.wav,9031.373,9032.783,background
S01_U04.CH4.wav,9032.783,9033.443,foreground
S01_U04.CH4.wav,9033.443,9033.473,background
S01_U04.CH4.wav,9033.473,9033.543,foreground
S01_U04.CH4.wav,9033.543,9033.843,background
S01_U04.CH4.wav,9033.843,9034.513,foreground
S01_U04.CH4.wav,9034.513,9035.133,background
S01_U04.CH4.wav,9035.133,9035.453,foreground
S01_U04.CH4.wav,9035.453,9035.513,background
S01_U04.CH4.wav,9035.513,9035.773,foreground
S01_U04.CH4.wav,9035.773,9035.783,background
S01_U04.CH4.wav,9035.783,9036.413,foreground
S01_U04.CH4.wav,9036.413,9037.093,background
S01_U04.CH4.wav,9037.093,9037.193,foreground
S01_U04.CH4.wav,9037.193,9037.203,background
S01_U04.CH4.wav,9037.203,9037.223,foreground
S01_U04.CH4.wav,9037.223,9037.363,background
S01_U04.CH4.wav,9037.363,9037.713,foreground
S01_U04.CH4.wav,9037.713,9037.733,background
S01_U04.CH4.wav,9037.733,9037.883,foreground
S01_U04.CH4.wav,9037.883,9038.983,background
S01_U04.CH4.wav,9038.983,9040.573,foreground
S01_U04.CH4.wav,9040.573,9045.853,background
S01_U04.CH4.wav,9045.853,9046.713,foreground
S01_U04.CH4.wav,9046.713,9046.803,background
S01_U04.CH4.wav,9046.803,9046.813,foreground
S01_U04.CH4.wav,9046.813,9046.863,background
S01_U04.CH4.wav,9046.863,9047.083,foreground
S01_U04.CH4.wav,9047.083,9048.403,background
S01_U04.CH4.wav,9048.403,9048.773,foreground
S01_U04.CH4.wav,9048.773,9049.703,background
S01_U04.CH4.wav,9049.703,9050.863,foreground
S01_U04.CH4.wav,9050.863,9051.363,background
S01_U04.CH4.wav,9051.363,9052.243,foreground
S01_U04.CH4.wav,9052.243,9052.343,background
S01_U04.CH4.wav,9052.343,9052.853,foreground
S01_U04.CH4.wav,9052.853,9053.403,background
S01_U04.CH4.wav,9053.403,9054.083,foreground
S01_U04.CH4.wav,9054.083,9054.993,background
S01_U04.CH4.wav,9054.993,9055.873,foreground
S01_U04.CH4.wav,9055.873,9056.113,background
S01_U04.CH4.wav,9056.113,9056.663,foreground
S01_U04.CH4.wav,9056.663,9057.033,background
S01_U04.CH4.wav,9057.033,9057.043,foreground
S01_U04.CH4.wav,9057.043,9057.053,background
S01_U04.CH4.wav,9057.053,9057.323,foreground
S01_U04.CH4.wav,9057.323,9057.713,background
S01_U04.CH4.wav,9057.713,9058.673,foreground
S01_U04.CH4.wav,9058.673,9058.903,background
S01_U04.CH4.wav,9058.903,9059.653,foreground
S01_U04.CH4.wav,9059.653,9060.273,background
S01_U04.CH4.wav,9060.273,9060.823,foreground
S01_U04.CH4.wav,9060.823,9061.693,background
S01_U04.CH4.wav,9061.693,9062.733,foreground
S01_U04.CH4.wav,9062.733,9062.753,background
S01_U04.CH4.wav,9062.753,9065.063,foreground
S01_U04.CH4.wav,9065.063,9065.083,background
S01_U04.CH4.wav,9065.083,9065.273,foreground
S01_U04.CH4.wav,9065.273,9065.673,background
S01_U04.CH4.wav,9065.673,9074.543,foreground
S01_U04.CH4.wav,9074.543,9075.073,background
S01_U04.CH4.wav,9075.073,9075.853,foreground
S01_U04.CH4.wav,9075.853,9075.933,background
S01_U04.CH4.wav,9075.933,9075.943,foreground
S01_U04.CH4.wav,9075.943,9076.983,background
S01_U04.CH4.wav,9076.983,9079.803,foreground
S01_U04.CH4.wav,9079.803,9080.433,background
S01_U04.CH4.wav,9080.433,9086.613,foreground
S01_U04.CH4.wav,9086.613,9087.243,background
S01_U04.CH4.wav,9087.243,9088.893,foreground
S01_U04.CH4.wav,9088.893,9089.063,background
S01_U04.CH4.wav,9089.063,9089.483,foreground
S01_U04.CH4.wav,9089.483,9089.943,background
S01_U04.CH4.wav,9089.943,9090.823,foreground
S01_U04.CH4.wav,9090.823,9090.833,background
S01_U04.CH4.wav,9090.833,9090.943,foreground
S01_U04.CH4.wav,9090.943,9090.963,background
S01_U04.CH4.wav,9090.963,9098.833,foreground
S01_U04.CH4.wav,9098.833,9099.223,background
S01_U04.CH4.wav,9099.223,9103.383,foreground
S01_U04.CH4.wav,9103.383,9104.263,background
S01_U04.CH4.wav,9104.263,9106.833,foreground
S01_U04.CH4.wav,9106.833,9107.893,background
S01_U04.CH4.wav,9107.893,9109.583,foreground
S01_U04.CH4.wav,9109.583,9109.743,background
S01_U04.CH4.wav,9109.743,9113.873,foreground
S01_U04.CH4.wav,9113.873,9114.113,background
S01_U04.CH4.wav,9114.113,9116.803,foreground
S01_U04.CH4.wav,9116.803,9117.243,background
S01_U04.CH4.wav,9117.243,9120.053,foreground
S01_U04.CH4.wav,9120.053,9120.493,background
S01_U04.CH4.wav,9120.493,9129.403,foreground
S01_U04.CH4.wav,9129.403,9129.833,background
S01_U04.CH4.wav,9129.833,9130.543,foreground
S01_U04.CH4.wav,9130.543,9130.973,background
S01_U04.CH4.wav,9130.973,9132.793,foreground
S01_U04.CH4.wav,9132.793,9133.303,background
S01_U04.CH4.wav,9133.303,9134.353,foreground
S01_U04.CH4.wav,9134.353,9135.613,background
S01_U04.CH4.wav,9135.613,9137.103,foreground
S01_U04.CH4.wav,9137.103,9137.653,background
S01_U04.CH4.wav,9137.653,9138.353,foreground
S01_U04.CH4.wav,9138.353,9139.363,background
S01_U04.CH4.wav,9139.363,9141.783,foreground
S01_U04.CH4.wav,9141.783,9142.473,background
S01_U04.CH4.wav,9142.473,9143.843,foreground
S01_U04.CH4.wav,9143.843,9144.233,background
S01_U04.CH4.wav,9144.233,9147.133,foreground
S01_U04.CH4.wav,9147.133,9147.553,background
S01_U04.CH4.wav,9147.553,9148.533,foreground
S01_U04.CH4.wav,9148.533,9148.553,background
S01_U04.CH4.wav,9148.553,9148.583,foreground
S01_U04.CH4.wav,9148.583,9149.043,background
S01_U04.CH4.wav,9149.043,9179.353,foreground
S01_U04.CH4.wav,9179.353,9179.603,background
S01_U04.CH4.wav,9179.603,9179.693,foreground
S01_U04.CH4.wav,9179.693,9179.883,background
S01_U04.CH4.wav,9179.883,9179.893,foreground
S01_U04.CH4.wav,9179.893,9179.903,background
S01_U04.CH4.wav,9179.903,9184.513,foreground
S01_U04.CH4.wav,9184.513,9184.533,background
S01_U04.CH4.wav,9184.533,9188.763,foreground
S01_U04.CH4.wav,9188.763,9189.573,background
S01_U04.CH4.wav,9189.573,9207.343,foreground
S01_U04.CH4.wav,9207.343,9207.423,background
S01_U04.CH4.wav,9207.423,9208.183,foreground
S01_U04.CH4.wav,9208.183,9208.213,background
S01_U04.CH4.wav,9208.213,9208.233,foreground
S01_U04.CH4.wav,9208.233,9208.643,background
S01_U04.CH4.wav,9208.643,9217.573,foreground
S01_U04.CH4.wav,9217.573,9217.693,background
S01_U04.CH4.wav,9217.693,9217.733,foreground
S01_U04.CH4.wav,9217.733,9218.843,background
S01_U04.CH4.wav,9218.843,9220.253,foreground
S01_U04.CH4.wav,9220.253,9221.103,background
S01_U04.CH4.wav,9221.103,9227.743,foreground
S01_U04.CH4.wav,9227.743,9228.013,background
S01_U04.CH4.wav,9228.013,9228.583,foreground
S01_U04.CH4.wav,9228.583,9228.643,background
S01_U04.CH4.wav,9228.643,9232.973,foreground
S01_U04.CH4.wav,9232.973,9233.043,background
S01_U04.CH4.wav,9233.043,9234.993,foreground
S01_U04.CH4.wav,9234.993,9235.313,background
S01_U04.CH4.wav,9235.313,9240.413,foreground
S01_U04.CH4.wav,9240.413,9240.533,background
S01_U04.CH4.wav,9240.533,9240.733,foreground
S01_U04.CH4.wav,9240.733,9240.853,background
S01_U04.CH4.wav,9240.853,9240.883,foreground
S01_U04.CH4.wav,9240.883,9240.963,background
S01_U04.CH4.wav,9240.963,9245.943,foreground
S01_U04.CH4.wav,9245.943,9246.233,background
S01_U04.CH4.wav,9246.233,9247.633,foreground
S01_U04.CH4.wav,9247.633,9248.433,background
S01_U04.CH4.wav,9248.433,9248.463,foreground
S01_U04.CH4.wav,9248.463,9248.493,background
S01_U04.CH4.wav,9248.493,9248.513,foreground
S01_U04.CH4.wav,9248.513,9248.793,background
S01_U04.CH4.wav,9248.793,9248.823,foreground
S01_U04.CH4.wav,9248.823,9249.043,background
S01_U04.CH4.wav,9249.043,9251.333,foreground
S01_U04.CH4.wav,9251.333,9251.973,background
S01_U04.CH4.wav,9251.973,9255.423,foreground
S01_U04.CH4.wav,9255.423,9255.713,background
S01_U04.CH4.wav,9255.713,9260.123,foreground
S01_U04.CH4.wav,9260.123,9261.363,background
S01_U04.CH4.wav,9261.363,9261.643,foreground
S01_U04.CH4.wav,9261.643,9262.933,background
S01_U04.CH4.wav,9262.933,9263.723,foreground
S01_U04.CH4.wav,9263.723,9264.113,background
S01_U04.CH4.wav,9264.113,9271.353,foreground
S01_U04.CH4.wav,9271.353,9271.693,background
S01_U04.CH4.wav,9271.693,9275.083,foreground
S01_U04.CH4.wav,9275.083,9276.233,background
S01_U04.CH4.wav,9276.233,9281.393,foreground
S01_U04.CH4.wav,9281.393,9282.633,background
S01_U04.CH4.wav,9282.633,9285.583,foreground
S01_U04.CH4.wav,9285.583,9285.873,background
S01_U04.CH4.wav,9285.873,9287.333,foreground
S01_U04.CH4.wav,9287.333,9287.633,background
S01_U04.CH4.wav,9287.633,9310.763,foreground
S01_U04.CH4.wav,9310.763,9311.363,background
S01_U04.CH4.wav,9311.363,9321.983,foreground
S01_U04.CH4.wav,9321.983,9322.273,background
S01_U04.CH4.wav,9322.273,9323.273,foreground
S01_U04.CH4.wav,9323.273,9323.643,background
S01_U04.CH4.wav,9323.643,9323.943,foreground
S01_U04.CH4.wav,9323.943,9324.013,background
S01_U04.CH4.wav,9324.013,9324.053,foreground
S01_U04.CH4.wav,9324.053,9324.073,background
S01_U04.CH4.wav,9324.073,9324.153,foreground
S01_U04.CH4.wav,9324.153,9324.273,background
S01_U04.CH4.wav,9324.273,9326.063,foreground
S01_U04.CH4.wav,9326.063,9326.393,background
S01_U04.CH4.wav,9326.393,9327.323,foreground
S01_U04.CH4.wav,9327.323,9329.033,background
S01_U04.CH4.wav,9329.033,9329.733,foreground
S01_U04.CH4.wav,9329.733,9330.003,background
S01_U04.CH4.wav,9330.003,9332.193,foreground
S01_U04.CH4.wav,9332.193,9332.933,background
S01_U04.CH4.wav,9332.933,9333.883,foreground
S01_U04.CH4.wav,9333.883,9334.263,background
S01_U04.CH4.wav,9334.263,9334.573,foreground
S01_U04.CH4.wav,9334.573,9334.903,background
S01_U04.CH4.wav,9334.903,9335.303,foreground
S01_U04.CH4.wav,9335.303,9335.963,background
S01_U04.CH4.wav,9335.963,9336.583,foreground
S01_U04.CH4.wav,9336.583,9336.833,background
S01_U04.CH4.wav,9336.833,9338.433,foreground
S01_U04.CH4.wav,9338.433,9338.603,background
S01_U04.CH4.wav,9338.603,9341.843,foreground
S01_U04.CH4.wav,9341.843,9342.173,background
S01_U04.CH4.wav,9342.173,9344.673,foreground
S01_U04.CH4.wav,9344.673,9345.053,background
S01_U04.CH4.wav,9345.053,9345.603,foreground
S01_U04.CH4.wav,9345.603,9345.943,background
S01_U04.CH4.wav,9345.943,9346.613,foreground
S01_U04.CH4.wav,9346.613,9347.053,background
S01_U04.CH4.wav,9347.053,9352.643,foreground
S01_U04.CH4.wav,9352.643,9353.213,background
S01_U04.CH4.wav,9353.213,9353.233,foreground
S01_U04.CH4.wav,9353.233,9353.363,background
S01_U04.CH4.wav,9353.363,9355.363,foreground
S01_U04.CH4.wav,9355.363,9355.463,background
S01_U04.CH4.wav,9355.463,9355.473,foreground
S01_U04.CH4.wav,9355.473,9357.353,background
S01_U04.CH4.wav,9357.353,9358.733,foreground
S01_U04.CH4.wav,9358.733,9358.963,background
S01_U04.CH4.wav,9358.963,9359.003,foreground
S01_U04.CH4.wav,9359.003,9359.043,background
S01_U04.CH4.wav,9359.043,9359.773,foreground
S01_U04.CH4.wav,9359.773,9359.793,background
S01_U04.CH4.wav,9359.793,9359.813,foreground
S01_U04.CH4.wav,9359.813,9360.083,background
S01_U04.CH4.wav,9360.083,9364.563,foreground
S01_U04.CH4.wav,9364.563,9364.813,background
S01_U04.CH4.wav,9364.813,9366.743,foreground
S01_U04.CH4.wav,9366.743,9366.763,background
S01_U04.CH4.wav,9366.763,9367.793,foreground
S01_U04.CH4.wav,9367.793,9368.393,background
S01_U04.CH4.wav,9368.393,9374.423,foreground
S01_U04.CH4.wav,9374.423,9374.763,background
S01_U04.CH4.wav,9374.763,9374.963,foreground
S01_U04.CH4.wav,9374.963,9375.393,background
S01_U04.CH4.wav,9375.393,9380.583,foreground
S01_U04.CH4.wav,9380.583,9382.223,background
S01_U04.CH4.wav,9382.223,9382.283,foreground
S01_U04.CH4.wav,9382.283,9382.323,background
S01_U04.CH4.wav,9382.323,9382.663,foreground
S01_U04.CH4.wav,9382.663,9383.173,background
S01_U04.CH4.wav,9383.173,9383.803,foreground
S01_U04.CH4.wav,9383.803,9384.243,background
S01_U04.CH4.wav,9384.243,9385.113,foreground
S01_U04.CH4.wav,9385.113,9385.613,background
S01_U04.CH4.wav,9385.613,9387.553,foreground
S01_U04.CH4.wav,9387.553,9387.773,background
S01_U04.CH4.wav,9387.773,9388.463,foreground
S01_U04.CH4.wav,9388.463,9388.843,background
S01_U04.CH4.wav,9388.843,9389.273,foreground
S01_U04.CH4.wav,9389.273,9390.013,background
S01_U04.CH4.wav,9390.013,9395.973,foreground
S01_U04.CH4.wav,9395.973,9396.583,background
S01_U04.CH4.wav,9396.583,9402.543,foreground
S01_U04.CH4.wav,9402.543,9402.683,background
S01_U04.CH4.wav,9402.683,9405.163,foreground
S01_U04.CH4.wav,9405.163,9405.813,background
S01_U04.CH4.wav,9405.813,9406.143,foreground
S01_U04.CH4.wav,9406.143,9406.513,background
S01_U04.CH4.wav,9406.513,9406.963,foreground
S01_U04.CH4.wav,9406.963,9407.773,background
S01_U04.CH4.wav,9407.773,9411.253,foreground
S01_U04.CH4.wav,9411.253,9412.233,background
S01_U04.CH4.wav,9412.233,9412.813,foreground
S01_U04.CH4.wav,9412.813,9413.093,background
S01_U04.CH4.wav,9413.093,9413.143,foreground
S01_U04.CH4.wav,9413.143,9414.493,background
S01_U04.CH4.wav,9414.493,9414.623,foreground
S01_U04.CH4.wav,9414.623,9414.653,background
S01_U04.CH4.wav,9414.653,9414.953,foreground
S01_U04.CH4.wav,9414.953,9416.083,background
S01_U04.CH4.wav,9416.083,9416.643,foreground
S01_U04.CH4.wav,9416.643,9417.033,background
S01_U04.CH4.wav,9417.033,9418.843,foreground
S01_U04.CH4.wav,9418.843,9419.163,background
S01_U04.CH4.wav,9419.163,9419.263,foreground
S01_U04.CH4.wav,9419.263,9419.303,background
S01_U04.CH4.wav,9419.303,9421.083,foreground
S01_U04.CH4.wav,9421.083,9422.723,background
S01_U04.CH4.wav,9422.723,9423.473,foreground
S01_U04.CH4.wav,9423.473,9425.723,background
S01_U04.CH4.wav,9425.723,9426.153,foreground
S01_U04.CH4.wav,9426.153,9426.183,background
S01_U04.CH4.wav,9426.183,9426.933,foreground
S01_U04.CH4.wav,9426.933,9429.493,background
S01_U04.CH4.wav,9429.493,9431.223,foreground
S01_U04.CH4.wav,9431.223,9431.503,background
S01_U04.CH4.wav,9431.503,9431.573,foreground
S01_U04.CH4.wav,9431.573,9431.723,background
S01_U04.CH4.wav,9431.723,9449.473,foreground
S01_U04.CH4.wav,9449.473,9449.683,background
S01_U04.CH4.wav,9449.683,9453.053,foreground
S01_U04.CH4.wav,9453.053,9453.253,background
S01_U04.CH4.wav,9453.253,9458.133,foreground
S01_U04.CH4.wav,9458.133,9458.833,background
S01_U04.CH4.wav,9458.833,9460.223,foreground
S01_U04.CH4.wav,9460.223,9460.513,background
S01_U04.CH4.wav,9460.513,9461.933,foreground
S01_U04.CH4.wav,9461.933,9463.263,background
S01_U04.CH4.wav,9463.263,9464.683,foreground
S01_U04.CH4.wav,9464.683,9464.883,background
S01_U04.CH4.wav,9464.883,9465.923,foreground
S01_U04.CH4.wav,9465.923,9466.963,background
S01_U04.CH4.wav,9466.963,9467.313,foreground
S01_U04.CH4.wav,9467.313,9467.773,background
S01_U04.CH4.wav,9467.773,9469.053,foreground
S01_U04.CH4.wav,9469.053,9469.833,background
S01_U04.CH4.wav,9469.833,9469.863,foreground
S01_U04.CH4.wav,9469.863,9469.883,background
S01_U04.CH4.wav,9469.883,9470.463,foreground
S01_U04.CH4.wav,9470.463,9471.303,background
S01_U04.CH4.wav,9471.303,9475.893,foreground
S01_U04.CH4.wav,9475.893,9476.283,background
S01_U04.CH4.wav,9476.283,9476.953,foreground
S01_U04.CH4.wav,9476.953,9477.033,background
S01_U04.CH4.wav,9477.033,9479.333,foreground
S01_U04.CH4.wav,9479.333,9480.093,background
S01_U04.CH4.wav,9480.093,9480.193,foreground
S01_U04.CH4.wav,9480.193,9480.203,background
S01_U04.CH4.wav,9480.203,9483.073,foreground
S01_U04.CH4.wav,9483.073,9483.823,background
S01_U04.CH4.wav,9483.823,9488.633,foreground
S01_U04.CH4.wav,9488.633,9488.863,background
S01_U04.CH4.wav,9488.863,9490.803,foreground
S01_U04.CH4.wav,9490.803,9491.303,background
S01_U04.CH4.wav,9491.303,9492.603,foreground
S01_U04.CH4.wav,9492.603,9493.673,background
S01_U04.CH4.wav,9493.673,9495.053,foreground
S01_U04.CH4.wav,9495.053,9496.143,background
S01_U04.CH4.wav,9496.143,9501.453,foreground
S01_U04.CH4.wav,9501.453,9501.863,background
S01_U04.CH4.wav,9501.863,9503.083,foreground
S01_U04.CH4.wav,9503.083,9503.433,background
S01_U04.CH4.wav,9503.433,9505.753,foreground
S01_U04.CH4.wav,9505.753,9506.133,background
S01_U04.CH4.wav,9506.133,9507.663,foreground
S01_U04.CH4.wav,9507.663,9507.673,background
S01_U04.CH4.wav,9507.673,9507.713,foreground
S01_U04.CH4.wav,9507.713,9507.783,background
S01_U04.CH4.wav,9507.783,9508.793,foreground
S01_U04.CH4.wav,9508.793,9509.063,background
S01_U04.CH4.wav,9509.063,9509.083,foreground
S01_U04.CH4.wav,9509.083,9509.223,background
S01_U04.CH4.wav,9509.223,9509.393,foreground
S01_U04.CH4.wav,9509.393,9509.433,background
S01_U04.CH4.wav,9509.433,9509.503,foreground
S01_U04.CH4.wav,9509.503,9509.823,background
S01_U04.CH4.wav,9509.823,9510.613,foreground
S01_U04.CH4.wav,9510.613,9510.933,background
S01_U04.CH4.wav,9510.933,9511.353,foreground
S01_U04.CH4.wav,9511.353,9511.513,background
S01_U04.CH4.wav,9511.513,9511.963,foreground
S01_U04.CH4.wav,9511.963,9512.833,background
S01_U04.CH4.wav,9512.833,9513.143,foreground
S01_U04.CH4.wav,9513.143,9513.713,background
S01_U04.CH4.wav,9513.713,9514.093,foreground
S01_U04.CH4.wav,9514.093,9514.123,background
S01_U04.CH4.wav,9514.123,9514.203,foreground
S01_U04.CH4.wav,9514.203,9514.263,background
S01_U04.CH4.wav,9514.263,9514.423,foreground
S01_U04.CH4.wav,9514.423,9514.993,background
S01_U04.CH4.wav,9514.993,9517.743,foreground
S01_U04.CH4.wav,9517.743,9518.183,background
S01_U04.CH4.wav,9518.183,9520.523,foreground
S01_U04.CH4.wav,9520.523,9520.753,background
S01_U04.CH4.wav,9520.753,9521.473,foreground
S01_U04.CH4.wav,9521.473,9521.623,background
S01_U04.CH4.wav,9521.623,9523.223,foreground
S01_U04.CH4.wav,9523.223,9523.363,background
S01_U04.CH4.wav,9523.363,9523.973,foreground
S01_U04.CH4.wav,9523.973,9524.263,background
S01_U04.CH4.wav,9524.263,9527.823,foreground
S01_U04.CH4.wav,9527.823,9528.633,background
S01_U04.CH4.wav,9528.633,9529.243,foreground
S01_U04.CH4.wav,9529.243,9529.403,background
S01_U04.CH4.wav,9529.403,9529.423,foreground
S01_U04.CH4.wav,9529.423,9529.453,background
S01_U04.CH4.wav,9529.453,9531.953,foreground
S01_U04.CH4.wav,9531.953,9532.283,background
S01_U04.CH4.wav,9532.283,9543.313,foreground
S01_U04.CH4.wav,9543.313,9543.483,background
S01_U04.CH4.wav,9543.483,9544.143,foreground
S01_U04.CH4.wav,9544.143,9544.143,background
