Audiofile,start,end,class
S01_U04.CH4.wav,0.0,0.213,background
S01_U04.CH4.wav,0.213,1.603,foreground
S01_U04.CH4.wav,1.603,1.752,background
S01_U04.CH4.wav,1.752,1.853,foreground
S01_U04.CH4.wav,1.853,1.893,background
S01_U04.CH4.wav,1.893,2.333,foreground
S01_U04.CH4.wav,2.333,2.823,background
S01_U04.CH4.wav,2.823,5.062,foreground
S01_U04.CH4.wav,5.062,5.073,background
S01_U04.CH4.wav,5.073,5.083,foreground
S01_U04.CH4.wav,5.083,5.893,background
S01_U04.CH4.wav,5.893,7.993,foreground
S01_U04.CH4.wav,7.993,8.112,background
S01_U04.CH4.wav,8.112,9.792,foreground
S01_U04.CH4.wav,9.792,10.102,background
S01_U04.CH4.wav,10.102,20.242,foreground
S01_U04.CH4.wav,20.242,20.863,background
S01_U04.CH4.wav,20.863,21.322,foreground
S01_U04.CH4.wav,21.322,21.793,background
S01_U04.CH4.wav,21.793,22.352,foreground
S01_U04.CH4.wav,22.352,23.012,background
S01_U04.CH4.wav,23.012,23.172,foreground
S01_U04.CH4.wav,23.172,24.683,background
S01_U04.CH4.wav,24.683,24.872,foreground
S01_U04.CH4.wav,24.872,25.762,background
S01_U04.CH4.wav,25.762,25.812,foreground
S01_U04.CH4.wav,25.812,25.832,background
S01_U04.CH4.wav,25.832,26.282,foreground
S01_U04.CH4.wav,26.282,27.012,background
S01_U04.CH4.wav,27.012,28.192,foreground
S01_U04.CH4.wav,28.192,28.742,background
S01_U04.CH4.wav,28.742,29.192,foreground
S01_U04.CH4.wav,29.192,30.323,background
S01_U04.CH4.wav,30.323,30.712,foreground
S01_U04.CH4.wav,30.712,31.073,background
S01_U04.CH4.wav,31.073,32.163,foreground
S01_U04.CH4.wav,32.163,32.743,background
S01_U04.CH4.wav,32.743,34.383,foreground
S01_U04.CH4.wav,34.383,34.993,background
S01_U04.CH4.wav,34.993,38.013,foreground
S01_U04.CH4.wav,38.013,38.073,background
S01_U04.CH4.wav,38.073,40.433,foreground
S01_U04.CH4.wav,40.433,41.123,background
S01_U04.CH4.wav,41.123,41.493,foreground
S01_U04.CH4.wav,41.493,42.263,background
S01_U04.CH4.wav,42.263,44.223,foreground
S01_U04.CH4.wav,44.223,44.783,background
S01_U04.CH4.wav,44.783,46.463,foreground
S01_U04.CH4.wav,46.463,46.623,background
S01_U04.CH4.wav,46.623,47.573,foreground
S01_U04.CH4.wav,47.573,48.363,background
S01_U04.CH4.wav,48.363,54.433,foreground
S01_U04.CH4.wav,54.433,54.493,background
S01_U04.CH4.wav,54.493,54.683,foreground
S01_U04.CH4.wav,54.683,54.743,background
S01_U04.CH4.wav,54.743,55.093,foreground
S01_U04.CH4.wav,55.093,58.253,background
S01_U04.CH4.wav,58.253,58.273,foreground
S01_U04.CH4.wav,58.273,61.243,background
S01_U04.CH4.wav,61.243,62.053,foreground
S01_U04.CH4.wav,62.053,62.433,background
S01_U04.CH4.wav,62.433,63.903,foreground
S01_U04.CH4.wav,63.903,64.093,background
S01_U04.CH4.wav,64.093,64.333,foreground
S01_U04.CH4.wav,64.333,64.383,background
S01_U04.CH4.wav,64.383,64.573,foreground
S01_U04.CH4.wav,64.573,64.693,background
S01_U04.CH4.wav,64.693,68.633,foreground
S01_U04.CH4.wav,68.633,68.943,background
S01_U04.CH4.wav,68.943,72.153,foreground
S01_U04.CH4.wav,72.153,72.243,background
S01_U04.CH4.wav,72.243,73.053,foreground
S01_U04.CH4.wav,73.053,73.672,background
S01_U04.CH4.wav,73.672,74.243,foreground
S01_U04.CH4.wav,74.243,74.733,background
S01_U04.CH4.wav,74.733,75.333,foreground
S01_U04.CH4.wav,75.333,75.353,background
S01_U04.CH4.wav,75.353,75.422,foreground
S01_U04.CH4.wav,75.422,75.473,background
S01_U04.CH4.wav,75.473,75.483,foreground
S01_U04.CH4.wav,75.483,76.493,background
S01_U04.CH4.wav,76.493,76.583,foreground
S01_U04.CH4.wav,76.583,77.363,background
S01_U04.CH4.wav,77.363,77.922,foreground
S01_U04.CH4.wav,77.922,78.623,background
S01_U04.CH4.wav,78.623,79.363,foreground
S01_U04.CH4.wav,79.363,80.363,background
S01_U04.CH4.wav,80.363,81.013,foreground
S01_U04.CH4.wav,81.013,81.532,background
S01_U04.CH4.wav,81.532,81.683,foreground
S01_U04.CH4.wav,81.683,81.693,background
S01_U04.CH4.wav,81.693,81.733,foreground
S01_U04.CH4.wav,81.733,81.752,background
S01_U04.CH4.wav,81.752,83.773,foreground
S01_U04.CH4.wav,83.773,85.752,background
S01_U04.CH4.wav,85.752,86.303,foreground
S01_U04.CH4.wav,86.303,87.083,background
S01_U04.CH4.wav,87.083,87.892,foreground
S01_U04.CH4.wav,87.892,88.223,background
S01_U04.CH4.wav,88.223,88.473,foreground
S01_U04.CH4.wav,88.473,91.613,background
S01_U04.CH4.wav,91.613,92.123,foreground
S01_U04.CH4.wav,92.123,92.133,background
S01_U04.CH4.wav,92.133,92.142,foreground
S01_U04.CH4.wav,92.142,92.273,background
S01_U04.CH4.wav,92.273,92.343,foreground
S01_U04.CH4.wav,92.343,92.593,background
S01_U04.CH4.wav,92.593,93.163,foreground
S01_U04.CH4.wav,93.163,94.243,background
S01_U04.CH4.wav,94.243,95.083,foreground
S01_U04.CH4.wav,95.083,103.263,background
S01_U04.CH4.wav,103.263,103.693,foreground
S01_U04.CH4.wav,103.693,105.532,background
S01_U04.CH4.wav,105.532,105.553,foreground
S01_U04.CH4.wav,105.553,105.583,background
S01_U04.CH4.wav,105.583,105.603,foreground
S01_U04.CH4.wav,105.603,105.613,background
S01_U04.CH4.wav,105.613,105.713,foreground
S01_U04.CH4.wav,105.713,105.753,background
S01_U04.CH4.wav,105.753,106.892,foreground
S01_U04.CH4.wav,106.892,109.293,background
S01_U04.CH4.wav,109.293,109.753,foreground
S01_U04.CH4.wav,109.753,112.623,background
S01_U04.CH4.wav,112.623,112.633,foreground
S01_U04.CH4.wav,112.633,112.653,background
S01_U04.CH4.wav,112.653,112.733,foreground
S01_U04.CH4.wav,112.733,114.443,background
S01_U04.CH4.wav,114.443,114.973,foreground
S01_U04.CH4.wav,114.973,115.883,background
S01_U04.CH4.wav,115.883,118.133,foreground
S01_U04.CH4.wav,118.133,118.203,background
S01_U04.CH4.wav,118.203,118.213,foreground
S01_U04.CH4.wav,118.213,119.343,background
S01_U04.CH4.wav,119.343,119.463,foreground
S01_U04.CH4.wav,119.463,119.493,background
S01_U04.CH4.wav,119.493,119.503,foreground
S01_U04.CH4.wav,119.503,119.532,background
S01_U04.CH4.wav,119.532,119.663,foreground
S01_U04.CH4.wav,119.663,121.093,background
S01_U04.CH4.wav,121.093,122.172,foreground
S01_U04.CH4.wav,122.172,122.953,background
S01_U04.CH4.wav,122.953,124.223,foreground
S01_U04.CH4.wav,124.223,127.273,background
S01_U04.CH4.wav,127.273,127.683,foreground
S01_U04.CH4.wav,127.683,128.242,background
S01_U04.CH4.wav,128.242,129.602,foreground
S01_U04.CH4.wav,129.602,129.812,background
S01_U04.CH4.wav,129.812,130.312,foreground
S01_U04.CH4.wav,130.312,131.183,background
S01_U04.CH4.wav,131.183,136.582,foreground
S01_U04.CH4.wav,136.582,137.072,background
S01_U04.CH4.wav,137.072,137.873,foreground
S01_U04.CH4.wav,137.873,137.992,background
S01_U04.CH4.wav,137.992,140.882,foreground
S01_U04.CH4.wav,140.882,141.433,background
S01_U04.CH4.wav,141.433,143.252,foreground
S01_U04.CH4.wav,143.252,143.272,background
S01_U04.CH4.wav,143.272,143.292,foreground
S01_U04.CH4.wav,143.292,143.412,background
S01_U04.CH4.wav,143.412,144.072,foreground
S01_U04.CH4.wav,144.072,144.272,background
S01_U04.CH4.wav,144.272,144.292,foreground
S01_U04.CH4.wav,144.292,144.322,background
S01_U04.CH4.wav,144.322,145.332,foreground
S01_U04.CH4.wav,145.332,146.752,background
S01_U04.CH4.wav,146.752,146.852,foreground
S01_U04.CH4.wav,146.852,146.963,background
S01_U04.CH4.wav,146.963,147.492,foreground
S01_U04.CH4.wav,147.492,148.012,background
S01_U04.CH4.wav,148.012,148.452,foreground
S01_U04.CH4.wav,148.452,149.312,background
S01_U04.CH4.wav,149.312,150.752,foreground
S01_U04.CH4.wav,150.752,152.542,background
S01_U04.CH4.wav,152.542,152.843,foreground
S01_U04.CH4.wav,152.843,158.582,background
S01_U04.CH4.wav,158.582,159.062,foreground
S01_U04.CH4.wav,159.062,160.012,background
S01_U04.CH4.wav,160.012,160.463,foreground
S01_U04.CH4.wav,160.463,161.202,background
S01_U04.CH4.wav,161.202,161.852,foreground
S01_U04.CH4.wav,161.852,162.752,background
S01_U04.CH4.wav,162.752,164.433,foreground
S01_U04.CH4.wav,164.433,166.882,background
S01_U04.CH4.wav,166.882,167.192,foreground
S01_U04.CH4.wav,167.192,168.032,background
S01_U04.CH4.wav,168.032,168.433,foreground
S01_U04.CH4.wav,168.433,176.992,background
S01_U04.CH4.wav,176.992,177.722,foreground
S01_U04.CH4.wav,177.722,178.972,background
S01_U04.CH4.wav,178.972,180.252,foreground
S01_U04.CH4.wav,180.252,181.702,background
S01_U04.CH4.wav,181.702,182.202,foreground
S01_U04.CH4.wav,182.202,182.302,background
S01_U04.CH4.wav,182.302,182.312,foreground
S01_U04.CH4.wav,182.312,182.593,background
S01_U04.CH4.wav,182.593,183.683,foreground
S01_U04.CH4.wav,183.683,183.952,background
S01_U04.CH4.wav,183.952,184.582,foreground
S01_U04.CH4.wav,184.582,184.822,background
S01_U04.CH4.wav,184.822,184.882,foreground
S01_U04.CH4.wav,184.882,184.982,background
S01_U04.CH4.wav,184.982,185.802,foreground
S01_U04.CH4.wav,185.802,186.132,background
S01_U04.CH4.wav,186.132,187.232,foreground
S01_U04.CH4.wav,187.232,187.972,background
S01_U04.CH4.wav,187.972,188.112,foreground
S01_U04.CH4.wav,188.112,188.843,background
S01_U04.CH4.wav,188.843,189.352,foreground
S01_U04.CH4.wav,189.352,190.662,background
S01_U04.CH4.wav,190.662,191.292,foreground
S01_U04.CH4.wav,191.292,191.552,background
S01_U04.CH4.wav,191.552,191.572,foreground
S01_U04.CH4.wav,191.572,191.582,background
S01_U04.CH4.wav,191.582,193.252,foreground
S01_U04.CH4.wav,193.252,193.963,background
S01_U04.CH4.wav,193.963,194.302,foreground
S01_U04.CH4.wav,194.302,194.322,background
S01_U04.CH4.wav,194.322,194.482,foreground
S01_U04.CH4.wav,194.482,195.572,background
S01_U04.CH4.wav,195.572,196.392,foreground
S01_U04.CH4.wav,196.392,197.252,background
S01_U04.CH4.wav,197.252,199.442,foreground
S01_U04.CH4.wav,199.442,199.642,background
S01_U04.CH4.wav,199.642,202.052,foreground
S01_U04.CH4.wav,202.052,202.743,background
S01_U04.CH4.wav,202.743,202.772,foreground
S01_U04.CH4.wav,202.772,204.123,background
S01_U04.CH4.wav,204.123,205.472,foreground
S01_U04.CH4.wav,205.472,205.672,background
S01_U04.CH4.wav,205.672,205.862,foreground
S01_U04.CH4.wav,205.862,207.072,background
S01_U04.CH4.wav,207.072,207.392,foreground
S01_U04.CH4.wav,207.392,208.172,background
S01_U04.CH4.wav,208.172,208.843,foreground
S01_U04.CH4.wav,208.843,209.252,background
S01_U04.CH4.wav,209.252,209.593,foreground
S01_U04.CH4.wav,209.593,209.662,background
S01_U04.CH4.wav,209.662,209.892,foreground
S01_U04.CH4.wav,209.892,210.452,background
S01_U04.CH4.wav,210.452,211.722,foreground
S01_U04.CH4.wav,211.722,212.213,background
S01_U04.CH4.wav,212.213,212.743,foreground
S01_U04.CH4.wav,212.743,212.862,background
S01_U04.CH4.wav,212.862,213.512,foreground
S01_U04.CH4.wav,213.512,214.112,background
S01_U04.CH4.wav,214.112,214.502,foreground
S01_U04.CH4.wav,214.502,215.162,background
S01_U04.CH4.wav,215.162,220.662,foreground
S01_U04.CH4.wav,220.662,221.332,background
S01_U04.CH4.wav,221.332,222.412,foreground
S01_U04.CH4.wav,222.412,223.312,background
S01_U04.CH4.wav,223.312,223.963,foreground
S01_U04.CH4.wav,223.963,224.022,background
S01_U04.CH4.wav,224.022,224.252,foreground
S01_U04.CH4.wav,224.252,225.562,background
S01_U04.CH4.wav,225.562,226.312,foreground
S01_U04.CH4.wav,226.312,226.922,background
S01_U04.CH4.wav,226.922,226.933,foreground
S01_U04.CH4.wav,226.933,226.982,background
S01_U04.CH4.wav,226.982,227.672,foreground
S01_U04.CH4.wav,227.672,227.772,background
S01_U04.CH4.wav,227.772,227.802,foreground
S01_U04.CH4.wav,227.802,227.822,background
S01_U04.CH4.wav,227.822,227.892,foreground
S01_U04.CH4.wav,227.892,227.922,background
S01_U04.CH4.wav,227.922,227.952,foreground
S01_U04.CH4.wav,227.952,228.012,background
S01_U04.CH4.wav,228.012,234.192,foreground
S01_U04.CH4.wav,234.192,235.332,background
S01_U04.CH4.wav,235.332,236.832,foreground
S01_U04.CH4.wav,236.832,237.662,background
S01_U04.CH4.wav,237.662,239.862,foreground
S01_U04.CH4.wav,239.862,240.062,background
S01_U04.CH4.wav,240.062,247.373,foreground
S01_U04.CH4.wav,247.373,247.532,background
S01_U04.CH4.wav,247.532,251.093,foreground
S01_U04.CH4.wav,251.093,251.903,background
S01_U04.CH4.wav,251.903,251.942,foreground
S01_U04.CH4.wav,251.942,252.002,background
S01_U04.CH4.wav,252.002,255.612,foreground
S01_U04.CH4.wav,255.612,255.732,background
S01_U04.CH4.wav,255.732,260.233,foreground
S01_U04.CH4.wav,260.233,261.392,background
S01_U04.CH4.wav,261.392,261.502,foreground
S01_U04.CH4.wav,261.502,261.512,background
S01_U04.CH4.wav,261.512,263.192,foreground
S01_U04.CH4.wav,263.192,263.683,background
S01_U04.CH4.wav,263.683,264.462,foreground
S01_U04.CH4.wav,264.462,265.113,background
S01_U04.CH4.wav,265.113,265.762,foreground
S01_U04.CH4.wav,265.762,266.233,background
S01_U04.CH4.wav,266.233,267.962,foreground
S01_U04.CH4.wav,267.962,267.972,background
S01_U04.CH4.wav,267.972,267.983,foreground
S01_U04.CH4.wav,267.983,268.412,background
S01_U04.CH4.wav,268.412,270.072,foreground
S01_U04.CH4.wav,270.072,270.312,background
S01_U04.CH4.wav,270.312,271.132,foreground
S01_U04.CH4.wav,271.132,271.142,background
S01_U04.CH4.wav,271.142,274.082,foreground
S01_U04.CH4.wav,274.082,274.413,background
S01_U04.CH4.wav,274.413,275.402,foreground
S01_U04.CH4.wav,275.402,275.842,background
S01_U04.CH4.wav,275.842,281.543,foreground
S01_U04.CH4.wav,281.543,282.782,background
S01_U04.CH4.wav,282.782,282.993,foreground
S01_U04.CH4.wav,282.993,283.442,background
S01_U04.CH4.wav,283.442,287.303,foreground
S01_U04.CH4.wav,287.303,287.342,background
S01_U04.CH4.wav,287.342,287.413,foreground
S01_U04.CH4.wav,287.413,287.452,background
S01_U04.CH4.wav,287.452,287.462,foreground
S01_U04.CH4.wav,287.462,287.483,background
S01_U04.CH4.wav,287.483,287.863,foreground
S01_U04.CH4.wav,287.863,287.983,background
S01_U04.CH4.wav,287.983,289.022,foreground
S01_U04.CH4.wav,289.022,289.202,background
S01_U04.CH4.wav,289.202,292.603,foreground
S01_U04.CH4.wav,292.603,292.663,background
S01_U04.CH4.wav,292.663,292.733,foreground
S01_U04.CH4.wav,292.733,293.832,background
S01_U04.CH4.wav,293.832,295.382,foreground
S01_U04.CH4.wav,295.382,296.293,background
S01_U04.CH4.wav,296.293,298.132,foreground
S01_U04.CH4.wav,298.132,298.553,background
S01_U04.CH4.wav,298.553,300.322,foreground
S01_U04.CH4.wav,300.322,300.592,background
S01_U04.CH4.wav,300.592,301.942,foreground
S01_U04.CH4.wav,301.942,302.462,background
S01_U04.CH4.wav,302.462,302.632,foreground
S01_U04.CH4.wav,302.632,303.913,background
S01_U04.CH4.wav,303.913,304.322,foreground
S01_U04.CH4.wav,304.322,305.702,background
S01_U04.CH4.wav,305.702,307.303,foreground
S01_U04.CH4.wav,307.303,307.962,background
S01_U04.CH4.wav,307.962,307.983,foreground
S01_U04.CH4.wav,307.983,308.062,background
S01_U04.CH4.wav,308.062,308.103,foreground
S01_U04.CH4.wav,308.103,309.952,background
S01_U04.CH4.wav,309.952,310.902,foreground
S01_U04.CH4.wav,310.902,311.072,background
S01_U04.CH4.wav,311.072,311.222,foreground
S01_U04.CH4.wav,311.222,311.233,background
S01_U04.CH4.wav,311.233,311.293,foreground
S01_U04.CH4.wav,311.293,311.462,background
S01_U04.CH4.wav,311.462,312.322,foreground
S01_U04.CH4.wav,312.322,314.022,background
S01_U04.CH4.wav,314.022,314.452,foreground
S01_U04.CH4.wav,314.452,315.243,background
S01_U04.CH4.wav,315.243,315.322,foreground
S01_U04.CH4.wav,315.322,316.173,background
S01_U04.CH4.wav,316.173,317.603,foreground
S01_U04.CH4.wav,317.603,319.252,background
S01_U04.CH4.wav,319.252,319.882,foreground
S01_U04.CH4.wav,319.882,319.923,background
S01_U04.CH4.wav,319.923,319.933,foreground
S01_U04.CH4.wav,319.933,320.342,background
S01_U04.CH4.wav,320.342,320.983,foreground
S01_U04.CH4.wav,320.983,322.543,background
S01_U04.CH4.wav,322.543,323.233,foreground
S01_U04.CH4.wav,323.233,323.793,background
S01_U04.CH4.wav,323.793,324.413,foreground
S01_U04.CH4.wav,324.413,324.613,background
S01_U04.CH4.wav,324.613,324.853,foreground
S01_U04.CH4.wav,324.853,324.863,background
S01_U04.CH4.wav,324.863,324.882,foreground
S01_U04.CH4.wav,324.882,324.933,background
S01_U04.CH4.wav,324.933,325.032,foreground
S01_U04.CH4.wav,325.032,325.952,background
S01_U04.CH4.wav,325.952,326.522,foreground
S01_U04.CH4.wav,326.522,327.092,background
S01_U04.CH4.wav,327.092,327.853,foreground
S01_U04.CH4.wav,327.853,328.072,background
S01_U04.CH4.wav,328.072,328.752,foreground
S01_U04.CH4.wav,328.752,329.522,background
S01_U04.CH4.wav,329.522,329.752,foreground
S01_U04.CH4.wav,329.752,331.262,background
S01_U04.CH4.wav,331.262,331.353,foreground
S01_U04.CH4.wav,331.353,331.373,background
S01_U04.CH4.wav,331.373,331.423,foreground
S01_U04.CH4.wav,331.423,331.452,background
S01_U04.CH4.wav,331.452,331.462,foreground
S01_U04.CH4.wav,331.462,331.472,background
S01_U04.CH4.wav,331.472,331.502,foreground
S01_U04.CH4.wav,331.502,333.923,background
S01_U04.CH4.wav,333.923,334.363,foreground
S01_U04.CH4.wav,334.363,335.053,background
S01_U04.CH4.wav,335.053,335.683,foreground
S01_U04.CH4.wav,335.683,336.892,background
S01_U04.CH4.wav,336.892,337.303,foreground
S01_U04.CH4.wav,337.303,339.442,background
S01_U04.CH4.wav,339.442,340.863,foreground
S01_U04.CH4.wav,340.863,341.202,background
S01_U04.CH4.wav,341.202,341.293,foreground
S01_U04.CH4.wav,341.293,341.303,background
S01_U04.CH4.wav,341.303,342.152,foreground
S01_U04.CH4.wav,342.152,342.793,background
S01_U04.CH4.wav,342.793,343.113,foreground
S01_U04.CH4.wav,343.113,343.243,background
S01_U04.CH4.wav,343.243,343.303,foreground
S01_U04.CH4.wav,343.303,344.173,background
S01_U04.CH4.wav,344.173,345.572,foreground
S01_U04.CH4.wav,345.572,346.012,background
S01_U04.CH4.wav,346.012,347.183,foreground
S01_U04.CH4.wav,347.183,348.043,background
S01_U04.CH4.wav,348.043,352.173,foreground
S01_U04.CH4.wav,352.173,352.702,background
S01_U04.CH4.wav,352.702,353.413,foreground
S01_U04.CH4.wav,353.413,353.863,background
S01_U04.CH4.wav,353.863,354.142,foreground
S01_U04.CH4.wav,354.142,354.452,background
S01_U04.CH4.wav,354.452,354.892,foreground
S01_U04.CH4.wav,354.892,355.163,background
S01_U04.CH4.wav,355.163,361.262,foreground
S01_U04.CH4.wav,361.262,362.402,background
S01_U04.CH4.wav,362.402,362.812,foreground
S01_U04.CH4.wav,362.812,364.632,background
S01_U04.CH4.wav,364.632,369.632,foreground
S01_U04.CH4.wav,369.632,369.962,background
S01_U04.CH4.wav,369.962,372.663,foreground
S01_U04.CH4.wav,372.663,373.202,background
S01_U04.CH4.wav,373.202,377.212,foreground
S01_U04.CH4.wav,377.212,377.222,background
S01_U04.CH4.wav,377.222,377.233,foreground
S01_U04.CH4.wav,377.233,377.312,background
S01_U04.CH4.wav,377.312,377.322,foreground
S01_U04.CH4.wav,377.322,377.363,background
S01_U04.CH4.wav,377.363,378.433,foreground
S01_U04.CH4.wav,378.433,378.782,background
S01_U04.CH4.wav,378.782,379.692,foreground
S01_U04.CH4.wav,379.692,380.243,background
S01_U04.CH4.wav,380.243,381.683,foreground
S01_U04.CH4.wav,381.683,382.152,background
S01_U04.CH4.wav,382.152,383.252,foreground
S01_U04.CH4.wav,383.252,384.312,background
S01_U04.CH4.wav,384.312,384.952,foreground
S01_U04.CH4.wav,384.952,385.702,background
S01_U04.CH4.wav,385.702,386.842,foreground
S01_U04.CH4.wav,386.842,391.123,background
S01_U04.CH4.wav,391.123,391.702,foreground
S01_U04.CH4.wav,391.702,392.293,background
S01_U04.CH4.wav,392.293,392.382,foreground
S01_U04.CH4.wav,392.382,392.392,background
S01_U04.CH4.wav,392.392,392.822,foreground
S01_U04.CH4.wav,392.822,392.853,background
S01_U04.CH4.wav,392.853,392.923,foreground
S01_U04.CH4.wav,392.923,395.493,background
S01_U04.CH4.wav,395.493,398.012,foreground
S01_U04.CH4.wav,398.012,398.363,background
S01_U04.CH4.wav,398.363,398.462,foreground
S01_U04.CH4.wav,398.462,398.493,background
S01_U04.CH4.wav,398.493,399.243,foreground
S01_U04.CH4.wav,399.243,399.512,background
S01_U04.CH4.wav,399.512,399.592,foreground
S01_U04.CH4.wav,399.592,399.663,background
S01_U04.CH4.wav,399.663,401.522,foreground
S01_U04.CH4.wav,401.522,401.983,background
S01_U04.CH4.wav,401.983,402.782,foreground
S01_U04.CH4.wav,402.782,403.493,background
S01_U04.CH4.wav,403.493,405.733,foreground
S01_U04.CH4.wav,405.733,406.233,background
S01_U04.CH4.wav,406.233,406.282,foreground
S01_U04.CH4.wav,406.282,406.803,background
S01_U04.CH4.wav,406.803,406.812,foreground
S01_U04.CH4.wav,406.812,406.822,background
S01_U04.CH4.wav,406.822,407.202,foreground
S01_U04.CH4.wav,407.202,410.342,background
S01_U04.CH4.wav,410.342,412.423,foreground
S01_U04.CH4.wav,412.423,412.882,background
S01_U04.CH4.wav,412.882,413.212,foreground
S01_U04.CH4.wav,413.212,414.423,background
S01_U04.CH4.wav,414.423,414.433,foreground
S01_U04.CH4.wav,414.433,414.452,background
S01_U04.CH4.wav,414.452,414.502,foreground
S01_U04.CH4.wav,414.502,415.332,background
S01_U04.CH4.wav,415.332,416.942,foreground
S01_U04.CH4.wav,416.942,419.532,background
S01_U04.CH4.wav,419.532,420.223,foreground
S01_U04.CH4.wav,420.223,422.572,background
S01_U04.CH4.wav,422.572,423.933,foreground
S01_U04.CH4.wav,423.933,425.053,background
S01_U04.CH4.wav,425.053,425.782,foreground
S01_U04.CH4.wav,425.782,426.312,background
S01_U04.CH4.wav,426.312,431.022,foreground
S01_U04.CH4.wav,431.022,431.962,background
S01_U04.CH4.wav,431.962,434.962,foreground
S01_U04.CH4.wav,434.962,435.183,background
S01_U04.CH4.wav,435.183,438.973,foreground
S01_U04.CH4.wav,438.973,439.582,background
S01_U04.CH4.wav,439.582,439.613,foreground
S01_U04.CH4.wav,439.613,439.623,background
S01_U04.CH4.wav,439.623,439.983,foreground
S01_U04.CH4.wav,439.983,441.243,background
S01_U04.CH4.wav,441.243,441.762,foreground
S01_U04.CH4.wav,441.762,442.892,background
S01_U04.CH4.wav,442.892,443.683,foreground
S01_U04.CH4.wav,443.683,444.812,background
S01_U04.CH4.wav,444.812,446.582,foreground
S01_U04.CH4.wav,446.582,447.592,background
S01_U04.CH4.wav,447.592,448.613,foreground
S01_U04.CH4.wav,448.613,449.022,background
S01_U04.CH4.wav,449.022,453.202,foreground
S01_U04.CH4.wav,453.202,453.502,background
S01_U04.CH4.wav,453.502,453.512,foreground
S01_U04.CH4.wav,453.512,453.712,background
S01_U04.CH4.wav,453.712,455.822,foreground
S01_U04.CH4.wav,455.822,456.512,background
S01_U04.CH4.wav,456.512,457.353,foreground
S01_U04.CH4.wav,457.353,458.062,background
S01_U04.CH4.wav,458.062,458.123,foreground
S01_U04.CH4.wav,458.123,459.392,background
S01_U04.CH4.wav,459.392,459.442,foreground
S01_U04.CH4.wav,459.442,459.493,background
S01_U04.CH4.wav,459.493,459.582,foreground
S01_U04.CH4.wav,459.582,460.123,background
S01_U04.CH4.wav,460.123,460.142,foreground
S01_U04.CH4.wav,460.142,460.332,background
S01_U04.CH4.wav,460.332,460.493,foreground
S01_U04.CH4.wav,460.493,460.502,background
S01_U04.CH4.wav,460.502,460.522,foreground
S01_U04.CH4.wav,460.522,460.712,background
S01_U04.CH4.wav,460.712,460.873,foreground
S01_U04.CH4.wav,460.873,461.092,background
S01_U04.CH4.wav,461.092,461.103,foreground
S01_U04.CH4.wav,461.103,461.322,background
S01_U04.CH4.wav,461.322,462.863,foreground
S01_U04.CH4.wav,462.863,462.923,background
S01_U04.CH4.wav,462.923,462.933,foreground
S01_U04.CH4.wav,462.933,463.103,background
S01_U04.CH4.wav,463.103,463.683,foreground
S01_U04.CH4.wav,463.683,464.022,background
S01_U04.CH4.wav,464.022,466.462,foreground
S01_U04.CH4.wav,466.462,467.152,background
S01_U04.CH4.wav,467.152,471.512,foreground
S01_U04.CH4.wav,471.512,472.282,background
S01_U04.CH4.wav,472.282,472.743,foreground
S01_U04.CH4.wav,472.743,472.832,background
S01_U04.CH4.wav,472.832,473.163,foreground
S01_U04.CH4.wav,473.163,473.223,background
S01_U04.CH4.wav,473.223,478.623,foreground
S01_U04.CH4.wav,478.623,479.803,background
S01_U04.CH4.wav,479.803,480.723,foreground
S01_U04.CH4.wav,480.723,480.733,background
S01_U04.CH4.wav,480.733,480.743,foreground
S01_U04.CH4.wav,480.743,481.663,background
S01_U04.CH4.wav,481.663,482.392,foreground
S01_U04.CH4.wav,482.392,482.532,background
S01_U04.CH4.wav,482.532,482.712,foreground
S01_U04.CH4.wav,482.712,483.262,background
S01_U04.CH4.wav,483.262,484.152,foreground
S01_U04.CH4.wav,484.152,484.272,background
S01_U04.CH4.wav,484.272,484.923,foreground
S01_U04.CH4.wav,484.923,485.142,background
S01_U04.CH4.wav,485.142,485.363,foreground
S01_U04.CH4.wav,485.363,485.442,background
S01_U04.CH4.wav,485.442,487.212,foreground
S01_U04.CH4.wav,487.212,488.032,background
S01_U04.CH4.wav,488.032,488.553,foreground
S01_U04.CH4.wav,488.553,489.293,background
S01_U04.CH4.wav,489.293,489.373,foreground
S01_U04.CH4.wav,489.373,489.522,background
S01_U04.CH4.wav,489.522,490.272,foreground
S01_U04.CH4.wav,490.272,490.332,background
S01_U04.CH4.wav,490.332,490.522,foreground
S01_U04.CH4.wav,490.522,491.382,background
S01_U04.CH4.wav,491.382,492.423,foreground
S01_U04.CH4.wav,492.423,492.793,background
S01_U04.CH4.wav,492.793,492.873,foreground
S01_U04.CH4.wav,492.873,492.902,background
S01_U04.CH4.wav,492.902,492.913,foreground
S01_U04.CH4.wav,492.913,492.923,background
S01_U04.CH4.wav,492.923,493.053,foreground
S01_U04.CH4.wav,493.053,494.952,background
S01_U04.CH4.wav,494.952,495.053,foreground
S01_U04.CH4.wav,495.053,495.082,background
S01_U04.CH4.wav,495.082,495.873,foreground
S01_U04.CH4.wav,495.873,495.942,background
S01_U04.CH4.wav,495.942,496.062,foreground
S01_U04.CH4.wav,496.062,496.103,background
S01_U04.CH4.wav,496.103,496.272,foreground
S01_U04.CH4.wav,496.272,497.322,background
S01_U04.CH4.wav,497.322,498.692,foreground
S01_U04.CH4.wav,498.692,500.413,background
S01_U04.CH4.wav,500.413,500.822,foreground
S01_U04.CH4.wav,500.822,501.243,background
S01_U04.CH4.wav,501.243,503.502,foreground
S01_U04.CH4.wav,503.502,507.483,background
S01_U04.CH4.wav,507.483,508.543,foreground
S01_U04.CH4.wav,508.543,508.863,background
S01_U04.CH4.wav,508.863,509.812,foreground
S01_U04.CH4.wav,509.812,510.223,background
S01_U04.CH4.wav,510.223,510.923,foreground
S01_U04.CH4.wav,510.923,511.462,background
S01_U04.CH4.wav,511.462,511.683,foreground
S01_U04.CH4.wav,511.683,511.723,background
S01_U04.CH4.wav,511.723,511.772,foreground
S01_U04.CH4.wav,511.772,512.553,background
S01_U04.CH4.wav,512.553,513.073,foreground
S01_U04.CH4.wav,513.073,513.393,background
S01_U04.CH4.wav,513.393,513.493,foreground
S01_U04.CH4.wav,513.493,513.663,background
S01_U04.CH4.wav,513.663,514.543,foreground
S01_U04.CH4.wav,514.543,514.603,background
S01_U04.CH4.wav,514.603,515.273,foreground
S01_U04.CH4.wav,515.273,515.403,background
S01_U04.CH4.wav,515.403,515.543,foreground
S01_U04.CH4.wav,515.543,515.943,background
S01_U04.CH4.wav,515.943,516.143,foreground
S01_U04.CH4.wav,516.143,516.163,background
S01_U04.CH4.wav,516.163,516.173,foreground
S01_U04.CH4.wav,516.173,518.473,background
S01_U04.CH4.wav,518.473,518.553,foreground
S01_U04.CH4.wav,518.553,518.573,background
S01_U04.CH4.wav,518.573,518.593,foreground
S01_U04.CH4.wav,518.593,518.663,background
S01_U04.CH4.wav,518.663,518.763,foreground
S01_U04.CH4.wav,518.763,518.893,background
S01_U04.CH4.wav,518.893,519.223,foreground
S01_U04.CH4.wav,519.223,519.243,background
S01_U04.CH4.wav,519.243,519.253,foreground
S01_U04.CH4.wav,519.253,519.283,background
S01_U04.CH4.wav,519.283,519.333,foreground
S01_U04.CH4.wav,519.333,519.623,background
S01_U04.CH4.wav,519.623,519.963,foreground
S01_U04.CH4.wav,519.963,520.493,background
S01_U04.CH4.wav,520.493,521.812,foreground
S01_U04.CH4.wav,521.812,522.493,background
S01_U04.CH4.wav,522.493,523.163,foreground
S01_U04.CH4.wav,523.163,523.173,background
S01_U04.CH4.wav,523.173,526.253,foreground
S01_U04.CH4.wav,526.253,526.263,background
S01_U04.CH4.wav,526.263,526.383,foreground
S01_U04.CH4.wav,526.383,526.573,background
S01_U04.CH4.wav,526.573,526.583,foreground
S01_U04.CH4.wav,526.583,526.623,background
S01_U04.CH4.wav,526.623,526.643,foreground
S01_U04.CH4.wav,526.643,526.693,background
S01_U04.CH4.wav,526.693,526.793,foreground
S01_U04.CH4.wav,526.793,527.503,background
S01_U04.CH4.wav,527.503,528.013,foreground
S01_U04.CH4.wav,528.013,528.823,background
S01_U04.CH4.wav,528.823,530.083,foreground
S01_U04.CH4.wav,530.083,530.673,background
S01_U04.CH4.wav,530.673,530.723,foreground
S01_U04.CH4.wav,530.723,532.103,background
S01_U04.CH4.wav,532.103,532.533,foreground
S01_U04.CH4.wav,532.533,533.783,background
S01_U04.CH4.wav,533.783,534.143,foreground
S01_U04.CH4.wav,534.143,537.303,background
S01_U04.CH4.wav,537.303,537.823,foreground
S01_U04.CH4.wav,537.823,537.893,background
S01_U04.CH4.wav,537.893,537.933,foreground
S01_U04.CH4.wav,537.933,539.693,background
S01_U04.CH4.wav,539.693,540.273,foreground
S01_U04.CH4.wav,540.273,541.533,background
S01_U04.CH4.wav,541.533,542.812,foreground
S01_U04.CH4.wav,542.812,543.203,background
S01_U04.CH4.wav,543.203,544.293,foreground
S01_U04.CH4.wav,544.293,544.493,background
S01_U04.CH4.wav,544.493,545.323,foreground
S01_U04.CH4.wav,545.323,545.423,background
S01_U04.CH4.wav,545.423,545.433,foreground
S01_U04.CH4.wav,545.433,547.433,background
S01_U04.CH4.wav,547.433,548.063,foreground
S01_U04.CH4.wav,548.063,548.143,background
S01_U04.CH4.wav,548.143,548.493,foreground
S01_U04.CH4.wav,548.493,548.973,background
S01_U04.CH4.wav,548.973,549.633,foreground
S01_U04.CH4.wav,549.633,550.923,background
S01_U04.CH4.wav,550.923,551.033,foreground
S01_U04.CH4.wav,551.033,551.063,background
S01_U04.CH4.wav,551.063,551.463,foreground
S01_U04.CH4.wav,551.463,551.473,background
S01_U04.CH4.wav,551.473,553.053,foreground
S01_U04.CH4.wav,553.053,553.173,background
S01_U04.CH4.wav,553.173,553.793,foreground
S01_U04.CH4.wav,553.793,557.313,background
S01_U04.CH4.wav,557.313,557.323,foreground
S01_U04.CH4.wav,557.323,557.343,background
S01_U04.CH4.wav,557.343,558.343,foreground
S01_U04.CH4.wav,558.343,558.373,background
S01_U04.CH4.wav,558.373,558.413,foreground
S01_U04.CH4.wav,558.413,558.423,background
S01_U04.CH4.wav,558.423,558.433,foreground
S01_U04.CH4.wav,558.433,558.443,background
S01_U04.CH4.wav,558.443,559.013,foreground
S01_U04.CH4.wav,559.013,559.723,background
S01_U04.CH4.wav,559.723,560.843,foreground
S01_U04.CH4.wav,560.843,560.863,background
S01_U04.CH4.wav,560.863,561.063,foreground
S01_U04.CH4.wav,561.063,562.103,background
S01_U04.CH4.wav,562.103,562.133,foreground
S01_U04.CH4.wav,562.133,562.143,background
S01_U04.CH4.wav,562.143,564.723,foreground
S01_U04.CH4.wav,564.723,565.003,background
S01_U04.CH4.wav,565.003,565.223,foreground
S01_U04.CH4.wav,565.223,565.283,background
S01_U04.CH4.wav,565.283,565.303,foreground
S01_U04.CH4.wav,565.303,566.083,background
S01_U04.CH4.wav,566.083,566.653,foreground
S01_U04.CH4.wav,566.653,566.733,background
S01_U04.CH4.wav,566.733,566.843,foreground
S01_U04.CH4.wav,566.843,566.953,background
S01_U04.CH4.wav,566.953,567.013,foreground
S01_U04.CH4.wav,567.013,567.613,background
S01_U04.CH4.wav,567.613,568.733,foreground
S01_U04.CH4.wav,568.733,569.583,background
S01_U04.CH4.wav,569.583,570.073,foreground
S01_U04.CH4.wav,570.073,570.893,background
S01_U04.CH4.wav,570.893,571.963,foreground
S01_U04.CH4.wav,571.963,573.533,background
S01_U04.CH4.wav,573.533,574.653,foreground
S01_U04.CH4.wav,574.653,574.933,background
S01_U04.CH4.wav,574.933,574.963,foreground
S01_U04.CH4.wav,574.963,575.573,background
S01_U04.CH4.wav,575.573,576.353,foreground
S01_U04.CH4.wav,576.353,576.683,background
S01_U04.CH4.wav,576.683,577.383,foreground
S01_U04.CH4.wav,577.383,577.853,background
S01_U04.CH4.wav,577.853,578.173,foreground
S01_U04.CH4.wav,578.173,578.483,background
S01_U04.CH4.wav,578.483,579.073,foreground
S01_U04.CH4.wav,579.073,579.083,background
S01_U04.CH4.wav,579.083,579.113,foreground
S01_U04.CH4.wav,579.113,579.523,background
S01_U04.CH4.wav,579.523,579.733,foreground
S01_U04.CH4.wav,579.733,580.123,background
S01_U04.CH4.wav,580.123,581.933,foreground
S01_U04.CH4.wav,581.933,581.973,background
S01_U04.CH4.wav,581.973,582.253,foreground
S01_U04.CH4.wav,582.253,582.263,background
S01_U04.CH4.wav,582.263,582.563,foreground
S01_U04.CH4.wav,582.563,582.673,background
S01_U04.CH4.wav,582.673,584.063,foreground
S01_U04.CH4.wav,584.063,584.083,background
S01_U04.CH4.wav,584.083,584.553,foreground
S01_U04.CH4.wav,584.553,586.953,background
S01_U04.CH4.wav,586.953,587.413,foreground
S01_U04.CH4.wav,587.413,589.823,background
S01_U04.CH4.wav,589.823,590.073,foreground
S01_U04.CH4.wav,590.073,590.103,background
S01_U04.CH4.wav,590.103,590.233,foreground
S01_U04.CH4.wav,590.233,590.953,background
S01_U04.CH4.wav,590.953,590.963,foreground
S01_U04.CH4.wav,590.963,590.993,background
S01_U04.CH4.wav,590.993,591.013,foreground
S01_U04.CH4.wav,591.013,591.603,background
S01_U04.CH4.wav,591.603,592.483,foreground
S01_U04.CH4.wav,592.483,592.633,background
S01_U04.CH4.wav,592.633,592.653,foreground
S01_U04.CH4.wav,592.653,592.933,background
S01_U04.CH4.wav,592.933,593.493,foreground
S01_U04.CH4.wav,593.493,593.693,background
S01_U04.CH4.wav,593.693,594.683,foreground
S01_U04.CH4.wav,594.683,595.193,background
S01_U04.CH4.wav,595.193,596.263,foreground
S01_U04.CH4.wav,596.263,597.173,background
S01_U04.CH4.wav,597.173,597.193,foreground
S01_U04.CH4.wav,597.193,597.203,background
S01_U04.CH4.wav,597.203,597.273,foreground
S01_U04.CH4.wav,597.273,597.303,background
S01_U04.CH4.wav,597.303,597.323,foreground
S01_U04.CH4.wav,597.323,597.453,background
S01_U04.CH4.wav,597.453,597.503,foreground
S01_U04.CH4.wav,597.503,598.413,background
S01_U04.CH4.wav,598.413,599.123,foreground
S01_U04.CH4.wav,599.123,600.853,background
S01_U04.CH4.wav,600.853,600.943,foreground
S01_U04.CH4.wav,600.943,601.483,background
S01_U04.CH4.wav,601.483,603.953,foreground
S01_U04.CH4.wav,603.953,605.293,background
S01_U04.CH4.wav,605.293,610.233,foreground
S01_U04.CH4.wav,610.233,611.153,background
S01_U04.CH4.wav,611.153,612.073,foreground
S01_U04.CH4.wav,612.073,612.703,background
S01_U04.CH4.wav,612.703,615.043,foreground
S01_U04.CH4.wav,615.043,615.423,background
S01_U04.CH4.wav,615.423,619.363,foreground
S01_U04.CH4.wav,619.363,619.553,background
S01_U04.CH4.wav,619.553,622.683,foreground
S01_U04.CH4.wav,622.683,623.313,background
S01_U04.CH4.wav,623.313,624.193,foreground
S01_U04.CH4.wav,624.193,624.213,background
S01_U04.CH4.wav,624.213,624.243,foreground
S01_U04.CH4.wav,624.243,624.373,background
S01_U04.CH4.wav,624.373,625.283,foreground
S01_U04.CH4.wav,625.283,625.293,background
S01_U04.CH4.wav,625.293,625.313,foreground
S01_U04.CH4.wav,625.313,625.783,background
S01_U04.CH4.wav,625.783,626.393,foreground
S01_U04.CH4.wav,626.393,626.903,background
S01_U04.CH4.wav,626.903,628.453,foreground
S01_U04.CH4.wav,628.453,628.813,background
S01_U04.CH4.wav,628.813,629.993,foreground
S01_U04.CH4.wav,629.993,632.133,background
S01_U04.CH4.wav,632.133,633.623,foreground
S01_U04.CH4.wav,633.623,634.333,background
S01_U04.CH4.wav,634.333,634.343,foreground
S01_U04.CH4.wav,634.343,634.353,background
S01_U04.CH4.wav,634.353,634.973,foreground
S01_U04.CH4.wav,634.973,636.553,background
S01_U04.CH4.wav,636.553,637.403,foreground
S01_U04.CH4.wav,637.403,637.923,background
S01_U04.CH4.wav,637.923,637.943,foreground
S01_U04.CH4.wav,637.943,639.123,background
S01_U04.CH4.wav,639.123,639.693,foreground
S01_U04.CH4.wav,639.693,642.363,background
S01_U04.CH4.wav,642.363,643.903,foreground
S01_U04.CH4.wav,643.903,643.923,background
S01_U04.CH4.wav,643.923,646.463,foreground
S01_U04.CH4.wav,646.463,646.943,background
S01_U04.CH4.wav,646.943,646.953,foreground
S01_U04.CH4.wav,646.953,647.033,background
S01_U04.CH4.wav,647.033,647.083,foreground
S01_U04.CH4.wav,647.083,647.613,background
S01_U04.CH4.wav,647.613,650.293,foreground
S01_U04.CH4.wav,650.293,650.493,background
S01_U04.CH4.wav,650.493,654.983,foreground
S01_U04.CH4.wav,654.983,655.223,background
S01_U04.CH4.wav,655.223,655.283,foreground
S01_U04.CH4.wav,655.283,655.293,background
S01_U04.CH4.wav,655.293,657.533,foreground
S01_U04.CH4.wav,657.533,658.193,background
S01_U04.CH4.wav,658.193,660.973,foreground
S01_U04.CH4.wav,660.973,661.393,background
S01_U04.CH4.wav,661.393,662.573,foreground
S01_U04.CH4.wav,662.573,662.653,background
S01_U04.CH4.wav,662.653,663.713,foreground
S01_U04.CH4.wav,663.713,664.073,background
S01_U04.CH4.wav,664.073,664.603,foreground
S01_U04.CH4.wav,664.603,664.763,background
S01_U04.CH4.wav,664.763,666.523,foreground
S01_U04.CH4.wav,666.523,668.113,background
S01_U04.CH4.wav,668.113,668.383,foreground
S01_U04.CH4.wav,668.383,668.803,background
S01_U04.CH4.wav,668.803,669.313,foreground
S01_U04.CH4.wav,669.313,671.373,background
S01_U04.CH4.wav,671.373,672.683,foreground
S01_U04.CH4.wav,672.683,672.833,background
S01_U04.CH4.wav,672.833,673.933,foreground
S01_U04.CH4.wav,673.933,674.953,background
S01_U04.CH4.wav,674.953,675.393,foreground
S01_U04.CH4.wav,675.393,675.593,background
S01_U04.CH4.wav,675.593,675.893,foreground
S01_U04.CH4.wav,675.893,676.383,background
S01_U04.CH4.wav,676.383,676.693,foreground
S01_U04.CH4.wav,676.693,680.663,background
S01_U04.CH4.wav,680.663,681.183,foreground
S01_U04.CH4.wav,681.183,682.323,background
S01_U04.CH4.wav,682.323,682.873,foreground
S01_U04.CH4.wav,682.873,683.693,background
S01_U04.CH4.wav,683.693,694.113,foreground
S01_U04.CH4.wav,694.113,695.523,background
S01_U04.CH4.wav,695.523,696.163,foreground
S01_U04.CH4.wav,696.163,697.133,background
S01_U04.CH4.wav,697.133,697.223,foreground
S01_U04.CH4.wav,697.223,697.233,background
S01_U04.CH4.wav,697.233,699.123,foreground
S01_U04.CH4.wav,699.123,699.583,background
S01_U04.CH4.wav,699.583,702.093,foreground
S01_U04.CH4.wav,702.093,704.483,background
S01_U04.CH4.wav,704.483,705.543,foreground
S01_U04.CH4.wav,705.543,705.953,background
S01_U04.CH4.wav,705.953,706.793,foreground
S01_U04.CH4.wav,706.793,708.033,background
S01_U04.CH4.wav,708.033,710.613,foreground
S01_U04.CH4.wav,710.613,710.783,background
S01_U04.CH4.wav,710.783,712.913,foreground
S01_U04.CH4.wav,712.913,712.953,background
S01_U04.CH4.wav,712.953,713.623,foreground
S01_U04.CH4.wav,713.623,715.333,background
S01_U04.CH4.wav,715.333,717.003,foreground
S01_U04.CH4.wav,717.003,717.183,background
S01_U04.CH4.wav,717.183,719.153,foreground
S01_U04.CH4.wav,719.153,719.713,background
S01_U04.CH4.wav,719.713,721.093,foreground
S01_U04.CH4.wav,721.093,721.663,background
S01_U04.CH4.wav,721.663,721.823,foreground
S01_U04.CH4.wav,721.823,721.933,background
S01_U04.CH4.wav,721.933,721.973,foreground
S01_U04.CH4.wav,721.973,722.373,background
S01_U04.CH4.wav,722.373,722.943,foreground
S01_U04.CH4.wav,722.943,723.293,background
S01_U04.CH4.wav,723.293,724.743,foreground
S01_U04.CH4.wav,724.743,724.803,background
S01_U04.CH4.wav,724.803,724.963,foreground
S01_U04.CH4.wav,724.963,725.513,background
S01_U04.CH4.wav,725.513,726.083,foreground
S01_U04.CH4.wav,726.083,726.743,background
S01_U04.CH4.wav,726.743,726.873,foreground
S01_U04.CH4.wav,726.873,726.923,background
S01_U04.CH4.wav,726.923,726.943,foreground
S01_U04.CH4.wav,726.943,726.963,background
S01_U04.CH4.wav,726.963,727.153,foreground
S01_U04.CH4.wav,727.153,728.043,background
S01_U04.CH4.wav,728.043,729.033,foreground
S01_U04.CH4.wav,729.033,729.223,background
S01_U04.CH4.wav,729.223,731.113,foreground
S01_U04.CH4.wav,731.113,731.173,background
S01_U04.CH4.wav,731.173,731.983,foreground
S01_U04.CH4.wav,731.983,732.363,background
S01_U04.CH4.wav,732.363,732.683,foreground
S01_U04.CH4.wav,732.683,735.573,background
S01_U04.CH4.wav,735.573,736.213,foreground
S01_U04.CH4.wav,736.213,736.783,background
S01_U04.CH4.wav,736.783,737.053,foreground
S01_U04.CH4.wav,737.053,737.103,background
S01_U04.CH4.wav,737.103,739.173,foreground
S01_U04.CH4.wav,739.173,739.973,background
S01_U04.CH4.wav,739.973,739.983,foreground
S01_U04.CH4.wav,739.983,739.993,background
S01_U04.CH4.wav,739.993,740.003,foreground
S01_U04.CH4.wav,740.003,740.093,background
S01_U04.CH4.wav,740.093,740.553,foreground
S01_U04.CH4.wav,740.553,740.573,background
S01_U04.CH4.wav,740.573,740.993,foreground
S01_U04.CH4.wav,740.993,741.693,background
S01_U04.CH4.wav,741.693,741.813,foreground
S01_U04.CH4.wav,741.813,742.373,background
S01_U04.CH4.wav,742.373,742.753,foreground
S01_U04.CH4.wav,742.753,742.863,background
S01_U04.CH4.wav,742.863,742.893,foreground
S01_U04.CH4.wav,742.893,743.163,background
S01_U04.CH4.wav,743.163,743.433,foreground
S01_U04.CH4.wav,743.433,744.253,background
S01_U04.CH4.wav,744.253,744.383,foreground
S01_U04.CH4.wav,744.383,744.493,background
S01_U04.CH4.wav,744.493,749.873,foreground
S01_U04.CH4.wav,749.873,750.383,background
S01_U04.CH4.wav,750.383,750.413,foreground
S01_U04.CH4.wav,750.413,750.423,background
S01_U04.CH4.wav,750.423,750.443,foreground
S01_U04.CH4.wav,750.443,750.493,background
S01_U04.CH4.wav,750.493,752.283,foreground
S01_U04.CH4.wav,752.283,752.853,background
S01_U04.CH4.wav,752.853,752.873,foreground
S01_U04.CH4.wav,752.873,752.973,background
S01_U04.CH4.wav,752.973,754.073,foreground
S01_U04.CH4.wav,754.073,754.083,background
S01_U04.CH4.wav,754.083,754.093,foreground
S01_U04.CH4.wav,754.093,755.043,background
S01_U04.CH4.wav,755.043,760.673,foreground
S01_U04.CH4.wav,760.673,760.713,background
S01_U04.CH4.wav,760.713,760.743,foreground
S01_U04.CH4.wav,760.743,760.813,background
S01_U04.CH4.wav,760.813,760.823,foreground
S01_U04.CH4.wav,760.823,761.033,background
S01_U04.CH4.wav,761.033,763.503,foreground
S01_U04.CH4.wav,763.503,763.583,background
S01_U04.CH4.wav,763.583,764.223,foreground
S01_U04.CH4.wav,764.223,765.003,background
S01_U04.CH4.wav,765.003,765.523,foreground
S01_U04.CH4.wav,765.523,766.483,background
S01_U04.CH4.wav,766.483,766.533,foreground
S01_U04.CH4.wav,766.533,766.633,background
S01_U04.CH4.wav,766.633,766.683,foreground
S01_U04.CH4.wav,766.683,766.693,background
S01_U04.CH4.wav,766.693,769.393,foreground
S01_U04.CH4.wav,769.393,769.573,background
S01_U04.CH4.wav,769.573,770.053,foreground
S01_U04.CH4.wav,770.053,770.393,background
S01_U04.CH4.wav,770.393,774.253,foreground
S01_U04.CH4.wav,774.253,774.263,background
S01_U04.CH4.wav,774.263,774.963,foreground
S01_U04.CH4.wav,774.963,775.553,background
S01_U04.CH4.wav,775.553,779.963,foreground
S01_U04.CH4.wav,779.963,780.443,background
S01_U04.CH4.wav,780.443,784.023,foreground
S01_U04.CH4.wav,784.023,785.093,background
S01_U04.CH4.wav,785.093,785.463,foreground
S01_U04.CH4.wav,785.463,785.853,background
S01_U04.CH4.wav,785.853,786.023,foreground
S01_U04.CH4.wav,786.023,786.073,background
S01_U04.CH4.wav,786.073,786.113,foreground
S01_U04.CH4.wav,786.113,787.583,background
S01_U04.CH4.wav,787.583,788.293,foreground
S01_U04.CH4.wav,788.293,788.313,background
S01_U04.CH4.wav,788.313,788.833,foreground
S01_U04.CH4.wav,788.833,789.263,background
S01_U04.CH4.wav,789.263,789.573,foreground
S01_U04.CH4.wav,789.573,791.303,background
S01_U04.CH4.wav,791.303,791.333,foreground
S01_U04.CH4.wav,791.333,793.893,background
S01_U04.CH4.wav,793.893,793.953,foreground
S01_U04.CH4.wav,793.953,796.303,background
S01_U04.CH4.wav,796.303,796.753,foreground
S01_U04.CH4.wav,796.753,797.273,background
S01_U04.CH4.wav,797.273,797.303,foreground
S01_U04.CH4.wav,797.303,797.313,background
S01_U04.CH4.wav,797.313,797.863,foreground
S01_U04.CH4.wav,797.863,798.903,background
S01_U04.CH4.wav,798.903,799.423,foreground
S01_U04.CH4.wav,799.423,799.443,background
S01_U04.CH4.wav,799.443,799.453,foreground
S01_U04.CH4.wav,799.453,799.533,background
S01_U04.CH4.wav,799.533,799.603,foreground
S01_U04.CH4.wav,799.603,799.653,background
S01_U04.CH4.wav,799.653,800.173,foreground
S01_U04.CH4.wav,800.173,800.213,background
S01_U04.CH4.wav,800.213,800.223,foreground
S01_U04.CH4.wav,800.223,800.233,background
S01_U04.CH4.wav,800.233,800.253,foreground
S01_U04.CH4.wav,800.253,804.053,background
S01_U04.CH4.wav,804.053,804.203,foreground
S01_U04.CH4.wav,804.203,804.753,background
S01_U04.CH4.wav,804.753,805.213,foreground
S01_U04.CH4.wav,805.213,805.983,background
S01_U04.CH4.wav,805.983,806.023,foreground
S01_U04.CH4.wav,806.023,806.033,background
S01_U04.CH4.wav,806.033,806.313,foreground
S01_U04.CH4.wav,806.313,808.743,background
S01_U04.CH4.wav,808.743,809.103,foreground
S01_U04.CH4.wav,809.103,810.083,background
S01_U04.CH4.wav,810.083,810.143,foreground
S01_U04.CH4.wav,810.143,810.493,background
S01_U04.CH4.wav,810.493,810.953,foreground
S01_U04.CH4.wav,810.953,811.483,background
S01_U04.CH4.wav,811.483,812.743,foreground
S01_U04.CH4.wav,812.743,812.783,background
S01_U04.CH4.wav,812.783,813.063,foreground
S01_U04.CH4.wav,813.063,813.283,background
S01_U04.CH4.wav,813.283,813.293,foreground
S01_U04.CH4.wav,813.293,814.223,background
S01_U04.CH4.wav,814.223,814.423,foreground
S01_U04.CH4.wav,814.423,816.803,background
S01_U04.CH4.wav,816.803,816.863,foreground
S01_U04.CH4.wav,816.863,816.873,background
S01_U04.CH4.wav,816.873,816.903,foreground
S01_U04.CH4.wav,816.903,816.913,background
S01_U04.CH4.wav,816.913,816.983,foreground
S01_U04.CH4.wav,816.983,817.853,background
S01_U04.CH4.wav,817.853,818.073,foreground
S01_U04.CH4.wav,818.073,818.253,background
S01_U04.CH4.wav,818.253,818.333,foreground
S01_U04.CH4.wav,818.333,818.353,background
S01_U04.CH4.wav,818.353,818.363,foreground
S01_U04.CH4.wav,818.363,818.403,background
S01_U04.CH4.wav,818.403,818.423,foreground
S01_U04.CH4.wav,818.423,818.433,background
S01_U04.CH4.wav,818.433,818.923,foreground
S01_U04.CH4.wav,818.923,819.353,background
S01_U04.CH4.wav,819.353,819.843,foreground
S01_U04.CH4.wav,819.843,820.343,background
S01_U04.CH4.wav,820.343,821.073,foreground
S01_U04.CH4.wav,821.073,821.093,background
S01_U04.CH4.wav,821.093,821.103,foreground
S01_U04.CH4.wav,821.103,821.113,background
S01_U04.CH4.wav,821.113,822.663,foreground
S01_U04.CH4.wav,822.663,822.833,background
S01_U04.CH4.wav,822.833,823.923,foreground
S01_U04.CH4.wav,823.923,824.333,background
S01_U04.CH4.wav,824.333,824.583,foreground
S01_U04.CH4.wav,824.583,824.623,background
S01_U04.CH4.wav,824.623,824.633,foreground
S01_U04.CH4.wav,824.633,824.643,background
S01_U04.CH4.wav,824.643,824.753,foreground
S01_U04.CH4.wav,824.753,824.903,background
S01_U04.CH4.wav,824.903,826.453,foreground
S01_U04.CH4.wav,826.453,826.493,background
S01_U04.CH4.wav,826.493,826.503,foreground
S01_U04.CH4.wav,826.503,826.513,background
S01_U04.CH4.wav,826.513,827.133,foreground
S01_U04.CH4.wav,827.133,827.753,background
S01_U04.CH4.wav,827.753,828.423,foreground
S01_U04.CH4.wav,828.423,828.593,background
S01_U04.CH4.wav,828.593,830.713,foreground
S01_U04.CH4.wav,830.713,830.763,background
S01_U04.CH4.wav,830.763,830.773,foreground
S01_U04.CH4.wav,830.773,830.783,background
S01_U04.CH4.wav,830.783,830.823,foreground
S01_U04.CH4.wav,830.823,831.183,background
S01_U04.CH4.wav,831.183,834.003,foreground
S01_U04.CH4.wav,834.003,835.223,background
S01_U04.CH4.wav,835.223,836.983,foreground
S01_U04.CH4.wav,836.983,837.593,background
S01_U04.CH4.wav,837.593,839.753,foreground
S01_U04.CH4.wav,839.753,840.763,background
S01_U04.CH4.wav,840.763,840.793,foreground
S01_U04.CH4.wav,840.793,840.823,background
S01_U04.CH4.wav,840.823,840.893,foreground
S01_U04.CH4.wav,840.893,840.943,background
S01_U04.CH4.wav,840.943,840.993,foreground
S01_U04.CH4.wav,840.993,842.433,background
S01_U04.CH4.wav,842.433,843.083,foreground
S01_U04.CH4.wav,843.083,844.143,background
S01_U04.CH4.wav,844.143,844.493,foreground
S01_U04.CH4.wav,844.493,844.523,background
S01_U04.CH4.wav,844.523,844.693,foreground
S01_U04.CH4.wav,844.693,844.713,background
S01_U04.CH4.wav,844.713,844.723,foreground
S01_U04.CH4.wav,844.723,844.733,background
S01_U04.CH4.wav,844.733,844.773,foreground
S01_U04.CH4.wav,844.773,844.793,background
S01_U04.CH4.wav,844.793,844.813,foreground
S01_U04.CH4.wav,844.813,844.933,background
S01_U04.CH4.wav,844.933,844.983,foreground
S01_U04.CH4.wav,844.983,845.003,background
S01_U04.CH4.wav,845.003,845.593,foreground
S01_U04.CH4.wav,845.593,853.593,background
S01_U04.CH4.wav,853.593,853.993,foreground
S01_U04.CH4.wav,853.993,855.343,background
S01_U04.CH4.wav,855.343,855.843,foreground
S01_U04.CH4.wav,855.843,856.133,background
S01_U04.CH4.wav,856.133,856.783,foreground
S01_U04.CH4.wav,856.783,857.053,background
S01_U04.CH4.wav,857.053,857.533,foreground
S01_U04.CH4.wav,857.533,859.243,background
S01_U04.CH4.wav,859.243,859.303,foreground
S01_U04.CH4.wav,859.303,860.513,background
S01_U04.CH4.wav,860.513,860.733,foreground
S01_U04.CH4.wav,860.733,862.483,background
S01_U04.CH4.wav,862.483,864.843,foreground
S01_U04.CH4.wav,864.843,866.453,background
S01_U04.CH4.wav,866.453,867.193,foreground
S01_U04.CH4.wav,867.193,868.283,background
S01_U04.CH4.wav,868.283,869.423,foreground
S01_U04.CH4.wav,869.423,869.813,background
S01_U04.CH4.wav,869.813,870.863,foreground
S01_U04.CH4.wav,870.863,871.143,background
S01_U04.CH4.wav,871.143,876.353,foreground
S01_U04.CH4.wav,876.353,876.543,background
S01_U04.CH4.wav,876.543,877.883,foreground
S01_U04.CH4.wav,877.883,878.573,background
S01_U04.CH4.wav,878.573,879.643,foreground
S01_U04.CH4.wav,879.643,880.043,background
S01_U04.CH4.wav,880.043,881.413,foreground
S01_U04.CH4.wav,881.413,882.803,background
S01_U04.CH4.wav,882.803,882.843,foreground
S01_U04.CH4.wav,882.843,882.863,background
S01_U04.CH4.wav,882.863,885.253,foreground
S01_U04.CH4.wav,885.253,886.473,background
S01_U04.CH4.wav,886.473,888.863,foreground
S01_U04.CH4.wav,888.863,889.663,background
S01_U04.CH4.wav,889.663,889.753,foreground
S01_U04.CH4.wav,889.753,891.293,background
S01_U04.CH4.wav,891.293,891.563,foreground
S01_U04.CH4.wav,891.563,893.043,background
S01_U04.CH4.wav,893.043,894.203,foreground
S01_U04.CH4.wav,894.203,894.223,background
S01_U04.CH4.wav,894.223,894.243,foreground
S01_U04.CH4.wav,894.243,894.313,background
S01_U04.CH4.wav,894.313,898.793,foreground
S01_U04.CH4.wav,898.793,899.343,background
S01_U04.CH4.wav,899.343,913.563,foreground
S01_U04.CH4.wav,913.563,913.803,background
S01_U04.CH4.wav,913.803,919.603,foreground
S01_U04.CH4.wav,919.603,919.693,background
S01_U04.CH4.wav,919.693,919.713,foreground
S01_U04.CH4.wav,919.713,919.733,background
S01_U04.CH4.wav,919.733,919.763,foreground
S01_U04.CH4.wav,919.763,919.773,background
S01_U04.CH4.wav,919.773,919.813,foreground
S01_U04.CH4.wav,919.813,920.383,background
S01_U04.CH4.wav,920.383,920.803,foreground
S01_U04.CH4.wav,920.803,922.133,background
S01_U04.CH4.wav,922.133,923.163,foreground
S01_U04.CH4.wav,923.163,924.293,background
S01_U04.CH4.wav,924.293,924.543,foreground
S01_U04.CH4.wav,924.543,926.313,background
S01_U04.CH4.wav,926.313,927.203,foreground
S01_U04.CH4.wav,927.203,929.203,background
S01_U04.CH4.wav,929.203,929.643,foreground
S01_U04.CH4.wav,929.643,929.763,background
S01_U04.CH4.wav,929.763,930.643,foreground
S01_U04.CH4.wav,930.643,932.173,background
S01_U04.CH4.wav,932.173,932.193,foreground
S01_U04.CH4.wav,932.193,932.203,background
S01_U04.CH4.wav,932.203,932.213,foreground
S01_U04.CH4.wav,932.213,932.233,background
S01_U04.CH4.wav,932.233,932.243,foreground
S01_U04.CH4.wav,932.243,933.503,background
S01_U04.CH4.wav,933.503,933.663,foreground
S01_U04.CH4.wav,933.663,934.413,background
S01_U04.CH4.wav,934.413,934.523,foreground
S01_U04.CH4.wav,934.523,934.823,background
S01_U04.CH4.wav,934.823,934.863,foreground
S01_U04.CH4.wav,934.863,936.533,background
S01_U04.CH4.wav,936.533,936.693,foreground
S01_U04.CH4.wav,936.693,937.413,background
S01_U04.CH4.wav,937.413,937.493,foreground
S01_U04.CH4.wav,937.493,939.523,background
S01_U04.CH4.wav,939.523,939.883,foreground
S01_U04.CH4.wav,939.883,942.403,background
S01_U04.CH4.wav,942.403,943.713,foreground
S01_U04.CH4.wav,943.713,943.993,background
S01_U04.CH4.wav,943.993,944.923,foreground
S01_U04.CH4.wav,944.923,946.633,background
S01_U04.CH4.wav,946.633,947.273,foreground
S01_U04.CH4.wav,947.273,947.333,background
S01_U04.CH4.wav,947.333,947.353,foreground
S01_U04.CH4.wav,947.353,948.053,background
S01_U04.CH4.wav,948.053,948.433,foreground
S01_U04.CH4.wav,948.433,950.543,background
S01_U04.CH4.wav,950.543,951.103,foreground
S01_U04.CH4.wav,951.103,952.243,background
S01_U04.CH4.wav,952.243,953.013,foreground
S01_U04.CH4.wav,953.013,954.473,background
S01_U04.CH4.wav,954.473,956.783,foreground
S01_U04.CH4.wav,956.783,956.853,background
S01_U04.CH4.wav,956.853,956.913,foreground
S01_U04.CH4.wav,956.913,956.953,background
S01_U04.CH4.wav,956.953,957.793,foreground
S01_U04.CH4.wav,957.793,958.283,background
S01_U04.CH4.wav,958.283,961.773,foreground
S01_U04.CH4.wav,961.773,962.143,background
S01_U04.CH4.wav,962.143,962.733,foreground
S01_U04.CH4.wav,962.733,962.753,background
S01_U04.CH4.wav,962.753,962.953,foreground
S01_U04.CH4.wav,962.953,965.573,background
S01_U04.CH4.wav,965.573,966.323,foreground
S01_U04.CH4.wav,966.323,968.423,background
S01_U04.CH4.wav,968.423,968.443,foreground
S01_U04.CH4.wav,968.443,968.473,background
S01_U04.CH4.wav,968.473,968.883,foreground
S01_U04.CH4.wav,968.883,973.693,background
S01_U04.CH4.wav,973.693,979.273,foreground
S01_U04.CH4.wav,979.273,979.683,background
S01_U04.CH4.wav,979.683,981.013,foreground
S01_U04.CH4.wav,981.013,981.503,background
S01_U04.CH4.wav,981.503,981.943,foreground
S01_U04.CH4.wav,981.943,982.123,background
S01_U04.CH4.wav,982.123,982.853,foreground
S01_U04.CH4.wav,982.853,983.643,background
S01_U04.CH4.wav,983.643,983.683,foreground
S01_U04.CH4.wav,983.683,984.383,background
S01_U04.CH4.wav,984.383,984.783,foreground
S01_U04.CH4.wav,984.783,985.473,background
S01_U04.CH4.wav,985.473,985.813,foreground
S01_U04.CH4.wav,985.813,986.523,background
S01_U04.CH4.wav,986.523,987.023,foreground
S01_U04.CH4.wav,987.023,995.463,background
S01_U04.CH4.wav,995.463,996.023,foreground
S01_U04.CH4.wav,996.023,997.183,background
S01_U04.CH4.wav,997.183,997.413,foreground
S01_U04.CH4.wav,997.413,998.673,background
S01_U04.CH4.wav,998.673,998.833,foreground
S01_U04.CH4.wav,998.833,998.883,background
S01_U04.CH4.wav,998.883,998.893,foreground
S01_U04.CH4.wav,998.893,999.063,background
S01_U04.CH4.wav,999.063,999.183,foreground
S01_U04.CH4.wav,999.183,999.193,background
S01_U04.CH4.wav,999.193,999.223,foreground
S01_U04.CH4.wav,999.223,999.293,background
S01_U04.CH4.wav,999.293,1000.583,foreground
S01_U04.CH4.wav,1000.583,1001.713,background
S01_U04.CH4.wav,1001.713,1002.803,foreground
S01_U04.CH4.wav,1002.803,1004.583,background
S01_U04.CH4.wav,1004.583,1004.943,foreground
S01_U04.CH4.wav,1004.943,1005.343,background
S01_U04.CH4.wav,1005.343,1005.633,foreground
S01_U04.CH4.wav,1005.633,1005.903,background
S01_U04.CH4.wav,1005.903,1005.923,foreground
S01_U04.CH4.wav,1005.923,1005.933,background
S01_U04.CH4.wav,1005.933,1006.013,foreground
S01_U04.CH4.wav,1006.013,1006.813,background
S01_U04.CH4.wav,1006.813,1007.703,foreground
S01_U04.CH4.wav,1007.703,1007.723,background
S01_U04.CH4.wav,1007.723,1007.743,foreground
S01_U04.CH4.wav,1007.743,1007.843,background
S01_U04.CH4.wav,1007.843,1007.913,foreground
S01_U04.CH4.wav,1007.913,1007.923,background
S01_U04.CH4.wav,1007.923,1007.933,foreground
S01_U04.CH4.wav,1007.933,1008.183,background
S01_U04.CH4.wav,1008.183,1008.293,foreground
S01_U04.CH4.wav,1008.293,1010.343,background
S01_U04.CH4.wav,1010.343,1011.293,foreground
S01_U04.CH4.wav,1011.293,1011.463,background
S01_U04.CH4.wav,1011.463,1011.503,foreground
S01_U04.CH4.wav,1011.503,1011.613,background
S01_U04.CH4.wav,1011.613,1012.243,foreground
S01_U04.CH4.wav,1012.243,1012.313,background
S01_U04.CH4.wav,1012.313,1013.483,foreground
S01_U04.CH4.wav,1013.483,1013.633,background
S01_U04.CH4.wav,1013.633,1014.263,foreground
S01_U04.CH4.wav,1014.263,1014.693,background
S01_U04.CH4.wav,1014.693,1014.723,foreground
S01_U04.CH4.wav,1014.723,1014.733,background
S01_U04.CH4.wav,1014.733,1015.673,foreground
S01_U04.CH4.wav,1015.673,1017.873,background
S01_U04.CH4.wav,1017.873,1018.113,foreground
S01_U04.CH4.wav,1018.113,1018.913,background
S01_U04.CH4.wav,1018.913,1019.523,foreground
S01_U04.CH4.wav,1019.523,1020.213,background
S01_U04.CH4.wav,1020.213,1020.503,foreground
S01_U04.CH4.wav,1020.503,1022.083,background
S01_U04.CH4.wav,1022.083,1022.763,foreground
S01_U04.CH4.wav,1022.763,1022.963,background
S01_U04.CH4.wav,1022.963,1024.703,foreground
S01_U04.CH4.wav,1024.703,1025.283,background
S01_U04.CH4.wav,1025.283,1025.773,foreground
S01_U04.CH4.wav,1025.773,1026.043,background
S01_U04.CH4.wav,1026.043,1026.723,foreground
S01_U04.CH4.wav,1026.723,1026.733,background
S01_U04.CH4.wav,1026.733,1026.743,foreground
S01_U04.CH4.wav,1026.743,1027.112,background
S01_U04.CH4.wav,1027.112,1028.233,foreground
S01_U04.CH4.wav,1028.233,1028.842,background
S01_U04.CH4.wav,1028.842,1028.893,foreground
S01_U04.CH4.wav,1028.893,1028.903,background
S01_U04.CH4.wav,1028.903,1029.133,foreground
S01_U04.CH4.wav,1029.133,1029.822,background
S01_U04.CH4.wav,1029.822,1033.733,foreground
S01_U04.CH4.wav,1033.733,1033.743,background
S01_U04.CH4.wav,1033.743,1033.993,foreground
S01_U04.CH4.wav,1033.993,1034.362,background
S01_U04.CH4.wav,1034.362,1037.393,foreground
S01_U04.CH4.wav,1037.393,1038.743,background
S01_U04.CH4.wav,1038.743,1038.822,foreground
S01_U04.CH4.wav,1038.822,1039.503,background
S01_U04.CH4.wav,1039.503,1039.973,foreground
S01_U04.CH4.wav,1039.973,1040.403,background
S01_U04.CH4.wav,1040.403,1040.963,foreground
S01_U04.CH4.wav,1040.963,1041.023,background
S01_U04.CH4.wav,1041.023,1041.033,foreground
S01_U04.CH4.wav,1041.033,1042.322,background
S01_U04.CH4.wav,1042.322,1042.342,foreground
S01_U04.CH4.wav,1042.342,1042.362,background
S01_U04.CH4.wav,1042.362,1044.102,foreground
S01_U04.CH4.wav,1044.102,1044.943,background
S01_U04.CH4.wav,1044.943,1045.283,foreground
S01_U04.CH4.wav,1045.283,1048.842,background
S01_U04.CH4.wav,1048.842,1049.433,foreground
S01_U04.CH4.wav,1049.433,1050.173,background
S01_U04.CH4.wav,1050.173,1050.433,foreground
S01_U04.CH4.wav,1050.433,1053.953,background
S01_U04.CH4.wav,1053.953,1054.033,foreground
S01_U04.CH4.wav,1054.033,1054.173,background
S01_U04.CH4.wav,1054.173,1054.953,foreground
S01_U04.CH4.wav,1054.953,1055.342,background
S01_U04.CH4.wav,1055.342,1055.793,foreground
S01_U04.CH4.wav,1055.793,1057.433,background
S01_U04.CH4.wav,1057.433,1057.453,foreground
S01_U04.CH4.wav,1057.453,1057.483,background
S01_U04.CH4.wav,1057.483,1057.503,foreground
S01_U04.CH4.wav,1057.503,1057.582,background
S01_U04.CH4.wav,1057.582,1057.633,foreground
S01_U04.CH4.wav,1057.633,1057.643,background
S01_U04.CH4.wav,1057.643,1057.763,foreground
S01_U04.CH4.wav,1057.763,1059.303,background
S01_U04.CH4.wav,1059.303,1059.322,foreground
S01_U04.CH4.wav,1059.322,1059.332,background
S01_U04.CH4.wav,1059.332,1059.453,foreground
S01_U04.CH4.wav,1059.453,1060.163,background
S01_U04.CH4.wav,1060.163,1062.973,foreground
S01_U04.CH4.wav,1062.973,1063.443,background
S01_U04.CH4.wav,1063.443,1064.043,foreground
S01_U04.CH4.wav,1064.043,1064.963,background
S01_U04.CH4.wav,1064.963,1066.102,foreground
S01_U04.CH4.wav,1066.102,1066.913,background
S01_U04.CH4.wav,1066.913,1072.703,foreground
S01_U04.CH4.wav,1072.703,1073.283,background
S01_U04.CH4.wav,1073.283,1077.803,foreground
S01_U04.CH4.wav,1077.803,1078.043,background
S01_U04.CH4.wav,1078.043,1080.602,foreground
S01_U04.CH4.wav,1080.602,1080.883,background
S01_U04.CH4.wav,1080.883,1082.133,foreground
S01_U04.CH4.wav,1082.133,1082.173,background
S01_U04.CH4.wav,1082.173,1082.433,foreground
S01_U04.CH4.wav,1082.433,1083.973,background
S01_U04.CH4.wav,1083.973,1084.393,foreground
S01_U04.CH4.wav,1084.393,1085.322,background
S01_U04.CH4.wav,1085.322,1086.263,foreground
S01_U04.CH4.wav,1086.263,1086.582,background
S01_U04.CH4.wav,1086.582,1088.543,foreground
S01_U04.CH4.wav,1088.543,1089.203,background
S01_U04.CH4.wav,1089.203,1091.533,foreground
S01_U04.CH4.wav,1091.533,1091.763,background
S01_U04.CH4.wav,1091.763,1091.873,foreground
S01_U04.CH4.wav,1091.873,1092.713,background
S01_U04.CH4.wav,1092.713,1092.933,foreground
S01_U04.CH4.wav,1092.933,1093.592,background
S01_U04.CH4.wav,1093.592,1094.023,foreground
S01_U04.CH4.wav,1094.023,1094.493,background
S01_U04.CH4.wav,1094.493,1095.082,foreground
S01_U04.CH4.wav,1095.082,1095.213,background
S01_U04.CH4.wav,1095.213,1095.233,foreground
S01_U04.CH4.wav,1095.233,1095.423,background
S01_U04.CH4.wav,1095.423,1095.933,foreground
S01_U04.CH4.wav,1095.933,1096.153,background
S01_U04.CH4.wav,1096.153,1096.203,foreground
S01_U04.CH4.wav,1096.203,1096.363,background
S01_U04.CH4.wav,1096.363,1096.683,foreground
S01_U04.CH4.wav,1096.683,1096.733,background
S01_U04.CH4.wav,1096.733,1096.743,foreground
S01_U04.CH4.wav,1096.743,1097.263,background
S01_U04.CH4.wav,1097.263,1097.653,foreground
S01_U04.CH4.wav,1097.653,1098.373,background
S01_U04.CH4.wav,1098.373,1098.673,foreground
S01_U04.CH4.wav,1098.673,1101.092,background
S01_U04.CH4.wav,1101.092,1101.723,foreground
S01_U04.CH4.wav,1101.723,1102.342,background
S01_U04.CH4.wav,1102.342,1102.743,foreground
S01_U04.CH4.wav,1102.743,1103.342,background
S01_U04.CH4.wav,1103.342,1103.513,foreground
S01_U04.CH4.wav,1103.513,1103.533,background
S01_U04.CH4.wav,1103.533,1103.582,foreground
S01_U04.CH4.wav,1103.582,1103.623,background
S01_U04.CH4.wav,1103.623,1103.643,foreground
S01_U04.CH4.wav,1103.643,1104.553,background
S01_U04.CH4.wav,1104.553,1105.013,foreground
S01_U04.CH4.wav,1105.013,1105.072,background
S01_U04.CH4.wav,1105.072,1105.923,foreground
S01_U04.CH4.wav,1105.923,1105.983,background
S01_U04.CH4.wav,1105.983,1106.043,foreground
S01_U04.CH4.wav,1106.043,1106.143,background
S01_U04.CH4.wav,1106.143,1106.363,foreground
S01_U04.CH4.wav,1106.363,1107.223,background
S01_U04.CH4.wav,1107.223,1108.433,foreground
S01_U04.CH4.wav,1108.433,1109.013,background
S01_U04.CH4.wav,1109.013,1109.233,foreground
S01_U04.CH4.wav,1109.233,1109.663,background
S01_U04.CH4.wav,1109.663,1110.023,foreground
S01_U04.CH4.wav,1110.023,1114.193,background
S01_U04.CH4.wav,1114.193,1114.223,foreground
S01_U04.CH4.wav,1114.223,1114.233,background
S01_U04.CH4.wav,1114.233,1114.243,foreground
S01_U04.CH4.wav,1114.243,1114.253,background
S01_U04.CH4.wav,1114.253,1115.163,foreground
S01_U04.CH4.wav,1115.163,1119.043,background
S01_U04.CH4.wav,1119.043,1119.293,foreground
S01_U04.CH4.wav,1119.293,1119.643,background
S01_U04.CH4.wav,1119.643,1121.102,foreground
S01_U04.CH4.wav,1121.102,1121.123,background
S01_U04.CH4.wav,1121.123,1121.153,foreground
S01_U04.CH4.wav,1121.153,1121.163,background
S01_U04.CH4.wav,1121.163,1121.433,foreground
S01_U04.CH4.wav,1121.433,1121.592,background
S01_U04.CH4.wav,1121.592,1122.673,foreground
S01_U04.CH4.wav,1122.673,1123.483,background
S01_U04.CH4.wav,1123.483,1123.713,foreground
S01_U04.CH4.wav,1123.713,1124.163,background
S01_U04.CH4.wav,1124.163,1124.602,foreground
S01_U04.CH4.wav,1124.602,1124.623,background
S01_U04.CH4.wav,1124.623,1124.663,foreground
S01_U04.CH4.wav,1124.663,1125.043,background
S01_U04.CH4.wav,1125.043,1125.613,foreground
S01_U04.CH4.wav,1125.613,1125.633,background
S01_U04.CH4.wav,1125.633,1125.653,foreground
S01_U04.CH4.wav,1125.653,1125.663,background
S01_U04.CH4.wav,1125.663,1125.673,foreground
S01_U04.CH4.wav,1125.673,1127.403,background
S01_U04.CH4.wav,1127.403,1127.413,foreground
S01_U04.CH4.wav,1127.413,1127.423,background
S01_U04.CH4.wav,1127.423,1129.043,foreground
S01_U04.CH4.wav,1129.043,1129.473,background
S01_U04.CH4.wav,1129.473,1131.973,foreground
S01_U04.CH4.wav,1131.973,1132.883,background
S01_U04.CH4.wav,1132.883,1133.332,foreground
S01_U04.CH4.wav,1133.332,1134.013,background
S01_U04.CH4.wav,1134.013,1134.733,foreground
S01_U04.CH4.wav,1134.733,1135.553,background
S01_U04.CH4.wav,1135.553,1135.613,foreground
S01_U04.CH4.wav,1135.613,1135.743,background
S01_U04.CH4.wav,1135.743,1137.812,foreground
S01_U04.CH4.wav,1137.812,1138.243,background
S01_U04.CH4.wav,1138.243,1138.403,foreground
S01_U04.CH4.wav,1138.403,1138.903,background
S01_U04.CH4.wav,1138.903,1140.463,foreground
S01_U04.CH4.wav,1140.463,1141.043,background
S01_U04.CH4.wav,1141.043,1142.033,foreground
S01_U04.CH4.wav,1142.033,1142.993,background
S01_U04.CH4.wav,1142.993,1144.523,foreground
S01_U04.CH4.wav,1144.523,1144.533,background
S01_U04.CH4.wav,1144.533,1144.572,foreground
S01_U04.CH4.wav,1144.572,1144.803,background
S01_U04.CH4.wav,1144.803,1144.993,foreground
S01_U04.CH4.wav,1144.993,1145.993,background
S01_U04.CH4.wav,1145.993,1146.433,foreground
S01_U04.CH4.wav,1146.433,1147.043,background
S01_U04.CH4.wav,1147.043,1147.173,foreground
S01_U04.CH4.wav,1147.173,1147.303,background
S01_U04.CH4.wav,1147.303,1147.533,foreground
S01_U04.CH4.wav,1147.533,1148.113,background
S01_U04.CH4.wav,1148.113,1150.352,foreground
S01_U04.CH4.wav,1150.352,1150.863,background
S01_U04.CH4.wav,1150.863,1152.433,foreground
S01_U04.CH4.wav,1152.433,1152.473,background
S01_U04.CH4.wav,1152.473,1155.193,foreground
S01_U04.CH4.wav,1155.193,1155.352,background
S01_U04.CH4.wav,1155.352,1155.602,foreground
S01_U04.CH4.wav,1155.602,1156.883,background
S01_U04.CH4.wav,1156.883,1156.973,foreground
S01_U04.CH4.wav,1156.973,1157.553,background
S01_U04.CH4.wav,1157.553,1158.243,foreground
S01_U04.CH4.wav,1158.243,1158.342,background
S01_U04.CH4.wav,1158.342,1161.683,foreground
S01_U04.CH4.wav,1161.683,1161.703,background
S01_U04.CH4.wav,1161.703,1161.713,foreground
S01_U04.CH4.wav,1161.713,1161.723,background
S01_U04.CH4.wav,1161.723,1163.013,foreground
S01_U04.CH4.wav,1163.013,1163.092,background
S01_U04.CH4.wav,1163.092,1165.783,foreground
S01_U04.CH4.wav,1165.783,1167.273,background
S01_U04.CH4.wav,1167.273,1167.503,foreground
S01_U04.CH4.wav,1167.503,1168.013,background
S01_U04.CH4.wav,1168.013,1169.582,foreground
S01_U04.CH4.wav,1169.582,1169.793,background
S01_U04.CH4.wav,1169.793,1173.322,foreground
S01_U04.CH4.wav,1173.322,1173.643,background
S01_U04.CH4.wav,1173.643,1174.203,foreground
S01_U04.CH4.wav,1174.203,1174.453,background
S01_U04.CH4.wav,1174.453,1175.352,foreground
S01_U04.CH4.wav,1175.352,1176.473,background
S01_U04.CH4.wav,1176.473,1177.322,foreground
S01_U04.CH4.wav,1177.322,1177.602,background
S01_U04.CH4.wav,1177.602,1178.223,foreground
S01_U04.CH4.wav,1178.223,1179.163,background
S01_U04.CH4.wav,1179.163,1181.683,foreground
S01_U04.CH4.wav,1181.683,1182.062,background
S01_U04.CH4.wav,1182.062,1189.543,foreground
S01_U04.CH4.wav,1189.543,1189.553,background
S01_U04.CH4.wav,1189.553,1189.572,foreground
S01_U04.CH4.wav,1189.572,1189.592,background
S01_U04.CH4.wav,1189.592,1189.653,foreground
S01_U04.CH4.wav,1189.653,1189.983,background
S01_U04.CH4.wav,1189.983,1190.503,foreground
S01_U04.CH4.wav,1190.503,1190.923,background
S01_U04.CH4.wav,1190.923,1192.572,foreground
S01_U04.CH4.wav,1192.572,1192.993,background
S01_U04.CH4.wav,1192.993,1193.033,foreground
S01_U04.CH4.wav,1193.033,1193.043,background
S01_U04.CH4.wav,1193.043,1195.153,foreground
S01_U04.CH4.wav,1195.153,1195.592,background
S01_U04.CH4.wav,1195.592,1197.043,foreground
S01_U04.CH4.wav,1197.043,1198.403,background
S01_U04.CH4.wav,1198.403,1198.602,foreground
S01_U04.CH4.wav,1198.602,1199.273,background
S01_U04.CH4.wav,1199.273,1200.503,foreground
S01_U04.CH4.wav,1200.503,1200.693,background
S01_U04.CH4.wav,1200.693,1200.753,foreground
S01_U04.CH4.wav,1200.753,1200.873,background
S01_U04.CH4.wav,1200.873,1202.163,foreground
S01_U04.CH4.wav,1202.163,1202.483,background
S01_U04.CH4.wav,1202.483,1205.092,foreground
S01_U04.CH4.wav,1205.092,1205.483,background
S01_U04.CH4.wav,1205.483,1206.473,foreground
S01_U04.CH4.wav,1206.473,1207.443,background
S01_U04.CH4.wav,1207.443,1209.663,foreground
S01_U04.CH4.wav,1209.663,1209.683,background
S01_U04.CH4.wav,1209.683,1209.713,foreground
S01_U04.CH4.wav,1209.713,1210.403,background
S01_U04.CH4.wav,1210.403,1210.433,foreground
S01_U04.CH4.wav,1210.433,1211.003,background
S01_U04.CH4.wav,1211.003,1212.683,foreground
S01_U04.CH4.wav,1212.683,1212.733,background
S01_U04.CH4.wav,1212.733,1212.852,foreground
S01_U04.CH4.wav,1212.852,1213.373,background
S01_U04.CH4.wav,1213.373,1213.423,foreground
S01_U04.CH4.wav,1213.423,1213.483,background
S01_U04.CH4.wav,1213.483,1213.562,foreground
S01_U04.CH4.wav,1213.562,1213.572,background
S01_U04.CH4.wav,1213.572,1213.592,foreground
S01_U04.CH4.wav,1213.592,1214.613,background
S01_U04.CH4.wav,1214.613,1218.683,foreground
S01_U04.CH4.wav,1218.683,1218.693,background
S01_U04.CH4.wav,1218.693,1218.703,foreground
S01_U04.CH4.wav,1218.703,1218.943,background
S01_U04.CH4.wav,1218.943,1218.973,foreground
S01_U04.CH4.wav,1218.973,1219.003,background
S01_U04.CH4.wav,1219.003,1219.033,foreground
S01_U04.CH4.wav,1219.033,1219.133,background
S01_U04.CH4.wav,1219.133,1219.153,foreground
S01_U04.CH4.wav,1219.153,1219.213,background
S01_U04.CH4.wav,1219.213,1220.463,foreground
S01_U04.CH4.wav,1220.463,1220.743,background
S01_U04.CH4.wav,1220.743,1220.763,foreground
S01_U04.CH4.wav,1220.763,1220.803,background
S01_U04.CH4.wav,1220.803,1221.033,foreground
S01_U04.CH4.wav,1221.033,1222.713,background
S01_U04.CH4.wav,1222.713,1223.723,foreground
S01_U04.CH4.wav,1223.723,1224.493,background
S01_U04.CH4.wav,1224.493,1225.233,foreground
S01_U04.CH4.wav,1225.233,1225.473,background
S01_U04.CH4.wav,1225.473,1228.213,foreground
S01_U04.CH4.wav,1228.213,1228.592,background
S01_U04.CH4.wav,1228.592,1229.582,foreground
S01_U04.CH4.wav,1229.582,1229.983,background
S01_U04.CH4.wav,1229.983,1230.623,foreground
S01_U04.CH4.wav,1230.623,1230.913,background
S01_U04.CH4.wav,1230.913,1231.213,foreground
S01_U04.CH4.wav,1231.213,1232.072,background
S01_U04.CH4.wav,1232.072,1232.173,foreground
S01_U04.CH4.wav,1232.173,1232.203,background
S01_U04.CH4.wav,1232.203,1235.043,foreground
S01_U04.CH4.wav,1235.043,1235.602,background
S01_U04.CH4.wav,1235.602,1237.582,foreground
S01_U04.CH4.wav,1237.582,1237.613,background
S01_U04.CH4.wav,1237.613,1238.463,foreground
S01_U04.CH4.wav,1238.463,1239.223,background
S01_U04.CH4.wav,1239.223,1239.413,foreground
S01_U04.CH4.wav,1239.413,1239.562,background
S01_U04.CH4.wav,1239.562,1245.072,foreground
S01_U04.CH4.wav,1245.072,1245.572,background
S01_U04.CH4.wav,1245.572,1246.783,foreground
S01_U04.CH4.wav,1246.783,1246.803,background
S01_U04.CH4.wav,1246.803,1246.873,foreground
S01_U04.CH4.wav,1246.873,1246.933,background
S01_U04.CH4.wav,1246.933,1246.943,foreground
S01_U04.CH4.wav,1246.943,1247.453,background
S01_U04.CH4.wav,1247.453,1248.723,foreground
S01_U04.CH4.wav,1248.723,1248.913,background
S01_U04.CH4.wav,1248.913,1249.092,foreground
S01_U04.CH4.wav,1249.092,1249.153,background
S01_U04.CH4.wav,1249.153,1249.173,foreground
S01_U04.CH4.wav,1249.173,1249.193,background
S01_U04.CH4.wav,1249.193,1249.312,foreground
S01_U04.CH4.wav,1249.312,1249.723,background
S01_U04.CH4.wav,1249.723,1250.623,foreground
S01_U04.CH4.wav,1250.623,1251.163,background
S01_U04.CH4.wav,1251.163,1258.743,foreground
S01_U04.CH4.wav,1258.743,1259.303,background
S01_U04.CH4.wav,1259.303,1261.263,foreground
S01_U04.CH4.wav,1261.263,1262.953,background
S01_U04.CH4.wav,1262.953,1263.423,foreground
S01_U04.CH4.wav,1263.423,1263.783,background
S01_U04.CH4.wav,1263.783,1264.913,foreground
S01_U04.CH4.wav,1264.913,1265.332,background
S01_U04.CH4.wav,1265.332,1265.683,foreground
S01_U04.CH4.wav,1265.683,1265.723,background
S01_U04.CH4.wav,1265.723,1265.753,foreground
S01_U04.CH4.wav,1265.753,1266.803,background
S01_U04.CH4.wav,1266.803,1266.812,foreground
S01_U04.CH4.wav,1266.812,1266.883,background
S01_U04.CH4.wav,1266.883,1267.303,foreground
S01_U04.CH4.wav,1267.303,1268.113,background
S01_U04.CH4.wav,1268.113,1268.763,foreground
S01_U04.CH4.wav,1268.763,1269.582,background
S01_U04.CH4.wav,1269.582,1269.863,foreground
S01_U04.CH4.wav,1269.863,1269.893,background
S01_U04.CH4.wav,1269.893,1269.913,foreground
S01_U04.CH4.wav,1269.913,1270.663,background
S01_U04.CH4.wav,1270.663,1270.683,foreground
S01_U04.CH4.wav,1270.683,1270.693,background
S01_U04.CH4.wav,1270.693,1270.773,foreground
S01_U04.CH4.wav,1270.773,1272.233,background
S01_U04.CH4.wav,1272.233,1273.003,foreground
S01_U04.CH4.wav,1273.003,1273.572,background
S01_U04.CH4.wav,1273.572,1273.793,foreground
S01_U04.CH4.wav,1273.793,1274.403,background
S01_U04.CH4.wav,1274.403,1274.453,foreground
S01_U04.CH4.wav,1274.453,1274.463,background
S01_U04.CH4.wav,1274.463,1275.623,foreground
S01_U04.CH4.wav,1275.623,1275.713,background
S01_U04.CH4.wav,1275.713,1275.733,foreground
S01_U04.CH4.wav,1275.733,1276.092,background
S01_U04.CH4.wav,1276.092,1278.143,foreground
S01_U04.CH4.wav,1278.143,1278.263,background
S01_U04.CH4.wav,1278.263,1278.812,foreground
S01_U04.CH4.wav,1278.812,1278.852,background
S01_U04.CH4.wav,1278.852,1279.092,foreground
S01_U04.CH4.wav,1279.092,1279.163,background
S01_U04.CH4.wav,1279.163,1279.463,foreground
S01_U04.CH4.wav,1279.463,1280.243,background
S01_U04.CH4.wav,1280.243,1281.433,foreground
S01_U04.CH4.wav,1281.433,1281.693,background
S01_U04.CH4.wav,1281.693,1281.913,foreground
S01_U04.CH4.wav,1281.913,1282.082,background
S01_U04.CH4.wav,1282.082,1282.842,foreground
S01_U04.CH4.wav,1282.842,1283.342,background
S01_U04.CH4.wav,1283.342,1283.852,foreground
S01_U04.CH4.wav,1283.852,1283.923,background
S01_U04.CH4.wav,1283.923,1286.963,foreground
S01_U04.CH4.wav,1286.963,1287.143,background
S01_U04.CH4.wav,1287.143,1288.602,foreground
S01_U04.CH4.wav,1288.602,1288.963,background
S01_U04.CH4.wav,1288.963,1289.582,foreground
S01_U04.CH4.wav,1289.582,1289.613,background
S01_U04.CH4.wav,1289.613,1289.633,foreground
S01_U04.CH4.wav,1289.633,1289.643,background
S01_U04.CH4.wav,1289.643,1289.663,foreground
S01_U04.CH4.wav,1289.663,1290.023,background
S01_U04.CH4.wav,1290.023,1290.213,foreground
S01_U04.CH4.wav,1290.213,1290.273,background
S01_U04.CH4.wav,1290.273,1290.293,foreground
S01_U04.CH4.wav,1290.293,1290.332,background
S01_U04.CH4.wav,1290.332,1290.393,foreground
S01_U04.CH4.wav,1290.393,1290.723,background
S01_U04.CH4.wav,1290.723,1290.983,foreground
S01_U04.CH4.wav,1290.983,1291.133,background
S01_U04.CH4.wav,1291.133,1291.822,foreground
S01_U04.CH4.wav,1291.822,1292.562,background
S01_U04.CH4.wav,1292.562,1293.463,foreground
S01_U04.CH4.wav,1293.463,1293.673,background
S01_U04.CH4.wav,1293.673,1293.713,foreground
S01_U04.CH4.wav,1293.713,1293.783,background
S01_U04.CH4.wav,1293.783,1294.633,foreground
S01_U04.CH4.wav,1294.633,1294.783,background
S01_U04.CH4.wav,1294.783,1297.143,foreground
S01_U04.CH4.wav,1297.143,1298.013,background
S01_U04.CH4.wav,1298.013,1299.953,foreground
S01_U04.CH4.wav,1299.953,1301.062,background
S01_U04.CH4.wav,1301.062,1301.713,foreground
S01_U04.CH4.wav,1301.713,1303.413,background
S01_U04.CH4.wav,1303.413,1305.623,foreground
S01_U04.CH4.wav,1305.623,1305.723,background
S01_U04.CH4.wav,1305.723,1306.613,foreground
S01_U04.CH4.wav,1306.613,1306.623,background
S01_U04.CH4.wav,1306.623,1306.753,foreground
S01_U04.CH4.wav,1306.753,1306.773,background
S01_U04.CH4.wav,1306.773,1306.812,foreground
S01_U04.CH4.wav,1306.812,1306.993,background
S01_U04.CH4.wav,1306.993,1308.503,foreground
S01_U04.CH4.wav,1308.503,1309.183,background
S01_U04.CH4.wav,1309.183,1310.643,foreground
S01_U04.CH4.wav,1310.643,1311.013,background
S01_U04.CH4.wav,1311.013,1312.283,foreground
S01_U04.CH4.wav,1312.283,1312.822,background
S01_U04.CH4.wav,1312.822,1313.102,foreground
S01_U04.CH4.wav,1313.102,1314.562,background
S01_U04.CH4.wav,1314.562,1314.572,foreground
S01_U04.CH4.wav,1314.572,1314.733,background
S01_U04.CH4.wav,1314.733,1314.832,foreground
S01_U04.CH4.wav,1314.832,1314.842,background
S01_U04.CH4.wav,1314.842,1315.423,foreground
S01_U04.CH4.wav,1315.423,1315.523,background
S01_U04.CH4.wav,1315.523,1315.533,foreground
S01_U04.CH4.wav,1315.533,1315.543,background
S01_U04.CH4.wav,1315.543,1315.633,foreground
S01_U04.CH4.wav,1315.633,1315.763,background
S01_U04.CH4.wav,1315.763,1315.773,foreground
S01_U04.CH4.wav,1315.773,1316.653,background
S01_U04.CH4.wav,1316.653,1318.822,foreground
S01_U04.CH4.wav,1318.822,1319.383,background
S01_U04.CH4.wav,1319.383,1319.393,foreground
S01_U04.CH4.wav,1319.393,1319.423,background
S01_U04.CH4.wav,1319.423,1319.803,foreground
S01_U04.CH4.wav,1319.803,1319.822,background
S01_U04.CH4.wav,1319.822,1319.883,foreground
S01_U04.CH4.wav,1319.883,1320.773,background
S01_U04.CH4.wav,1320.773,1324.053,foreground
S01_U04.CH4.wav,1324.053,1324.723,background
S01_U04.CH4.wav,1324.723,1329.483,foreground
S01_U04.CH4.wav,1329.483,1332.743,background
S01_U04.CH4.wav,1332.743,1334.463,foreground
S01_U04.CH4.wav,1334.463,1335.513,background
S01_U04.CH4.wav,1335.513,1336.423,foreground
S01_U04.CH4.wav,1336.423,1336.743,background
S01_U04.CH4.wav,1336.743,1341.723,foreground
S01_U04.CH4.wav,1341.723,1341.832,background
S01_U04.CH4.wav,1341.832,1342.303,foreground
S01_U04.CH4.wav,1342.303,1342.803,background
S01_U04.CH4.wav,1342.803,1342.943,foreground
S01_U04.CH4.wav,1342.943,1342.953,background
S01_U04.CH4.wav,1342.953,1343.903,foreground
S01_U04.CH4.wav,1343.903,1344.423,background
S01_U04.CH4.wav,1344.423,1345.342,foreground
S01_U04.CH4.wav,1345.342,1345.812,background
S01_U04.CH4.wav,1345.812,1345.933,foreground
S01_U04.CH4.wav,1345.933,1346.233,background
S01_U04.CH4.wav,1346.233,1348.072,foreground
S01_U04.CH4.wav,1348.072,1348.193,background
S01_U04.CH4.wav,1348.193,1349.003,foreground
S01_U04.CH4.wav,1349.003,1349.592,background
S01_U04.CH4.wav,1349.592,1353.793,foreground
S01_U04.CH4.wav,1353.793,1353.913,background
S01_U04.CH4.wav,1353.913,1363.523,foreground
S01_U04.CH4.wav,1363.523,1364.013,background
S01_U04.CH4.wav,1364.013,1367.123,foreground
S01_U04.CH4.wav,1367.123,1367.243,background
S01_U04.CH4.wav,1367.243,1367.993,foreground
S01_U04.CH4.wav,1367.993,1368.303,background
S01_U04.CH4.wav,1368.303,1372.653,foreground
S01_U04.CH4.wav,1372.653,1374.003,background
S01_U04.CH4.wav,1374.003,1376.842,foreground
S01_U04.CH4.wav,1376.842,1378.223,background
S01_U04.CH4.wav,1378.223,1378.443,foreground
S01_U04.CH4.wav,1378.443,1378.993,background
S01_U04.CH4.wav,1378.993,1381.903,foreground
S01_U04.CH4.wav,1381.903,1382.183,background
S01_U04.CH4.wav,1382.183,1383.253,foreground
S01_U04.CH4.wav,1383.253,1383.803,background
S01_U04.CH4.wav,1383.803,1389.183,foreground
S01_U04.CH4.wav,1389.183,1389.842,background
S01_U04.CH4.wav,1389.842,1390.993,foreground
S01_U04.CH4.wav,1390.993,1391.852,background
S01_U04.CH4.wav,1391.852,1396.223,foreground
S01_U04.CH4.wav,1396.223,1396.253,background
S01_U04.CH4.wav,1396.253,1403.043,foreground
S01_U04.CH4.wav,1403.043,1403.373,background
S01_U04.CH4.wav,1403.373,1403.393,foreground
S01_U04.CH4.wav,1403.393,1403.513,background
S01_U04.CH4.wav,1403.513,1404.553,foreground
S01_U04.CH4.wav,1404.553,1404.582,background
S01_U04.CH4.wav,1404.582,1406.193,foreground
S01_U04.CH4.wav,1406.193,1406.363,background
S01_U04.CH4.wav,1406.363,1406.503,foreground
S01_U04.CH4.wav,1406.503,1406.543,background
S01_U04.CH4.wav,1406.543,1414.153,foreground
S01_U04.CH4.wav,1414.153,1415.123,background
S01_U04.CH4.wav,1415.123,1415.332,foreground
S01_U04.CH4.wav,1415.332,1415.393,background
S01_U04.CH4.wav,1415.393,1415.703,foreground
S01_U04.CH4.wav,1415.703,1415.783,background
S01_U04.CH4.wav,1415.783,1418.363,foreground
S01_U04.CH4.wav,1418.363,1418.822,background
S01_U04.CH4.wav,1418.822,1428.312,foreground
S01_U04.CH4.wav,1428.312,1429.033,background
S01_U04.CH4.wav,1429.033,1430.413,foreground
S01_U04.CH4.wav,1430.413,1430.443,background
S01_U04.CH4.wav,1430.443,1431.943,foreground
S01_U04.CH4.wav,1431.943,1432.072,background
S01_U04.CH4.wav,1432.072,1432.273,foreground
S01_U04.CH4.wav,1432.273,1432.332,background
S01_U04.CH4.wav,1432.332,1436.253,foreground
S01_U04.CH4.wav,1436.253,1436.582,background
S01_U04.CH4.wav,1436.582,1438.143,foreground
S01_U04.CH4.wav,1438.143,1439.213,background
S01_U04.CH4.wav,1439.213,1439.753,foreground
S01_U04.CH4.wav,1439.753,1440.283,background
S01_U04.CH4.wav,1440.283,1440.293,foreground
S01_U04.CH4.wav,1440.293,1440.303,background
S01_U04.CH4.wav,1440.303,1441.723,foreground
S01_U04.CH4.wav,1441.723,1442.092,background
S01_U04.CH4.wav,1442.092,1443.753,foreground
S01_U04.CH4.wav,1443.753,1444.092,background
S01_U04.CH4.wav,1444.092,1445.373,foreground
S01_U04.CH4.wav,1445.373,1446.273,background
S01_U04.CH4.wav,1446.273,1446.283,foreground
S01_U04.CH4.wav,1446.283,1446.303,background
S01_U04.CH4.wav,1446.303,1447.423,foreground
S01_U04.CH4.wav,1447.423,1447.953,background
S01_U04.CH4.wav,1447.953,1448.023,foreground
S01_U04.CH4.wav,1448.023,1448.133,background
S01_U04.CH4.wav,1448.133,1448.203,foreground
S01_U04.CH4.wav,1448.203,1448.703,background
S01_U04.CH4.wav,1448.703,1449.803,foreground
S01_U04.CH4.wav,1449.803,1450.602,background
S01_U04.CH4.wav,1450.602,1450.703,foreground
S01_U04.CH4.wav,1450.703,1450.852,background
S01_U04.CH4.wav,1450.852,1450.913,foreground
S01_U04.CH4.wav,1450.913,1451.013,background
S01_U04.CH4.wav,1451.013,1451.082,foreground
S01_U04.CH4.wav,1451.082,1451.173,background
S01_U04.CH4.wav,1451.173,1451.263,foreground
S01_U04.CH4.wav,1451.263,1451.832,background
S01_U04.CH4.wav,1451.832,1454.082,foreground
S01_U04.CH4.wav,1454.082,1455.562,background
S01_U04.CH4.wav,1455.562,1456.153,foreground
S01_U04.CH4.wav,1456.153,1456.653,background
S01_U04.CH4.wav,1456.653,1457.533,foreground
S01_U04.CH4.wav,1457.533,1457.633,background
S01_U04.CH4.wav,1457.633,1457.933,foreground
S01_U04.CH4.wav,1457.933,1457.943,background
S01_U04.CH4.wav,1457.943,1457.973,foreground
S01_U04.CH4.wav,1457.973,1457.983,background
S01_U04.CH4.wav,1457.983,1460.633,foreground
S01_U04.CH4.wav,1460.633,1460.673,background
S01_U04.CH4.wav,1460.673,1463.003,foreground
S01_U04.CH4.wav,1463.003,1463.233,background
S01_U04.CH4.wav,1463.233,1466.102,foreground
S01_U04.CH4.wav,1466.102,1466.822,background
S01_U04.CH4.wav,1466.822,1467.023,foreground
S01_U04.CH4.wav,1467.023,1467.082,background
S01_U04.CH4.wav,1467.082,1467.273,foreground
S01_U04.CH4.wav,1467.273,1467.773,background
S01_U04.CH4.wav,1467.773,1468.332,foreground
S01_U04.CH4.wav,1468.332,1469.193,background
S01_U04.CH4.wav,1469.193,1470.223,foreground
S01_U04.CH4.wav,1470.223,1470.233,background
S01_U04.CH4.wav,1470.233,1470.253,foreground
S01_U04.CH4.wav,1470.253,1471.293,background
S01_U04.CH4.wav,1471.293,1471.543,foreground
S01_U04.CH4.wav,1471.543,1471.643,background
S01_U04.CH4.wav,1471.643,1471.653,foreground
S01_U04.CH4.wav,1471.653,1471.663,background
S01_U04.CH4.wav,1471.663,1472.633,foreground
S01_U04.CH4.wav,1472.633,1472.643,background
S01_U04.CH4.wav,1472.643,1473.322,foreground
S01_U04.CH4.wav,1473.322,1474.143,background
S01_U04.CH4.wav,1474.143,1474.643,foreground
S01_U04.CH4.wav,1474.643,1474.773,background
S01_U04.CH4.wav,1474.773,1474.822,foreground
S01_U04.CH4.wav,1474.822,1474.933,background
S01_U04.CH4.wav,1474.933,1477.483,foreground
S01_U04.CH4.wav,1477.483,1477.963,background
S01_U04.CH4.wav,1477.963,1479.883,foreground
S01_U04.CH4.wav,1479.883,1480.113,background
S01_U04.CH4.wav,1480.113,1481.683,foreground
S01_U04.CH4.wav,1481.683,1481.743,background
S01_U04.CH4.wav,1481.743,1481.903,foreground
S01_U04.CH4.wav,1481.903,1482.233,background
S01_U04.CH4.wav,1482.233,1482.253,foreground
S01_U04.CH4.wav,1482.253,1482.403,background
S01_U04.CH4.wav,1482.403,1487.812,foreground
S01_U04.CH4.wav,1487.812,1487.993,background
S01_U04.CH4.wav,1487.993,1498.533,foreground
S01_U04.CH4.wav,1498.533,1498.673,background
S01_U04.CH4.wav,1498.673,1499.903,foreground
S01_U04.CH4.wav,1499.903,1500.663,background
S01_U04.CH4.wav,1500.663,1505.342,foreground
S01_U04.CH4.wav,1505.342,1505.753,background
S01_U04.CH4.wav,1505.753,1507.693,foreground
S01_U04.CH4.wav,1507.693,1508.203,background
S01_U04.CH4.wav,1508.203,1510.753,foreground
S01_U04.CH4.wav,1510.753,1512.163,background
S01_U04.CH4.wav,1512.163,1512.352,foreground
S01_U04.CH4.wav,1512.352,1518.693,background
S01_U04.CH4.wav,1518.693,1519.092,foreground
S01_U04.CH4.wav,1519.092,1520.253,background
S01_U04.CH4.wav,1520.253,1522.723,foreground
S01_U04.CH4.wav,1522.723,1524.673,background
S01_U04.CH4.wav,1524.673,1525.283,foreground
S01_U04.CH4.wav,1525.283,1525.633,background
S01_U04.CH4.wav,1525.633,1525.683,foreground
S01_U04.CH4.wav,1525.683,1526.803,background
S01_U04.CH4.wav,1526.803,1529.033,foreground
S01_U04.CH4.wav,1529.033,1530.113,background
S01_U04.CH4.wav,1530.113,1531.013,foreground
S01_U04.CH4.wav,1531.013,1532.103,background
S01_U04.CH4.wav,1532.103,1533.572,foreground
S01_U04.CH4.wav,1533.572,1533.873,background
S01_U04.CH4.wav,1533.873,1535.072,foreground
S01_U04.CH4.wav,1535.072,1535.303,background
S01_U04.CH4.wav,1535.303,1538.603,foreground
S01_U04.CH4.wav,1538.603,1539.213,background
S01_U04.CH4.wav,1539.213,1541.453,foreground
S01_U04.CH4.wav,1541.453,1541.933,background
S01_U04.CH4.wav,1541.933,1542.143,foreground
S01_U04.CH4.wav,1542.143,1543.053,background
S01_U04.CH4.wav,1543.053,1543.733,foreground
S01_U04.CH4.wav,1543.733,1544.213,background
S01_U04.CH4.wav,1544.213,1544.793,foreground
S01_U04.CH4.wav,1544.793,1545.143,background
S01_U04.CH4.wav,1545.143,1545.572,foreground
S01_U04.CH4.wav,1545.572,1545.893,background
S01_U04.CH4.wav,1545.893,1548.353,foreground
S01_U04.CH4.wav,1548.353,1548.363,background
S01_U04.CH4.wav,1548.363,1548.383,foreground
S01_U04.CH4.wav,1548.383,1548.393,background
S01_U04.CH4.wav,1548.393,1548.403,foreground
S01_U04.CH4.wav,1548.403,1548.413,background
S01_U04.CH4.wav,1548.413,1548.523,foreground
S01_U04.CH4.wav,1548.523,1548.603,background
S01_U04.CH4.wav,1548.603,1548.613,foreground
S01_U04.CH4.wav,1548.613,1548.953,background
S01_U04.CH4.wav,1548.953,1549.603,foreground
S01_U04.CH4.wav,1549.603,1550.123,background
S01_U04.CH4.wav,1550.123,1551.713,foreground
S01_U04.CH4.wav,1551.713,1552.143,background
S01_U04.CH4.wav,1552.143,1554.293,foreground
S01_U04.CH4.wav,1554.293,1554.463,background
S01_U04.CH4.wav,1554.463,1554.993,foreground
S01_U04.CH4.wav,1554.993,1555.053,background
S01_U04.CH4.wav,1555.053,1558.572,foreground
S01_U04.CH4.wav,1558.572,1559.123,background
S01_U04.CH4.wav,1559.123,1560.062,foreground
S01_U04.CH4.wav,1560.062,1560.273,background
S01_U04.CH4.wav,1560.273,1560.683,foreground
S01_U04.CH4.wav,1560.683,1561.053,background
S01_U04.CH4.wav,1561.053,1561.533,foreground
S01_U04.CH4.wav,1561.533,1561.873,background
S01_U04.CH4.wav,1561.873,1566.253,foreground
S01_U04.CH4.wav,1566.253,1566.773,background
S01_U04.CH4.wav,1566.773,1566.783,foreground
S01_U04.CH4.wav,1566.783,1566.923,background
S01_U04.CH4.wav,1566.923,1566.933,foreground
S01_U04.CH4.wav,1566.933,1566.953,background
S01_U04.CH4.wav,1566.953,1567.053,foreground
S01_U04.CH4.wav,1567.053,1567.303,background
S01_U04.CH4.wav,1567.303,1569.033,foreground
S01_U04.CH4.wav,1569.033,1569.473,background
S01_U04.CH4.wav,1569.473,1570.373,foreground
S01_U04.CH4.wav,1570.373,1570.613,background
S01_U04.CH4.wav,1570.613,1570.643,foreground
S01_U04.CH4.wav,1570.643,1570.653,background
S01_U04.CH4.wav,1570.653,1570.983,foreground
S01_U04.CH4.wav,1570.983,1571.503,background
S01_U04.CH4.wav,1571.503,1577.473,foreground
S01_U04.CH4.wav,1577.473,1578.553,background
S01_U04.CH4.wav,1578.553,1579.293,foreground
S01_U04.CH4.wav,1579.293,1580.322,background
S01_U04.CH4.wav,1580.322,1583.163,foreground
S01_U04.CH4.wav,1583.163,1583.243,background
S01_U04.CH4.wav,1583.243,1588.713,foreground
S01_U04.CH4.wav,1588.713,1589.303,background
S01_U04.CH4.wav,1589.303,1590.582,foreground
S01_U04.CH4.wav,1590.582,1592.403,background
S01_U04.CH4.wav,1592.403,1594.603,foreground
S01_U04.CH4.wav,1594.603,1595.033,background
S01_U04.CH4.wav,1595.033,1597.653,foreground
S01_U04.CH4.wav,1597.653,1598.653,background
S01_U04.CH4.wav,1598.653,1598.863,foreground
S01_U04.CH4.wav,1598.863,1598.903,background
S01_U04.CH4.wav,1598.903,1599.943,foreground
S01_U04.CH4.wav,1599.943,1600.173,background
S01_U04.CH4.wav,1600.173,1601.023,foreground
S01_U04.CH4.wav,1601.023,1601.193,background
S01_U04.CH4.wav,1601.193,1602.023,foreground
S01_U04.CH4.wav,1602.023,1602.342,background
S01_U04.CH4.wav,1602.342,1606.213,foreground
S01_U04.CH4.wav,1606.213,1606.413,background
S01_U04.CH4.wav,1606.413,1606.572,foreground
S01_U04.CH4.wav,1606.572,1606.582,background
S01_U04.CH4.wav,1606.582,1608.332,foreground
S01_U04.CH4.wav,1608.332,1608.592,background
S01_U04.CH4.wav,1608.592,1613.133,foreground
S01_U04.CH4.wav,1613.133,1613.413,background
S01_U04.CH4.wav,1613.413,1613.423,foreground
S01_U04.CH4.wav,1613.423,1613.433,background
S01_U04.CH4.wav,1613.433,1613.463,foreground
S01_U04.CH4.wav,1613.463,1613.693,background
S01_U04.CH4.wav,1613.693,1618.973,foreground
S01_U04.CH4.wav,1618.973,1619.713,background
S01_U04.CH4.wav,1619.713,1623.023,foreground
S01_U04.CH4.wav,1623.023,1623.543,background
S01_U04.CH4.wav,1623.543,1629.533,foreground
S01_U04.CH4.wav,1629.533,1629.923,background
S01_U04.CH4.wav,1629.923,1634.663,foreground
S01_U04.CH4.wav,1634.663,1634.763,background
S01_U04.CH4.wav,1634.763,1635.092,foreground
S01_U04.CH4.wav,1635.092,1637.863,background
S01_U04.CH4.wav,1637.863,1638.353,foreground
S01_U04.CH4.wav,1638.353,1638.572,background
S01_U04.CH4.wav,1638.572,1639.783,foreground
S01_U04.CH4.wav,1639.783,1639.803,background
S01_U04.CH4.wav,1639.803,1648.403,foreground
S01_U04.CH4.wav,1648.403,1648.423,background
S01_U04.CH4.wav,1648.423,1648.523,foreground
S01_U04.CH4.wav,1648.523,1649.303,background
S01_U04.CH4.wav,1649.303,1649.763,foreground
S01_U04.CH4.wav,1649.763,1650.863,background
S01_U04.CH4.wav,1650.863,1656.223,foreground
S01_U04.CH4.wav,1656.223,1656.342,background
S01_U04.CH4.wav,1656.342,1656.533,foreground
S01_U04.CH4.wav,1656.533,1656.562,background
S01_U04.CH4.wav,1656.562,1664.633,foreground
S01_U04.CH4.wav,1664.633,1664.653,background
S01_U04.CH4.wav,1664.653,1664.693,foreground
S01_U04.CH4.wav,1664.693,1664.743,background
S01_U04.CH4.wav,1664.743,1664.793,foreground
S01_U04.CH4.wav,1664.793,1664.943,background
S01_U04.CH4.wav,1664.943,1667.053,foreground
S01_U04.CH4.wav,1667.053,1667.203,background
S01_U04.CH4.wav,1667.203,1667.493,foreground
S01_U04.CH4.wav,1667.493,1668.033,background
S01_U04.CH4.wav,1668.033,1670.893,foreground
S01_U04.CH4.wav,1670.893,1671.143,background
S01_U04.CH4.wav,1671.143,1674.523,foreground
S01_U04.CH4.wav,1674.523,1674.623,background
S01_U04.CH4.wav,1674.623,1678.403,foreground
S01_U04.CH4.wav,1678.403,1678.433,background
S01_U04.CH4.wav,1678.433,1678.443,foreground
S01_U04.CH4.wav,1678.443,1678.582,background
S01_U04.CH4.wav,1678.582,1678.723,foreground
S01_U04.CH4.wav,1678.723,1678.793,background
S01_U04.CH4.wav,1678.793,1678.803,foreground
S01_U04.CH4.wav,1678.803,1678.832,background
S01_U04.CH4.wav,1678.832,1681.953,foreground
S01_U04.CH4.wav,1681.953,1682.263,background
S01_U04.CH4.wav,1682.263,1682.273,foreground
S01_U04.CH4.wav,1682.273,1682.283,background
S01_U04.CH4.wav,1682.283,1682.332,foreground
S01_U04.CH4.wav,1682.332,1682.363,background
S01_U04.CH4.wav,1682.363,1683.193,foreground
S01_U04.CH4.wav,1683.193,1684.013,background
S01_U04.CH4.wav,1684.013,1684.393,foreground
S01_U04.CH4.wav,1684.393,1685.403,background
S01_U04.CH4.wav,1685.403,1685.783,foreground
S01_U04.CH4.wav,1685.783,1686.203,background
S01_U04.CH4.wav,1686.203,1691.832,foreground
S01_U04.CH4.wav,1691.832,1692.253,background
S01_U04.CH4.wav,1692.253,1692.613,foreground
S01_U04.CH4.wav,1692.613,1693.143,background
S01_U04.CH4.wav,1693.143,1697.603,foreground
S01_U04.CH4.wav,1697.603,1698.003,background
S01_U04.CH4.wav,1698.003,1698.143,foreground
S01_U04.CH4.wav,1698.143,1698.153,background
S01_U04.CH4.wav,1698.153,1698.193,foreground
S01_U04.CH4.wav,1698.193,1698.753,background
S01_U04.CH4.wav,1698.753,1699.203,foreground
S01_U04.CH4.wav,1699.203,1699.763,background
S01_U04.CH4.wav,1699.763,1700.332,foreground
S01_U04.CH4.wav,1700.332,1700.363,background
S01_U04.CH4.wav,1700.363,1700.403,foreground
S01_U04.CH4.wav,1700.403,1700.413,background
S01_U04.CH4.wav,1700.413,1700.433,foreground
S01_U04.CH4.wav,1700.433,1700.553,background
S01_U04.CH4.wav,1700.553,1700.562,foreground
S01_U04.CH4.wav,1700.562,1701.043,background
S01_U04.CH4.wav,1701.043,1702.113,foreground
S01_U04.CH4.wav,1702.113,1702.373,background
S01_U04.CH4.wav,1702.373,1703.963,foreground
S01_U04.CH4.wav,1703.963,1704.183,background
S01_U04.CH4.wav,1704.183,1705.223,foreground
S01_U04.CH4.wav,1705.223,1705.903,background
S01_U04.CH4.wav,1705.903,1705.973,foreground
S01_U04.CH4.wav,1705.973,1706.273,background
S01_U04.CH4.wav,1706.273,1706.332,foreground
S01_U04.CH4.wav,1706.332,1706.562,background
S01_U04.CH4.wav,1706.562,1715.743,foreground
S01_U04.CH4.wav,1715.743,1716.832,background
S01_U04.CH4.wav,1716.832,1718.703,foreground
S01_U04.CH4.wav,1718.703,1719.053,background
S01_U04.CH4.wav,1719.053,1720.743,foreground
S01_U04.CH4.wav,1720.743,1721.243,background
S01_U04.CH4.wav,1721.243,1728.503,foreground
S01_U04.CH4.wav,1728.503,1729.082,background
S01_U04.CH4.wav,1729.082,1729.683,foreground
S01_U04.CH4.wav,1729.683,1730.533,background
S01_U04.CH4.wav,1730.533,1731.523,foreground
S01_U04.CH4.wav,1731.523,1731.763,background
S01_U04.CH4.wav,1731.763,1738.423,foreground
S01_U04.CH4.wav,1738.423,1738.623,background
S01_U04.CH4.wav,1738.623,1752.842,foreground
S01_U04.CH4.wav,1752.842,1753.072,background
S01_U04.CH4.wav,1753.072,1753.163,foreground
S01_U04.CH4.wav,1753.163,1753.183,background
S01_U04.CH4.wav,1753.183,1763.053,foreground
S01_U04.CH4.wav,1763.053,1763.103,background
S01_U04.CH4.wav,1763.103,1765.322,foreground
S01_U04.CH4.wav,1765.322,1765.883,background
S01_U04.CH4.wav,1765.883,1768.353,foreground
S01_U04.CH4.wav,1768.353,1768.613,background
S01_U04.CH4.wav,1768.613,1768.623,foreground
S01_U04.CH4.wav,1768.623,1768.633,background
S01_U04.CH4.wav,1768.633,1768.693,foreground
S01_U04.CH4.wav,1768.693,1769.273,background
S01_U04.CH4.wav,1769.273,1770.763,foreground
S01_U04.CH4.wav,1770.763,1770.893,background
S01_U04.CH4.wav,1770.893,1770.943,foreground
S01_U04.CH4.wav,1770.943,1770.973,background
S01_U04.CH4.wav,1770.973,1770.983,foreground
S01_U04.CH4.wav,1770.983,1771.062,background
S01_U04.CH4.wav,1771.062,1771.143,foreground
S01_U04.CH4.wav,1771.143,1771.153,background
S01_U04.CH4.wav,1771.153,1779.572,foreground
S01_U04.CH4.wav,1779.572,1780.233,background
S01_U04.CH4.wav,1780.233,1785.123,foreground
S01_U04.CH4.wav,1785.123,1785.413,background
S01_U04.CH4.wav,1785.413,1787.082,foreground
S01_U04.CH4.wav,1787.082,1787.213,background
S01_U04.CH4.wav,1787.213,1787.223,foreground
S01_U04.CH4.wav,1787.223,1787.603,background
S01_U04.CH4.wav,1787.603,1789.283,foreground
S01_U04.CH4.wav,1789.283,1789.383,background
S01_U04.CH4.wav,1789.383,1815.062,foreground
S01_U04.CH4.wav,1815.062,1815.533,background
S01_U04.CH4.wav,1815.533,1819.453,foreground
S01_U04.CH4.wav,1819.453,1819.483,background
S01_U04.CH4.wav,1819.483,1827.543,foreground
S01_U04.CH4.wav,1827.543,1827.582,background
S01_U04.CH4.wav,1827.582,1827.603,foreground
S01_U04.CH4.wav,1827.603,1827.613,background
S01_U04.CH4.wav,1827.613,1827.953,foreground
S01_U04.CH4.wav,1827.953,1828.072,background
S01_U04.CH4.wav,1828.072,1828.092,foreground
S01_U04.CH4.wav,1828.092,1828.133,background
S01_U04.CH4.wav,1828.133,1834.103,foreground
S01_U04.CH4.wav,1834.103,1835.342,background
S01_U04.CH4.wav,1835.342,1836.433,foreground
S01_U04.CH4.wav,1836.433,1837.263,background
S01_U04.CH4.wav,1837.263,1839.832,foreground
S01_U04.CH4.wav,1839.832,1840.183,background
S01_U04.CH4.wav,1840.183,1841.643,foreground
S01_U04.CH4.wav,1841.643,1841.663,background
S01_U04.CH4.wav,1841.663,1841.673,foreground
S01_U04.CH4.wav,1841.673,1842.203,background
S01_U04.CH4.wav,1842.203,1843.062,foreground
S01_U04.CH4.wav,1843.062,1844.053,background
S01_U04.CH4.wav,1844.053,1851.213,foreground
S01_U04.CH4.wav,1851.213,1853.683,background
S01_U04.CH4.wav,1853.683,1853.773,foreground
S01_U04.CH4.wav,1853.773,1854.463,background
S01_U04.CH4.wav,1854.463,1854.513,foreground
S01_U04.CH4.wav,1854.513,1855.163,background
S01_U04.CH4.wav,1855.163,1861.123,foreground
S01_U04.CH4.wav,1861.123,1861.743,background
S01_U04.CH4.wav,1861.743,1861.812,foreground
S01_U04.CH4.wav,1861.812,1861.923,background
S01_U04.CH4.wav,1861.923,1862.533,foreground
S01_U04.CH4.wav,1862.533,1862.683,background
S01_U04.CH4.wav,1862.683,1863.213,foreground
S01_U04.CH4.wav,1863.213,1863.822,background
S01_U04.CH4.wav,1863.822,1875.943,foreground
S01_U04.CH4.wav,1875.943,1876.303,background
S01_U04.CH4.wav,1876.303,1880.342,foreground
S01_U04.CH4.wav,1880.342,1880.413,background
S01_U04.CH4.wav,1880.413,1885.293,foreground
S01_U04.CH4.wav,1885.293,1885.743,background
S01_U04.CH4.wav,1885.743,1886.473,foreground
S01_U04.CH4.wav,1886.473,1886.483,background
S01_U04.CH4.wav,1886.483,1888.053,foreground
S01_U04.CH4.wav,1888.053,1888.203,background
S01_U04.CH4.wav,1888.203,1892.933,foreground
S01_U04.CH4.wav,1892.933,1892.953,background
S01_U04.CH4.wav,1892.953,1893.053,foreground
S01_U04.CH4.wav,1893.053,1893.123,background
S01_U04.CH4.wav,1893.123,1894.003,foreground
S01_U04.CH4.wav,1894.003,1894.342,background
S01_U04.CH4.wav,1894.342,1898.953,foreground
S01_U04.CH4.wav,1898.953,1899.123,background
S01_U04.CH4.wav,1899.123,1899.353,foreground
S01_U04.CH4.wav,1899.353,1899.513,background
S01_U04.CH4.wav,1899.513,1899.643,foreground
S01_U04.CH4.wav,1899.643,1899.883,background
S01_U04.CH4.wav,1899.883,1901.153,foreground
S01_U04.CH4.wav,1901.153,1901.363,background
S01_U04.CH4.wav,1901.363,1902.332,foreground
S01_U04.CH4.wav,1902.332,1902.383,background
S01_U04.CH4.wav,1902.383,1911.103,foreground
S01_U04.CH4.wav,1911.103,1911.173,background
S01_U04.CH4.wav,1911.173,1911.183,foreground
S01_U04.CH4.wav,1911.183,1911.243,background
S01_U04.CH4.wav,1911.243,1911.293,foreground
S01_U04.CH4.wav,1911.293,1911.533,background
S01_U04.CH4.wav,1911.533,1913.082,foreground
S01_U04.CH4.wav,1913.082,1913.243,background
S01_U04.CH4.wav,1913.243,1914.683,foreground
S01_U04.CH4.wav,1914.683,1915.043,background
S01_U04.CH4.wav,1915.043,1929.572,foreground
S01_U04.CH4.wav,1929.572,1929.623,background
S01_U04.CH4.wav,1929.623,1929.713,foreground
S01_U04.CH4.wav,1929.713,1929.723,background
S01_U04.CH4.wav,1929.723,1929.743,foreground
S01_U04.CH4.wav,1929.743,1929.763,background
S01_U04.CH4.wav,1929.763,1929.842,foreground
S01_U04.CH4.wav,1929.842,1929.893,background
S01_U04.CH4.wav,1929.893,1930.233,foreground
S01_U04.CH4.wav,1930.233,1930.503,background
S01_U04.CH4.wav,1930.503,1935.423,foreground
S01_U04.CH4.wav,1935.423,1937.113,background
S01_U04.CH4.wav,1937.113,1940.103,foreground
S01_U04.CH4.wav,1940.103,1940.513,background
S01_U04.CH4.wav,1940.513,1955.933,foreground
S01_U04.CH4.wav,1955.933,1956.243,background
S01_U04.CH4.wav,1956.243,1965.293,foreground
S01_U04.CH4.wav,1965.293,1965.443,background
S01_U04.CH4.wav,1965.443,1973.003,foreground
S01_U04.CH4.wav,1973.003,1973.153,background
S01_U04.CH4.wav,1973.153,1973.863,foreground
S01_U04.CH4.wav,1973.863,1974.043,background
S01_U04.CH4.wav,1974.043,1978.123,foreground
S01_U04.CH4.wav,1978.123,1978.153,background
S01_U04.CH4.wav,1978.153,1978.243,foreground
S01_U04.CH4.wav,1978.243,1978.332,background
S01_U04.CH4.wav,1978.332,1978.983,foreground
S01_U04.CH4.wav,1978.983,1979.223,background
S01_U04.CH4.wav,1979.223,1979.623,foreground
S01_U04.CH4.wav,1979.623,1979.983,background
S01_U04.CH4.wav,1979.983,1995.423,foreground
S01_U04.CH4.wav,1995.423,1995.623,background
S01_U04.CH4.wav,1995.623,1996.562,foreground
S01_U04.CH4.wav,1996.562,1996.853,background
S01_U04.CH4.wav,1996.853,2001.003,foreground
S01_U04.CH4.wav,2001.003,2001.243,background
S01_U04.CH4.wav,2001.243,2005.593,foreground
S01_U04.CH4.wav,2005.593,2005.983,background
S01_U04.CH4.wav,2005.983,2009.273,foreground
S01_U04.CH4.wav,2009.273,2009.713,background
S01_U04.CH4.wav,2009.713,2018.463,foreground
S01_U04.CH4.wav,2018.463,2018.473,background
S01_U04.CH4.wav,2018.473,2022.993,foreground
S01_U04.CH4.wav,2022.993,2023.053,background
S01_U04.CH4.wav,2023.053,2023.082,foreground
S01_U04.CH4.wav,2023.082,2023.283,background
S01_U04.CH4.wav,2023.283,2031.003,foreground
S01_U04.CH4.wav,2031.003,2031.082,background
S01_U04.CH4.wav,2031.082,2031.673,foreground
S01_U04.CH4.wav,2031.673,2032.623,background
S01_U04.CH4.wav,2032.623,2043.683,foreground
S01_U04.CH4.wav,2043.683,2043.993,background
S01_U04.CH4.wav,2043.993,2048.242,foreground
S01_U04.CH4.wav,2048.242,2048.262,background
S01_U04.CH4.wav,2048.262,2048.273,foreground
S01_U04.CH4.wav,2048.273,2048.632,background
S01_U04.CH4.wav,2048.632,2052.582,foreground
S01_U04.CH4.wav,2052.582,2053.052,background
S01_U04.CH4.wav,2053.052,2055.722,foreground
S01_U04.CH4.wav,2055.722,2055.742,background
S01_U04.CH4.wav,2055.742,2055.773,foreground
S01_U04.CH4.wav,2055.773,2055.782,background
S01_U04.CH4.wav,2055.782,2072.003,foreground
S01_U04.CH4.wav,2072.003,2072.462,background
S01_U04.CH4.wav,2072.462,2081.102,foreground
S01_U04.CH4.wav,2081.102,2082.412,background
S01_U04.CH4.wav,2082.412,2082.432,foreground
S01_U04.CH4.wav,2082.432,2082.512,background
S01_U04.CH4.wav,2082.512,2083.253,foreground
S01_U04.CH4.wav,2083.253,2084.733,background
S01_U04.CH4.wav,2084.733,2085.592,foreground
S01_U04.CH4.wav,2085.592,2086.012,background
S01_U04.CH4.wav,2086.012,2086.342,foreground
S01_U04.CH4.wav,2086.342,2086.432,background
S01_U04.CH4.wav,2086.432,2086.523,foreground
S01_U04.CH4.wav,2086.523,2086.622,background
S01_U04.CH4.wav,2086.622,2086.872,foreground
S01_U04.CH4.wav,2086.872,2087.182,background
S01_U04.CH4.wav,2087.182,2094.302,foreground
S01_U04.CH4.wav,2094.302,2094.922,background
S01_U04.CH4.wav,2094.922,2102.342,foreground
S01_U04.CH4.wav,2102.342,2102.662,background
S01_U04.CH4.wav,2102.662,2102.762,foreground
S01_U04.CH4.wav,2102.762,2102.782,background
S01_U04.CH4.wav,2102.782,2103.983,foreground
S01_U04.CH4.wav,2103.983,2104.003,background
S01_U04.CH4.wav,2104.003,2104.062,foreground
S01_U04.CH4.wav,2104.062,2104.562,background
S01_U04.CH4.wav,2104.562,2107.852,foreground
S01_U04.CH4.wav,2107.852,2109.043,background
S01_U04.CH4.wav,2109.043,2111.112,foreground
S01_U04.CH4.wav,2111.112,2111.612,background
S01_U04.CH4.wav,2111.612,2113.802,foreground
S01_U04.CH4.wav,2113.802,2113.942,background
S01_U04.CH4.wav,2113.942,2135.812,foreground
S01_U04.CH4.wav,2135.812,2135.892,background
S01_U04.CH4.wav,2135.892,2138.052,foreground
S01_U04.CH4.wav,2138.052,2138.072,background
S01_U04.CH4.wav,2138.072,2144.852,foreground
S01_U04.CH4.wav,2144.852,2144.922,background
S01_U04.CH4.wav,2144.922,2152.402,foreground
S01_U04.CH4.wav,2152.402,2152.812,background
S01_U04.CH4.wav,2152.812,2156.682,foreground
S01_U04.CH4.wav,2156.682,2157.162,background
S01_U04.CH4.wav,2157.162,2159.352,foreground
S01_U04.CH4.wav,2159.352,2159.582,background
S01_U04.CH4.wav,2159.582,2172.023,foreground
S01_U04.CH4.wav,2172.023,2172.412,background
S01_U04.CH4.wav,2172.412,2210.902,foreground
S01_U04.CH4.wav,2210.902,2211.262,background
S01_U04.CH4.wav,2211.262,2216.342,foreground
S01_U04.CH4.wav,2216.342,2216.882,background
S01_U04.CH4.wav,2216.882,2220.902,foreground
S01_U04.CH4.wav,2220.902,2221.172,background
S01_U04.CH4.wav,2221.172,2225.713,foreground
S01_U04.CH4.wav,2225.713,2226.062,background
S01_U04.CH4.wav,2226.062,2231.023,foreground
S01_U04.CH4.wav,2231.023,2231.352,background
S01_U04.CH4.wav,2231.352,2234.862,foreground
S01_U04.CH4.wav,2234.862,2235.342,background
S01_U04.CH4.wav,2235.342,2247.072,foreground
S01_U04.CH4.wav,2247.072,2251.262,background
S01_U04.CH4.wav,2251.262,2252.012,foreground
S01_U04.CH4.wav,2252.012,2252.302,background
S01_U04.CH4.wav,2252.302,2254.702,foreground
S01_U04.CH4.wav,2254.702,2254.972,background
S01_U04.CH4.wav,2254.972,2255.512,foreground
S01_U04.CH4.wav,2255.512,2256.202,background
S01_U04.CH4.wav,2256.202,2258.463,foreground
S01_U04.CH4.wav,2258.463,2258.742,background
S01_U04.CH4.wav,2258.742,2259.392,foreground
S01_U04.CH4.wav,2259.392,2259.452,background
S01_U04.CH4.wav,2259.452,2260.052,foreground
S01_U04.CH4.wav,2260.052,2261.702,background
S01_U04.CH4.wav,2261.702,2267.702,foreground
S01_U04.CH4.wav,2267.702,2268.023,background
S01_U04.CH4.wav,2268.023,2268.552,foreground
S01_U04.CH4.wav,2268.552,2269.082,background
S01_U04.CH4.wav,2269.082,2269.233,foreground
S01_U04.CH4.wav,2269.233,2270.662,background
S01_U04.CH4.wav,2270.662,2270.882,foreground
S01_U04.CH4.wav,2270.882,2271.742,background
S01_U04.CH4.wav,2271.742,2273.162,foreground
S01_U04.CH4.wav,2273.162,2273.912,background
S01_U04.CH4.wav,2273.912,2273.942,foreground
S01_U04.CH4.wav,2273.942,2274.132,background
S01_U04.CH4.wav,2274.132,2275.012,foreground
S01_U04.CH4.wav,2275.012,2275.592,background
S01_U04.CH4.wav,2275.592,2277.452,foreground
S01_U04.CH4.wav,2277.452,2277.463,background
S01_U04.CH4.wav,2277.463,2283.062,foreground
S01_U04.CH4.wav,2283.062,2283.682,background
S01_U04.CH4.wav,2283.682,2285.503,foreground
S01_U04.CH4.wav,2285.503,2285.552,background
S01_U04.CH4.wav,2285.552,2285.852,foreground
S01_U04.CH4.wav,2285.852,2285.963,background
S01_U04.CH4.wav,2285.963,2286.072,foreground
S01_U04.CH4.wav,2286.072,2286.262,background
S01_U04.CH4.wav,2286.262,2289.152,foreground
S01_U04.CH4.wav,2289.152,2289.543,background
S01_U04.CH4.wav,2289.543,2290.983,foreground
S01_U04.CH4.wav,2290.983,2291.032,background
S01_U04.CH4.wav,2291.032,2291.463,foreground
S01_U04.CH4.wav,2291.463,2292.052,background
S01_U04.CH4.wav,2292.052,2298.222,foreground
S01_U04.CH4.wav,2298.222,2299.182,background
S01_U04.CH4.wav,2299.182,2301.733,foreground
S01_U04.CH4.wav,2301.733,2301.852,background
S01_U04.CH4.wav,2301.852,2303.102,foreground
S01_U04.CH4.wav,2303.102,2303.592,background
S01_U04.CH4.wav,2303.592,2307.102,foreground
S01_U04.CH4.wav,2307.102,2307.382,background
S01_U04.CH4.wav,2307.382,2314.262,foreground
S01_U04.CH4.wav,2314.262,2314.543,background
S01_U04.CH4.wav,2314.543,2320.152,foreground
S01_U04.CH4.wav,2320.152,2320.253,background
S01_U04.CH4.wav,2320.253,2324.932,foreground
S01_U04.CH4.wav,2324.932,2325.503,background
S01_U04.CH4.wav,2325.503,2329.043,foreground
S01_U04.CH4.wav,2329.043,2330.562,background
S01_U04.CH4.wav,2330.562,2330.963,foreground
S01_U04.CH4.wav,2330.963,2331.273,background
S01_U04.CH4.wav,2331.273,2334.242,foreground
S01_U04.CH4.wav,2334.242,2337.753,background
S01_U04.CH4.wav,2337.753,2343.782,foreground
S01_U04.CH4.wav,2343.782,2344.172,background
S01_U04.CH4.wav,2344.172,2345.503,foreground
S01_U04.CH4.wav,2345.503,2345.773,background
S01_U04.CH4.wav,2345.773,2347.372,foreground
S01_U04.CH4.wav,2347.372,2347.692,background
S01_U04.CH4.wav,2347.692,2355.642,foreground
S01_U04.CH4.wav,2355.642,2355.773,background
S01_U04.CH4.wav,2355.773,2373.532,foreground
S01_U04.CH4.wav,2373.532,2373.543,background
S01_U04.CH4.wav,2373.543,2382.043,foreground
S01_U04.CH4.wav,2382.043,2382.052,background
S01_U04.CH4.wav,2382.052,2382.142,foreground
S01_U04.CH4.wav,2382.142,2382.392,background
S01_U04.CH4.wav,2382.392,2387.662,foreground
S01_U04.CH4.wav,2387.662,2388.043,background
S01_U04.CH4.wav,2388.043,2393.382,foreground
S01_U04.CH4.wav,2393.382,2393.662,background
S01_U04.CH4.wav,2393.662,2397.312,foreground
S01_U04.CH4.wav,2397.312,2397.632,background
S01_U04.CH4.wav,2397.632,2400.773,foreground
S01_U04.CH4.wav,2400.773,2401.122,background
S01_U04.CH4.wav,2401.122,2404.412,foreground
S01_U04.CH4.wav,2404.412,2404.963,background
S01_U04.CH4.wav,2404.963,2406.902,foreground
S01_U04.CH4.wav,2406.902,2407.463,background
S01_U04.CH4.wav,2407.463,2413.972,foreground
S01_U04.CH4.wav,2413.972,2413.992,background
S01_U04.CH4.wav,2413.992,2421.682,foreground
S01_U04.CH4.wav,2421.682,2422.072,background
S01_U04.CH4.wav,2422.072,2422.722,foreground
S01_U04.CH4.wav,2422.722,2422.753,background
S01_U04.CH4.wav,2422.753,2423.052,foreground
S01_U04.CH4.wav,2423.052,2423.733,background
S01_U04.CH4.wav,2423.733,2432.932,foreground
S01_U04.CH4.wav,2432.932,2433.062,background
S01_U04.CH4.wav,2433.062,2433.082,foreground
S01_U04.CH4.wav,2433.082,2433.302,background
S01_U04.CH4.wav,2433.302,2435.342,foreground
S01_U04.CH4.wav,2435.342,2435.463,background
S01_U04.CH4.wav,2435.463,2438.652,foreground
S01_U04.CH4.wav,2438.652,2438.892,background
S01_U04.CH4.wav,2438.892,2443.632,foreground
S01_U04.CH4.wav,2443.632,2443.652,background
S01_U04.CH4.wav,2443.652,2443.662,foreground
S01_U04.CH4.wav,2443.662,2444.023,background
S01_U04.CH4.wav,2444.023,2444.282,foreground
S01_U04.CH4.wav,2444.282,2444.293,background
S01_U04.CH4.wav,2444.293,2444.312,foreground
S01_U04.CH4.wav,2444.312,2444.412,background
S01_U04.CH4.wav,2444.412,2445.032,foreground
S01_U04.CH4.wav,2445.032,2445.052,background
S01_U04.CH4.wav,2445.052,2445.122,foreground
S01_U04.CH4.wav,2445.122,2445.192,background
S01_U04.CH4.wav,2445.192,2456.862,foreground
S01_U04.CH4.wav,2456.862,2457.102,background
S01_U04.CH4.wav,2457.102,2463.213,foreground
S01_U04.CH4.wav,2463.213,2463.483,background
S01_U04.CH4.wav,2463.483,2467.722,foreground
S01_U04.CH4.wav,2467.722,2467.782,background
S01_U04.CH4.wav,2467.782,2470.753,foreground
S01_U04.CH4.wav,2470.753,2470.802,background
S01_U04.CH4.wav,2470.802,2477.352,foreground
S01_U04.CH4.wav,2477.352,2477.592,background
S01_U04.CH4.wav,2477.592,2479.222,foreground
S01_U04.CH4.wav,2479.222,2479.592,background
S01_U04.CH4.wav,2479.592,2488.682,foreground
S01_U04.CH4.wav,2488.682,2488.852,background
S01_U04.CH4.wav,2488.852,2488.892,foreground
S01_U04.CH4.wav,2488.892,2488.912,background
S01_U04.CH4.wav,2488.912,2499.012,foreground
S01_U04.CH4.wav,2499.012,2499.332,background
S01_U04.CH4.wav,2499.332,2526.222,foreground
S01_U04.CH4.wav,2526.222,2526.392,background
S01_U04.CH4.wav,2526.392,2527.932,foreground
S01_U04.CH4.wav,2527.932,2528.642,background
S01_U04.CH4.wav,2528.642,2533.612,foreground
S01_U04.CH4.wav,2533.612,2534.512,background
S01_U04.CH4.wav,2534.512,2535.842,foreground
S01_U04.CH4.wav,2535.842,2536.102,background
S01_U04.CH4.wav,2536.102,2543.773,foreground
S01_U04.CH4.wav,2543.773,2543.983,background
S01_U04.CH4.wav,2543.983,2552.282,foreground
S01_U04.CH4.wav,2552.282,2552.782,background
S01_U04.CH4.wav,2552.782,2553.733,foreground
S01_U04.CH4.wav,2553.733,2553.872,background
S01_U04.CH4.wav,2553.872,2556.682,foreground
S01_U04.CH4.wav,2556.682,2556.713,background
S01_U04.CH4.wav,2556.713,2558.963,foreground
S01_U04.CH4.wav,2558.963,2559.432,background
S01_U04.CH4.wav,2559.432,2561.202,foreground
S01_U04.CH4.wav,2561.202,2562.062,background
S01_U04.CH4.wav,2562.062,2565.812,foreground
S01_U04.CH4.wav,2565.812,2566.052,background
S01_U04.CH4.wav,2566.052,2567.862,foreground
S01_U04.CH4.wav,2567.862,2567.902,background
S01_U04.CH4.wav,2567.902,2573.552,foreground
S01_U04.CH4.wav,2573.552,2573.582,background
S01_U04.CH4.wav,2573.582,2573.942,foreground
S01_U04.CH4.wav,2573.942,2574.032,background
S01_U04.CH4.wav,2574.032,2586.233,foreground
S01_U04.CH4.wav,2586.233,2586.392,background
S01_U04.CH4.wav,2586.392,2587.753,foreground
S01_U04.CH4.wav,2587.753,2587.862,background
S01_U04.CH4.wav,2587.862,2588.483,foreground
S01_U04.CH4.wav,2588.483,2588.503,background
S01_U04.CH4.wav,2588.503,2588.512,foreground
S01_U04.CH4.wav,2588.512,2588.523,background
S01_U04.CH4.wav,2588.523,2594.213,foreground
S01_U04.CH4.wav,2594.213,2594.472,background
S01_U04.CH4.wav,2594.472,2595.362,foreground
S01_U04.CH4.wav,2595.362,2595.602,background
S01_U04.CH4.wav,2595.602,2630.862,foreground
S01_U04.CH4.wav,2630.862,2631.402,background
S01_U04.CH4.wav,2631.402,2632.672,foreground
S01_U04.CH4.wav,2632.672,2632.862,background
S01_U04.CH4.wav,2632.862,2650.682,foreground
S01_U04.CH4.wav,2650.682,2650.692,background
S01_U04.CH4.wav,2650.692,2651.483,foreground
S01_U04.CH4.wav,2651.483,2651.622,background
S01_U04.CH4.wav,2651.622,2662.892,foreground
S01_U04.CH4.wav,2662.892,2663.052,background
S01_U04.CH4.wav,2663.052,2663.102,foreground
S01_U04.CH4.wav,2663.102,2663.202,background
S01_U04.CH4.wav,2663.202,2664.302,foreground
S01_U04.CH4.wav,2664.302,2664.972,background
S01_U04.CH4.wav,2664.972,2664.992,foreground
S01_U04.CH4.wav,2664.992,2665.082,background
S01_U04.CH4.wav,2665.082,2665.832,foreground
S01_U04.CH4.wav,2665.832,2666.242,background
S01_U04.CH4.wav,2666.242,2670.793,foreground
S01_U04.CH4.wav,2670.793,2675.572,background
S01_U04.CH4.wav,2675.572,2691.512,foreground
S01_U04.CH4.wav,2691.512,2691.932,background
S01_U04.CH4.wav,2691.932,2701.652,foreground
S01_U04.CH4.wav,2701.652,2701.773,background
S01_U04.CH4.wav,2701.773,2705.942,foreground
S01_U04.CH4.wav,2705.942,2706.852,background
S01_U04.CH4.wav,2706.852,2709.233,foreground
S01_U04.CH4.wav,2709.233,2709.302,background
S01_U04.CH4.wav,2709.302,2709.632,foreground
S01_U04.CH4.wav,2709.632,2710.132,background
S01_U04.CH4.wav,2710.132,2710.922,foreground
S01_U04.CH4.wav,2710.922,2711.242,background
S01_U04.CH4.wav,2711.242,2711.582,foreground
S01_U04.CH4.wav,2711.582,2712.422,background
S01_U04.CH4.wav,2712.422,2715.132,foreground
S01_U04.CH4.wav,2715.132,2715.902,background
S01_U04.CH4.wav,2715.902,2715.922,foreground
S01_U04.CH4.wav,2715.922,2715.932,background
S01_U04.CH4.wav,2715.932,2716.862,foreground
S01_U04.CH4.wav,2716.862,2717.043,background
S01_U04.CH4.wav,2717.043,2721.253,foreground
S01_U04.CH4.wav,2721.253,2721.793,background
S01_U04.CH4.wav,2721.793,2724.782,foreground
S01_U04.CH4.wav,2724.782,2725.262,background
S01_U04.CH4.wav,2725.262,2725.652,foreground
S01_U04.CH4.wav,2725.652,2725.713,background
S01_U04.CH4.wav,2725.713,2725.733,foreground
S01_U04.CH4.wav,2725.733,2725.742,background
S01_U04.CH4.wav,2725.742,2725.773,foreground
S01_U04.CH4.wav,2725.773,2726.202,background
S01_U04.CH4.wav,2726.202,2737.452,foreground
S01_U04.CH4.wav,2737.452,2737.832,background
S01_U04.CH4.wav,2737.832,2737.882,foreground
S01_U04.CH4.wav,2737.882,2737.922,background
S01_U04.CH4.wav,2737.922,2737.932,foreground
S01_U04.CH4.wav,2737.932,2738.003,background
S01_U04.CH4.wav,2738.003,2740.983,foreground
S01_U04.CH4.wav,2740.983,2741.342,background
S01_U04.CH4.wav,2741.342,2750.753,foreground
S01_U04.CH4.wav,2750.753,2751.202,background
S01_U04.CH4.wav,2751.202,2751.632,foreground
S01_U04.CH4.wav,2751.632,2751.802,background
S01_U04.CH4.wav,2751.802,2751.922,foreground
S01_U04.CH4.wav,2751.922,2751.932,background
S01_U04.CH4.wav,2751.932,2754.552,foreground
S01_U04.CH4.wav,2754.552,2754.762,background
S01_U04.CH4.wav,2754.762,2755.812,foreground
S01_U04.CH4.wav,2755.812,2756.342,background
S01_U04.CH4.wav,2756.342,2756.552,foreground
S01_U04.CH4.wav,2756.552,2756.952,background
S01_U04.CH4.wav,2756.952,2759.512,foreground
S01_U04.CH4.wav,2759.512,2759.753,background
S01_U04.CH4.wav,2759.753,2760.562,foreground
S01_U04.CH4.wav,2760.562,2760.812,background
S01_U04.CH4.wav,2760.812,2763.253,foreground
S01_U04.CH4.wav,2763.253,2763.463,background
S01_U04.CH4.wav,2763.463,2767.832,foreground
S01_U04.CH4.wav,2767.832,2769.132,background
S01_U04.CH4.wav,2769.132,2771.352,foreground
S01_U04.CH4.wav,2771.352,2771.483,background
S01_U04.CH4.wav,2771.483,2775.543,foreground
S01_U04.CH4.wav,2775.543,2775.862,background
S01_U04.CH4.wav,2775.862,2776.942,foreground
S01_U04.CH4.wav,2776.942,2777.043,background
S01_U04.CH4.wav,2777.043,2777.072,foreground
S01_U04.CH4.wav,2777.072,2777.152,background
S01_U04.CH4.wav,2777.152,2779.302,foreground
S01_U04.CH4.wav,2779.302,2779.713,background
S01_U04.CH4.wav,2779.713,2781.782,foreground
S01_U04.CH4.wav,2781.782,2782.202,background
S01_U04.CH4.wav,2782.202,2783.233,foreground
S01_U04.CH4.wav,2783.233,2784.282,background
S01_U04.CH4.wav,2784.282,2785.532,foreground
S01_U04.CH4.wav,2785.532,2786.233,background
S01_U04.CH4.wav,2786.233,2786.253,foreground
S01_U04.CH4.wav,2786.253,2786.273,background
S01_U04.CH4.wav,2786.273,2786.452,foreground
S01_U04.CH4.wav,2786.452,2786.622,background
S01_U04.CH4.wav,2786.622,2786.892,foreground
S01_U04.CH4.wav,2786.892,2786.932,background
S01_U04.CH4.wav,2786.932,2787.632,foreground
S01_U04.CH4.wav,2787.632,2787.713,background
S01_U04.CH4.wav,2787.713,2788.262,foreground
S01_U04.CH4.wav,2788.262,2789.782,background
S01_U04.CH4.wav,2789.782,2791.222,foreground
S01_U04.CH4.wav,2791.222,2792.562,background
S01_U04.CH4.wav,2792.562,2792.572,foreground
S01_U04.CH4.wav,2792.572,2792.972,background
S01_U04.CH4.wav,2792.972,2795.662,foreground
S01_U04.CH4.wav,2795.662,2796.142,background
S01_U04.CH4.wav,2796.142,2799.082,foreground
S01_U04.CH4.wav,2799.082,2799.492,background
S01_U04.CH4.wav,2799.492,2800.722,foreground
S01_U04.CH4.wav,2800.722,2801.432,background
S01_U04.CH4.wav,2801.432,2806.562,foreground
S01_U04.CH4.wav,2806.562,2807.023,background
S01_U04.CH4.wav,2807.023,2810.882,foreground
S01_U04.CH4.wav,2810.882,2810.992,background
S01_U04.CH4.wav,2810.992,2811.012,foreground
S01_U04.CH4.wav,2811.012,2811.043,background
S01_U04.CH4.wav,2811.043,2811.052,foreground
S01_U04.CH4.wav,2811.052,2811.062,background
S01_U04.CH4.wav,2811.062,2811.112,foreground
S01_U04.CH4.wav,2811.112,2811.132,background
S01_U04.CH4.wav,2811.132,2811.162,foreground
S01_U04.CH4.wav,2811.162,2811.652,background
S01_U04.CH4.wav,2811.652,2813.162,foreground
S01_U04.CH4.wav,2813.162,2813.733,background
S01_U04.CH4.wav,2813.733,2818.543,foreground
S01_U04.CH4.wav,2818.543,2818.562,background
S01_U04.CH4.wav,2818.562,2820.832,foreground
S01_U04.CH4.wav,2820.832,2821.032,background
S01_U04.CH4.wav,2821.032,2828.872,foreground
S01_U04.CH4.wav,2828.872,2829.162,background
S01_U04.CH4.wav,2829.162,2831.452,foreground
S01_U04.CH4.wav,2831.452,2831.802,background
S01_U04.CH4.wav,2831.802,2834.582,foreground
S01_U04.CH4.wav,2834.582,2835.102,background
S01_U04.CH4.wav,2835.102,2837.662,foreground
S01_U04.CH4.wav,2837.662,2837.812,background
S01_U04.CH4.wav,2837.812,2848.282,foreground
S01_U04.CH4.wav,2848.282,2848.882,background
S01_U04.CH4.wav,2848.882,2864.222,foreground
S01_U04.CH4.wav,2864.222,2864.582,background
S01_U04.CH4.wav,2864.582,2869.753,foreground
S01_U04.CH4.wav,2869.753,2869.842,background
S01_U04.CH4.wav,2869.842,2879.932,foreground
S01_U04.CH4.wav,2879.932,2880.322,background
S01_U04.CH4.wav,2880.322,2880.332,foreground
S01_U04.CH4.wav,2880.332,2880.382,background
S01_U04.CH4.wav,2880.382,2886.442,foreground
S01_U04.CH4.wav,2886.442,2886.452,background
S01_U04.CH4.wav,2886.452,2886.463,foreground
S01_U04.CH4.wav,2886.463,2886.532,background
S01_U04.CH4.wav,2886.532,2887.222,foreground
S01_U04.CH4.wav,2887.222,2887.302,background
S01_U04.CH4.wav,2887.302,2888.082,foreground
S01_U04.CH4.wav,2888.082,2888.092,background
S01_U04.CH4.wav,2888.092,2894.782,foreground
S01_U04.CH4.wav,2894.782,2895.072,background
S01_U04.CH4.wav,2895.072,2933.312,foreground
S01_U04.CH4.wav,2933.312,2933.722,background
S01_U04.CH4.wav,2933.722,2936.242,foreground
S01_U04.CH4.wav,2936.242,2936.572,background
S01_U04.CH4.wav,2936.572,2936.582,foreground
S01_U04.CH4.wav,2936.582,2936.672,background
S01_U04.CH4.wav,2936.672,2936.862,foreground
S01_U04.CH4.wav,2936.862,2936.932,background
S01_U04.CH4.wav,2936.932,2936.952,foreground
S01_U04.CH4.wav,2936.952,2936.972,background
S01_U04.CH4.wav,2936.972,2936.992,foreground
S01_U04.CH4.wav,2936.992,2937.023,background
S01_U04.CH4.wav,2937.023,2943.362,foreground
S01_U04.CH4.wav,2943.362,2944.032,background
S01_U04.CH4.wav,2944.032,2949.262,foreground
S01_U04.CH4.wav,2949.262,2949.713,background
S01_U04.CH4.wav,2949.713,2951.322,foreground
S01_U04.CH4.wav,2951.322,2952.142,background
S01_U04.CH4.wav,2952.142,2952.152,foreground
S01_U04.CH4.wav,2952.152,2952.162,background
S01_U04.CH4.wav,2952.162,2953.422,foreground
S01_U04.CH4.wav,2953.422,2954.052,background
S01_U04.CH4.wav,2954.052,2954.142,foreground
S01_U04.CH4.wav,2954.142,2954.182,background
S01_U04.CH4.wav,2954.182,2954.582,foreground
S01_U04.CH4.wav,2954.582,2955.023,background
S01_U04.CH4.wav,2955.023,2955.582,foreground
S01_U04.CH4.wav,2955.582,2956.162,background
S01_U04.CH4.wav,2956.162,2959.852,foreground
S01_U04.CH4.wav,2959.852,2960.242,background
S01_U04.CH4.wav,2960.242,2961.082,foreground
S01_U04.CH4.wav,2961.082,2961.463,background
S01_U04.CH4.wav,2961.463,2965.152,foreground
S01_U04.CH4.wav,2965.152,2965.543,background
S01_U04.CH4.wav,2965.543,2965.552,foreground
S01_U04.CH4.wav,2965.552,2965.682,background
S01_U04.CH4.wav,2965.682,2966.682,foreground
S01_U04.CH4.wav,2966.682,2967.062,background
S01_U04.CH4.wav,2967.062,2970.562,foreground
S01_U04.CH4.wav,2970.562,2970.773,background
S01_U04.CH4.wav,2970.773,2970.782,foreground
S01_U04.CH4.wav,2970.782,2970.963,background
S01_U04.CH4.wav,2970.963,2973.532,foreground
S01_U04.CH4.wav,2973.532,2973.733,background
S01_U04.CH4.wav,2973.733,2975.273,foreground
S01_U04.CH4.wav,2975.273,2975.662,background
S01_U04.CH4.wav,2975.662,2976.233,foreground
S01_U04.CH4.wav,2976.233,2976.852,background
S01_U04.CH4.wav,2976.852,2982.782,foreground
S01_U04.CH4.wav,2982.782,2982.952,background
S01_U04.CH4.wav,2982.952,2985.552,foreground
S01_U04.CH4.wav,2985.552,2986.012,background
S01_U04.CH4.wav,2986.012,2989.112,foreground
S01_U04.CH4.wav,2989.112,2989.312,background
S01_U04.CH4.wav,2989.312,2995.182,foreground
S01_U04.CH4.wav,2995.182,2995.372,background
S01_U04.CH4.wav,2995.372,3009.452,foreground
S01_U04.CH4.wav,3009.452,3009.682,background
S01_U04.CH4.wav,3009.682,3019.812,foreground
S01_U04.CH4.wav,3019.812,3020.432,background
S01_U04.CH4.wav,3020.432,3026.282,foreground
S01_U04.CH4.wav,3026.282,3026.362,background
S01_U04.CH4.wav,3026.362,3026.592,foreground
S01_U04.CH4.wav,3026.592,3026.602,background
S01_U04.CH4.wav,3026.602,3026.612,foreground
S01_U04.CH4.wav,3026.612,3026.622,background
S01_U04.CH4.wav,3026.622,3026.642,foreground
S01_U04.CH4.wav,3026.642,3026.682,background
S01_U04.CH4.wav,3026.682,3034.332,foreground
S01_U04.CH4.wav,3034.332,3034.882,background
S01_U04.CH4.wav,3034.882,3046.362,foreground
S01_U04.CH4.wav,3046.362,3046.713,background
S01_U04.CH4.wav,3046.713,3047.892,foreground
S01_U04.CH4.wav,3047.892,3048.192,background
S01_U04.CH4.wav,3048.192,3053.492,foreground
S01_U04.CH4.wav,3053.492,3053.983,background
S01_U04.CH4.wav,3053.983,3054.773,foreground
S01_U04.CH4.wav,3054.773,3055.322,background
S01_U04.CH4.wav,3055.322,3060.202,foreground
S01_U04.CH4.wav,3060.202,3060.452,background
S01_U04.CH4.wav,3060.452,3060.812,foreground
S01_U04.CH4.wav,3060.812,3060.832,background
S01_U04.CH4.wav,3060.832,3061.072,foreground
S01_U04.CH4.wav,3061.072,3061.112,background
S01_U04.CH4.wav,3061.112,3066.222,foreground
S01_U04.CH4.wav,3066.222,3066.362,background
S01_U04.CH4.wav,3066.362,3071.742,foreground
S01_U04.CH4.wav,3071.742,3072.253,background
S01_U04.CH4.wav,3072.253,3072.812,foreground
S01_U04.CH4.wav,3072.812,3073.193,background
S01_U04.CH4.wav,3073.193,3075.443,foreground
S01_U04.CH4.wav,3075.443,3075.793,background
S01_U04.CH4.wav,3075.793,3093.713,foreground
S01_U04.CH4.wav,3093.713,3093.872,background
S01_U04.CH4.wav,3093.872,3093.932,foreground
S01_U04.CH4.wav,3093.932,3093.992,background
S01_U04.CH4.wav,3093.992,3096.822,foreground
S01_U04.CH4.wav,3096.822,3096.882,background
S01_U04.CH4.wav,3096.882,3097.062,foreground
S01_U04.CH4.wav,3097.062,3097.122,background
S01_U04.CH4.wav,3097.122,3101.202,foreground
S01_U04.CH4.wav,3101.202,3101.282,background
S01_U04.CH4.wav,3101.282,3104.003,foreground
S01_U04.CH4.wav,3104.003,3104.193,background
S01_U04.CH4.wav,3104.193,3116.112,foreground
S01_U04.CH4.wav,3116.112,3116.443,background
S01_U04.CH4.wav,3116.443,3118.812,foreground
S01_U04.CH4.wav,3118.812,3119.273,background
S01_U04.CH4.wav,3119.273,3119.532,foreground
S01_U04.CH4.wav,3119.532,3120.062,background
S01_U04.CH4.wav,3120.062,3130.842,foreground
S01_U04.CH4.wav,3130.842,3132.012,background
S01_U04.CH4.wav,3132.012,3138.182,foreground
S01_U04.CH4.wav,3138.182,3138.463,background
S01_U04.CH4.wav,3138.463,3141.132,foreground
S01_U04.CH4.wav,3141.132,3141.322,background
S01_U04.CH4.wav,3141.322,3145.543,foreground
S01_U04.CH4.wav,3145.543,3146.112,background
S01_U04.CH4.wav,3146.112,3148.622,foreground
S01_U04.CH4.wav,3148.622,3148.932,background
S01_U04.CH4.wav,3148.932,3149.322,foreground
S01_U04.CH4.wav,3149.322,3149.802,background
S01_U04.CH4.wav,3149.802,3151.972,foreground
S01_U04.CH4.wav,3151.972,3153.072,background
S01_U04.CH4.wav,3153.072,3158.463,foreground
S01_U04.CH4.wav,3158.463,3159.062,background
S01_U04.CH4.wav,3159.062,3160.202,foreground
S01_U04.CH4.wav,3160.202,3160.372,background
S01_U04.CH4.wav,3160.372,3163.062,foreground
S01_U04.CH4.wav,3163.062,3163.512,background
S01_U04.CH4.wav,3163.512,3165.302,foreground
S01_U04.CH4.wav,3165.302,3166.392,background
S01_U04.CH4.wav,3166.392,3167.902,foreground
S01_U04.CH4.wav,3167.902,3169.773,background
S01_U04.CH4.wav,3169.773,3169.812,foreground
S01_U04.CH4.wav,3169.812,3170.572,background
S01_U04.CH4.wav,3170.572,3171.102,foreground
S01_U04.CH4.wav,3171.102,3171.402,background
S01_U04.CH4.wav,3171.402,3172.472,foreground
S01_U04.CH4.wav,3172.472,3173.733,background
S01_U04.CH4.wav,3173.733,3179.543,foreground
S01_U04.CH4.wav,3179.543,3179.842,background
S01_U04.CH4.wav,3179.842,3180.612,foreground
S01_U04.CH4.wav,3180.612,3181.092,background
S01_U04.CH4.wav,3181.092,3181.722,foreground
S01_U04.CH4.wav,3181.722,3182.032,background
S01_U04.CH4.wav,3182.032,3182.392,foreground
S01_U04.CH4.wav,3182.392,3182.952,background
S01_U04.CH4.wav,3182.952,3185.032,foreground
S01_U04.CH4.wav,3185.032,3185.672,background
S01_U04.CH4.wav,3185.672,3188.773,foreground
S01_U04.CH4.wav,3188.773,3189.432,background
S01_U04.CH4.wav,3189.432,3189.733,foreground
S01_U04.CH4.wav,3189.733,3190.862,background
S01_U04.CH4.wav,3190.862,3191.233,foreground
S01_U04.CH4.wav,3191.233,3193.312,background
S01_U04.CH4.wav,3193.312,3193.753,foreground
S01_U04.CH4.wav,3193.753,3194.253,background
S01_U04.CH4.wav,3194.253,3194.282,foreground
S01_U04.CH4.wav,3194.282,3194.503,background
S01_U04.CH4.wav,3194.503,3197.713,foreground
S01_U04.CH4.wav,3197.713,3198.612,background
S01_U04.CH4.wav,3198.612,3199.193,foreground
S01_U04.CH4.wav,3199.193,3199.412,background
S01_U04.CH4.wav,3199.412,3201.202,foreground
S01_U04.CH4.wav,3201.202,3201.472,background
S01_U04.CH4.wav,3201.472,3201.552,foreground
S01_U04.CH4.wav,3201.552,3201.702,background
S01_U04.CH4.wav,3201.702,3204.963,foreground
S01_U04.CH4.wav,3204.963,3205.122,background
S01_U04.CH4.wav,3205.122,3206.092,foreground
S01_U04.CH4.wav,3206.092,3206.503,background
S01_U04.CH4.wav,3206.503,3209.342,foreground
S01_U04.CH4.wav,3209.342,3210.052,background
S01_U04.CH4.wav,3210.052,3210.562,foreground
S01_U04.CH4.wav,3210.562,3210.932,background
S01_U04.CH4.wav,3210.932,3213.253,foreground
S01_U04.CH4.wav,3213.253,3213.602,background
S01_U04.CH4.wav,3213.602,3219.242,foreground
S01_U04.CH4.wav,3219.242,3220.172,background
S01_U04.CH4.wav,3220.172,3227.762,foreground
S01_U04.CH4.wav,3227.762,3228.622,background
S01_U04.CH4.wav,3228.622,3229.372,foreground
S01_U04.CH4.wav,3229.372,3229.902,background
S01_U04.CH4.wav,3229.902,3232.032,foreground
S01_U04.CH4.wav,3232.032,3232.512,background
S01_U04.CH4.wav,3232.512,3233.122,foreground
S01_U04.CH4.wav,3233.122,3233.182,background
S01_U04.CH4.wav,3233.182,3233.233,foreground
S01_U04.CH4.wav,3233.233,3233.253,background
S01_U04.CH4.wav,3233.253,3233.282,foreground
S01_U04.CH4.wav,3233.282,3234.422,background
S01_U04.CH4.wav,3234.422,3236.602,foreground
S01_U04.CH4.wav,3236.602,3236.972,background
S01_U04.CH4.wav,3236.972,3241.872,foreground
S01_U04.CH4.wav,3241.872,3242.043,background
S01_U04.CH4.wav,3242.043,3242.172,foreground
S01_U04.CH4.wav,3242.172,3242.193,background
S01_U04.CH4.wav,3242.193,3244.253,foreground
S01_U04.CH4.wav,3244.253,3245.782,background
S01_U04.CH4.wav,3245.782,3246.342,foreground
S01_U04.CH4.wav,3246.342,3246.702,background
S01_U04.CH4.wav,3246.702,3248.802,foreground
S01_U04.CH4.wav,3248.802,3248.852,background
S01_U04.CH4.wav,3248.852,3248.972,foreground
S01_U04.CH4.wav,3248.972,3249.312,background
S01_U04.CH4.wav,3249.312,3249.322,foreground
S01_U04.CH4.wav,3249.322,3249.332,background
S01_U04.CH4.wav,3249.332,3249.412,foreground
S01_U04.CH4.wav,3249.412,3249.492,background
S01_U04.CH4.wav,3249.492,3249.742,foreground
S01_U04.CH4.wav,3249.742,3251.202,background
S01_U04.CH4.wav,3251.202,3251.312,foreground
S01_U04.CH4.wav,3251.312,3251.382,background
S01_U04.CH4.wav,3251.382,3251.682,foreground
S01_U04.CH4.wav,3251.682,3251.862,background
S01_U04.CH4.wav,3251.862,3253.682,foreground
S01_U04.CH4.wav,3253.682,3254.702,background
S01_U04.CH4.wav,3254.702,3255.162,foreground
S01_U04.CH4.wav,3255.162,3258.193,background
S01_U04.CH4.wav,3258.193,3260.392,foreground
S01_U04.CH4.wav,3260.392,3260.652,background
S01_U04.CH4.wav,3260.652,3260.693,foreground
S01_U04.CH4.wav,3260.693,3260.702,background
S01_U04.CH4.wav,3260.702,3260.753,foreground
S01_U04.CH4.wav,3260.753,3260.902,background
S01_U04.CH4.wav,3260.902,3265.562,foreground
S01_U04.CH4.wav,3265.562,3266.273,background
S01_U04.CH4.wav,3266.273,3269.822,foreground
S01_U04.CH4.wav,3269.822,3272.882,background
S01_U04.CH4.wav,3272.882,3273.443,foreground
S01_U04.CH4.wav,3273.443,3273.832,background
S01_U04.CH4.wav,3273.832,3274.392,foreground
S01_U04.CH4.wav,3274.392,3275.293,background
S01_U04.CH4.wav,3275.293,3275.492,foreground
S01_U04.CH4.wav,3275.492,3275.963,background
S01_U04.CH4.wav,3275.963,3276.182,foreground
S01_U04.CH4.wav,3276.182,3276.882,background
S01_U04.CH4.wav,3276.882,3277.602,foreground
S01_U04.CH4.wav,3277.602,3278.082,background
S01_U04.CH4.wav,3278.082,3278.092,foreground
S01_U04.CH4.wav,3278.092,3278.102,background
S01_U04.CH4.wav,3278.102,3284.523,foreground
S01_U04.CH4.wav,3284.523,3285.102,background
S01_U04.CH4.wav,3285.102,3287.812,foreground
S01_U04.CH4.wav,3287.812,3287.912,background
S01_U04.CH4.wav,3287.912,3289.102,foreground
S01_U04.CH4.wav,3289.102,3289.302,background
S01_U04.CH4.wav,3289.302,3289.322,foreground
S01_U04.CH4.wav,3289.322,3289.543,background
S01_U04.CH4.wav,3289.543,3290.322,foreground
S01_U04.CH4.wav,3290.322,3290.503,background
S01_U04.CH4.wav,3290.503,3300.172,foreground
S01_U04.CH4.wav,3300.172,3300.572,background
S01_U04.CH4.wav,3300.572,3313.262,foreground
S01_U04.CH4.wav,3313.262,3313.362,background
S01_U04.CH4.wav,3313.362,3333.132,foreground
S01_U04.CH4.wav,3333.132,3333.642,background
S01_U04.CH4.wav,3333.642,3333.872,foreground
S01_U04.CH4.wav,3333.872,3333.932,background
S01_U04.CH4.wav,3333.932,3333.943,foreground
S01_U04.CH4.wav,3333.943,3334.043,background
S01_U04.CH4.wav,3334.043,3336.213,foreground
S01_U04.CH4.wav,3336.213,3336.352,background
S01_U04.CH4.wav,3336.352,3336.392,foreground
S01_U04.CH4.wav,3336.392,3336.523,background
S01_U04.CH4.wav,3336.523,3336.552,foreground
S01_U04.CH4.wav,3336.552,3337.342,background
S01_U04.CH4.wav,3337.342,3339.733,foreground
S01_U04.CH4.wav,3339.733,3339.742,background
S01_U04.CH4.wav,3339.742,3341.043,foreground
S01_U04.CH4.wav,3341.043,3341.152,background
S01_U04.CH4.wav,3341.152,3350.642,foreground
S01_U04.CH4.wav,3350.642,3351.142,background
S01_U04.CH4.wav,3351.142,3356.222,foreground
S01_U04.CH4.wav,3356.222,3356.302,background
S01_U04.CH4.wav,3356.302,3360.412,foreground
S01_U04.CH4.wav,3360.412,3360.422,background
S01_U04.CH4.wav,3360.422,3370.602,foreground
S01_U04.CH4.wav,3370.602,3370.693,background
S01_U04.CH4.wav,3370.693,3370.842,foreground
S01_U04.CH4.wav,3370.842,3371.302,background
S01_U04.CH4.wav,3371.302,3372.832,foreground
S01_U04.CH4.wav,3372.832,3373.213,background
S01_U04.CH4.wav,3373.213,3383.202,foreground
S01_U04.CH4.wav,3383.202,3383.273,background
S01_U04.CH4.wav,3383.273,3390.032,foreground
S01_U04.CH4.wav,3390.032,3390.122,background
S01_U04.CH4.wav,3390.122,3390.382,foreground
S01_U04.CH4.wav,3390.382,3390.562,background
S01_U04.CH4.wav,3390.562,3407.983,foreground
S01_U04.CH4.wav,3407.983,3408.142,background
S01_U04.CH4.wav,3408.142,3433.072,foreground
S01_U04.CH4.wav,3433.072,3433.112,background
S01_U04.CH4.wav,3433.112,3437.372,foreground
S01_U04.CH4.wav,3437.372,3437.422,background
S01_U04.CH4.wav,3437.422,3437.463,foreground
S01_U04.CH4.wav,3437.463,3437.552,background
S01_U04.CH4.wav,3437.552,3463.652,foreground
S01_U04.CH4.wav,3463.652,3463.702,background
S01_U04.CH4.wav,3463.702,3468.242,foreground
S01_U04.CH4.wav,3468.242,3468.702,background
S01_U04.CH4.wav,3468.702,3470.722,foreground
S01_U04.CH4.wav,3470.722,3471.282,background
S01_U04.CH4.wav,3471.282,3471.302,foreground
S01_U04.CH4.wav,3471.302,3471.402,background
S01_U04.CH4.wav,3471.402,3477.142,foreground
S01_U04.CH4.wav,3477.142,3477.532,background
S01_U04.CH4.wav,3477.532,3502.422,foreground
S01_U04.CH4.wav,3502.422,3502.812,background
S01_U04.CH4.wav,3502.812,3503.362,foreground
S01_U04.CH4.wav,3503.362,3503.422,background
S01_U04.CH4.wav,3503.422,3512.762,foreground
S01_U04.CH4.wav,3512.762,3513.003,background
S01_U04.CH4.wav,3513.003,3548.233,foreground
S01_U04.CH4.wav,3548.233,3548.733,background
S01_U04.CH4.wav,3548.733,3549.753,foreground
S01_U04.CH4.wav,3549.753,3550.922,background
S01_U04.CH4.wav,3550.922,3564.572,foreground
S01_U04.CH4.wav,3564.572,3564.922,background
S01_U04.CH4.wav,3564.922,3577.822,foreground
S01_U04.CH4.wav,3577.822,3577.852,background
S01_U04.CH4.wav,3577.852,3577.922,foreground
S01_U04.CH4.wav,3577.922,3578.003,background
S01_U04.CH4.wav,3578.003,3589.213,foreground
S01_U04.CH4.wav,3589.213,3589.632,background
S01_U04.CH4.wav,3589.632,3597.992,foreground
S01_U04.CH4.wav,3597.992,3598.293,background
S01_U04.CH4.wav,3598.293,3645.582,foreground
S01_U04.CH4.wav,3645.582,3645.842,background
S01_U04.CH4.wav,3645.842,3650.392,foreground
S01_U04.CH4.wav,3650.392,3650.523,background
S01_U04.CH4.wav,3650.523,3651.972,foreground
S01_U04.CH4.wav,3651.972,3652.012,background
S01_U04.CH4.wav,3652.012,3654.193,foreground
S01_U04.CH4.wav,3654.193,3654.582,background
S01_U04.CH4.wav,3654.582,3656.412,foreground
S01_U04.CH4.wav,3656.412,3657.122,background
S01_U04.CH4.wav,3657.122,3658.702,foreground
S01_U04.CH4.wav,3658.702,3659.273,background
S01_U04.CH4.wav,3659.273,3660.082,foreground
S01_U04.CH4.wav,3660.082,3661.222,background
S01_U04.CH4.wav,3661.222,3661.753,foreground
S01_U04.CH4.wav,3661.753,3661.762,background
S01_U04.CH4.wav,3661.762,3661.852,foreground
S01_U04.CH4.wav,3661.852,3661.872,background
S01_U04.CH4.wav,3661.872,3672.753,foreground
S01_U04.CH4.wav,3672.753,3672.932,background
S01_U04.CH4.wav,3672.932,3674.193,foreground
S01_U04.CH4.wav,3674.193,3674.543,background
S01_U04.CH4.wav,3674.543,3690.742,foreground
S01_U04.CH4.wav,3690.742,3691.072,background
S01_U04.CH4.wav,3691.072,3691.693,foreground
S01_U04.CH4.wav,3691.693,3692.062,background
S01_U04.CH4.wav,3692.062,3692.242,foreground
S01_U04.CH4.wav,3692.242,3692.372,background
S01_U04.CH4.wav,3692.372,3692.392,foreground
S01_U04.CH4.wav,3692.392,3692.622,background
S01_U04.CH4.wav,3692.622,3694.793,foreground
S01_U04.CH4.wav,3694.793,3695.003,background
S01_U04.CH4.wav,3695.003,3706.963,foreground
S01_U04.CH4.wav,3706.963,3707.072,background
S01_U04.CH4.wav,3707.072,3714.892,foreground
S01_U04.CH4.wav,3714.892,3717.213,background
S01_U04.CH4.wav,3717.213,3719.273,foreground
S01_U04.CH4.wav,3719.273,3719.302,background
S01_U04.CH4.wav,3719.302,3719.322,foreground
S01_U04.CH4.wav,3719.322,3719.523,background
S01_U04.CH4.wav,3719.523,3724.952,foreground
S01_U04.CH4.wav,3724.952,3725.122,background
S01_U04.CH4.wav,3725.122,3726.322,foreground
S01_U04.CH4.wav,3726.322,3726.793,background
S01_U04.CH4.wav,3726.793,3727.253,foreground
S01_U04.CH4.wav,3727.253,3727.452,background
S01_U04.CH4.wav,3727.452,3727.463,foreground
S01_U04.CH4.wav,3727.463,3727.512,background
S01_U04.CH4.wav,3727.512,3728.152,foreground
S01_U04.CH4.wav,3728.152,3728.432,background
S01_U04.CH4.wav,3728.432,3730.193,foreground
S01_U04.CH4.wav,3730.193,3730.632,background
S01_U04.CH4.wav,3730.632,3734.872,foreground
S01_U04.CH4.wav,3734.872,3735.882,background
S01_U04.CH4.wav,3735.882,3736.882,foreground
S01_U04.CH4.wav,3736.882,3737.092,background
S01_U04.CH4.wav,3737.092,3740.392,foreground
S01_U04.CH4.wav,3740.392,3740.782,background
S01_U04.CH4.wav,3740.782,3741.322,foreground
S01_U04.CH4.wav,3741.322,3741.483,background
S01_U04.CH4.wav,3741.483,3741.582,foreground
S01_U04.CH4.wav,3741.582,3741.862,background
S01_U04.CH4.wav,3741.862,3744.152,foreground
S01_U04.CH4.wav,3744.152,3744.172,background
S01_U04.CH4.wav,3744.172,3744.182,foreground
S01_U04.CH4.wav,3744.182,3744.193,background
S01_U04.CH4.wav,3744.193,3752.832,foreground
S01_U04.CH4.wav,3752.832,3752.932,background
S01_U04.CH4.wav,3752.932,3766.463,foreground
S01_U04.CH4.wav,3766.463,3766.483,background
S01_U04.CH4.wav,3766.483,3767.582,foreground
S01_U04.CH4.wav,3767.582,3767.782,background
S01_U04.CH4.wav,3767.782,3784.812,foreground
S01_U04.CH4.wav,3784.812,3785.342,background
S01_U04.CH4.wav,3785.342,3788.793,foreground
S01_U04.CH4.wav,3788.793,3788.802,background
S01_U04.CH4.wav,3788.802,3793.782,foreground
S01_U04.CH4.wav,3793.782,3795.242,background
S01_U04.CH4.wav,3795.242,3808.162,foreground
S01_U04.CH4.wav,3808.162,3809.443,background
S01_U04.CH4.wav,3809.443,3810.052,foreground
S01_U04.CH4.wav,3810.052,3810.652,background
S01_U04.CH4.wav,3810.652,3812.352,foreground
S01_U04.CH4.wav,3812.352,3812.452,background
S01_U04.CH4.wav,3812.452,3812.523,foreground
S01_U04.CH4.wav,3812.523,3812.622,background
S01_U04.CH4.wav,3812.622,3814.422,foreground
S01_U04.CH4.wav,3814.422,3815.193,background
S01_U04.CH4.wav,3815.193,3863.202,foreground
S01_U04.CH4.wav,3863.202,3863.463,background
S01_U04.CH4.wav,3863.463,3876.562,foreground
S01_U04.CH4.wav,3876.562,3876.812,background
S01_U04.CH4.wav,3876.812,3877.472,foreground
S01_U04.CH4.wav,3877.472,3879.003,background
S01_U04.CH4.wav,3879.003,3882.862,foreground
S01_U04.CH4.wav,3882.862,3883.003,background
S01_U04.CH4.wav,3883.003,3883.082,foreground
S01_U04.CH4.wav,3883.082,3883.142,background
S01_U04.CH4.wav,3883.142,3884.282,foreground
S01_U04.CH4.wav,3884.282,3884.812,background
S01_U04.CH4.wav,3884.812,3907.562,foreground
S01_U04.CH4.wav,3907.562,3909.122,background
S01_U04.CH4.wav,3909.122,3914.722,foreground
S01_U04.CH4.wav,3914.722,3914.882,background
S01_U04.CH4.wav,3914.882,3922.503,foreground
S01_U04.CH4.wav,3922.503,3922.592,background
S01_U04.CH4.wav,3922.592,3923.733,foreground
S01_U04.CH4.wav,3923.733,3923.842,background
S01_U04.CH4.wav,3923.842,3925.092,foreground
S01_U04.CH4.wav,3925.092,3925.293,background
S01_U04.CH4.wav,3925.293,3933.992,foreground
S01_U04.CH4.wav,3933.992,3934.092,background
S01_U04.CH4.wav,3934.092,3936.032,foreground
S01_U04.CH4.wav,3936.032,3936.512,background
S01_U04.CH4.wav,3936.512,3942.332,foreground
S01_U04.CH4.wav,3942.332,3942.443,background
S01_U04.CH4.wav,3942.443,3942.463,foreground
S01_U04.CH4.wav,3942.463,3942.472,background
S01_U04.CH4.wav,3942.472,3951.983,foreground
S01_U04.CH4.wav,3951.983,3952.193,background
S01_U04.CH4.wav,3952.193,3956.052,foreground
S01_U04.CH4.wav,3956.052,3956.812,background
S01_U04.CH4.wav,3956.812,3958.472,foreground
S01_U04.CH4.wav,3958.472,3958.503,background
S01_U04.CH4.wav,3958.503,3958.702,foreground
S01_U04.CH4.wav,3958.702,3958.782,background
S01_U04.CH4.wav,3958.782,3968.382,foreground
S01_U04.CH4.wav,3968.382,3968.722,background
S01_U04.CH4.wav,3968.722,3977.342,foreground
S01_U04.CH4.wav,3977.342,3977.713,background
S01_U04.CH4.wav,3977.713,3989.242,foreground
S01_U04.CH4.wav,3989.242,3989.483,background
S01_U04.CH4.wav,3989.483,3993.472,foreground
S01_U04.CH4.wav,3993.472,3993.622,background
S01_U04.CH4.wav,3993.622,4013.242,foreground
S01_U04.CH4.wav,4013.242,4013.282,background
S01_U04.CH4.wav,4013.282,4013.293,foreground
S01_U04.CH4.wav,4013.293,4013.312,background
S01_U04.CH4.wav,4013.312,4015.472,foreground
S01_U04.CH4.wav,4015.472,4016.443,background
S01_U04.CH4.wav,4016.443,4033.102,foreground
S01_U04.CH4.wav,4033.102,4033.832,background
S01_U04.CH4.wav,4033.832,4038.003,foreground
S01_U04.CH4.wav,4038.003,4038.342,background
S01_U04.CH4.wav,4038.342,4038.753,foreground
S01_U04.CH4.wav,4038.753,4039.152,background
S01_U04.CH4.wav,4039.152,4054.673,foreground
S01_U04.CH4.wav,4054.673,4057.023,background
S01_U04.CH4.wav,4057.023,4057.902,foreground
S01_U04.CH4.wav,4057.902,4058.262,background
S01_U04.CH4.wav,4058.262,4058.592,foreground
S01_U04.CH4.wav,4058.592,4058.943,background
S01_U04.CH4.wav,4058.943,4060.152,foreground
S01_U04.CH4.wav,4060.152,4060.523,background
S01_U04.CH4.wav,4060.523,4063.052,foreground
S01_U04.CH4.wav,4063.052,4065.332,background
S01_U04.CH4.wav,4065.332,4065.932,foreground
S01_U04.CH4.wav,4065.932,4066.362,background
S01_U04.CH4.wav,4066.362,4068.983,foreground
S01_U04.CH4.wav,4068.983,4070.173,background
S01_U04.CH4.wav,4070.173,4074.023,foreground
S01_U04.CH4.wav,4074.023,4074.102,background
S01_U04.CH4.wav,4074.102,4078.273,foreground
S01_U04.CH4.wav,4078.273,4080.742,background
S01_U04.CH4.wav,4080.742,4082.213,foreground
S01_U04.CH4.wav,4082.213,4082.372,background
S01_U04.CH4.wav,4082.372,4094.572,foreground
S01_U04.CH4.wav,4094.572,4094.652,background
S01_U04.CH4.wav,4094.652,4100.332,foreground
S01_U04.CH4.wav,4100.332,4101.432,background
S01_U04.CH4.wav,4101.432,4111.892,foreground
S01_U04.CH4.wav,4111.892,4112.182,background
S01_U04.CH4.wav,4112.182,4116.292,foreground
S01_U04.CH4.wav,4116.292,4116.372,background
S01_U04.CH4.wav,4116.372,4116.613,foreground
S01_U04.CH4.wav,4116.613,4116.662,background
S01_U04.CH4.wav,4116.662,4116.932,foreground
S01_U04.CH4.wav,4116.932,4117.863,background
S01_U04.CH4.wav,4117.863,4127.493,foreground
S01_U04.CH4.wav,4127.493,4127.693,background
S01_U04.CH4.wav,4127.693,4127.972,foreground
S01_U04.CH4.wav,4127.972,4128.012,background
S01_U04.CH4.wav,4128.012,4128.033,foreground
S01_U04.CH4.wav,4128.033,4128.092,background
S01_U04.CH4.wav,4128.092,4128.252,foreground
S01_U04.CH4.wav,4128.252,4128.332,background
S01_U04.CH4.wav,4128.332,4153.642,foreground
S01_U04.CH4.wav,4153.642,4154.233,background
S01_U04.CH4.wav,4154.233,4169.613,foreground
S01_U04.CH4.wav,4169.613,4170.162,background
S01_U04.CH4.wav,4170.162,4194.932,foreground
S01_U04.CH4.wav,4194.932,4195.493,background
S01_U04.CH4.wav,4195.493,4198.922,foreground
S01_U04.CH4.wav,4198.922,4200.113,background
S01_U04.CH4.wav,4200.113,4202.852,foreground
S01_U04.CH4.wav,4202.852,4203.332,background
S01_U04.CH4.wav,4203.332,4217.483,foreground
S01_U04.CH4.wav,4217.483,4217.582,background
S01_U04.CH4.wav,4217.582,4218.533,foreground
S01_U04.CH4.wav,4218.533,4219.332,background
S01_U04.CH4.wav,4219.332,4251.552,foreground
S01_U04.CH4.wav,4251.552,4252.002,background
S01_U04.CH4.wav,4252.002,4286.512,foreground
S01_U04.CH4.wav,4286.512,4286.812,background
S01_U04.CH4.wav,4286.812,4289.523,foreground
S01_U04.CH4.wav,4289.523,4289.552,background
S01_U04.CH4.wav,4289.552,4289.602,foreground
S01_U04.CH4.wav,4289.602,4289.932,background
S01_U04.CH4.wav,4289.932,4289.953,foreground
S01_U04.CH4.wav,4289.953,4290.012,background
S01_U04.CH4.wav,4290.012,4297.162,foreground
S01_U04.CH4.wav,4297.162,4298.733,background
S01_U04.CH4.wav,4298.733,4300.972,foreground
S01_U04.CH4.wav,4300.972,4301.752,background
S01_U04.CH4.wav,4301.752,4307.443,foreground
S01_U04.CH4.wav,4307.443,4308.222,background
S01_U04.CH4.wav,4308.222,4314.432,foreground
S01_U04.CH4.wav,4314.432,4314.823,background
S01_U04.CH4.wav,4314.823,4323.252,foreground
S01_U04.CH4.wav,4323.252,4323.512,background
S01_U04.CH4.wav,4323.512,4327.462,foreground
S01_U04.CH4.wav,4327.462,4327.812,background
S01_U04.CH4.wav,4327.812,4327.912,foreground
S01_U04.CH4.wav,4327.912,4327.932,background
S01_U04.CH4.wav,4327.932,4330.352,foreground
S01_U04.CH4.wav,4330.352,4330.432,background
S01_U04.CH4.wav,4330.432,4341.212,foreground
S01_U04.CH4.wav,4341.212,4342.203,background
S01_U04.CH4.wav,4342.203,4346.312,foreground
S01_U04.CH4.wav,4346.312,4346.542,background
S01_U04.CH4.wav,4346.542,4346.552,foreground
S01_U04.CH4.wav,4346.552,4346.573,background
S01_U04.CH4.wav,4346.573,4347.162,foreground
S01_U04.CH4.wav,4347.162,4347.182,background
S01_U04.CH4.wav,4347.182,4354.502,foreground
S01_U04.CH4.wav,4354.502,4354.682,background
S01_U04.CH4.wav,4354.682,4357.542,foreground
S01_U04.CH4.wav,4357.542,4357.802,background
S01_U04.CH4.wav,4357.802,4366.602,foreground
S01_U04.CH4.wav,4366.602,4366.632,background
S01_U04.CH4.wav,4366.632,4366.642,foreground
S01_U04.CH4.wav,4366.642,4366.872,background
S01_U04.CH4.wav,4366.872,4369.453,foreground
S01_U04.CH4.wav,4369.453,4369.743,background
S01_U04.CH4.wav,4369.743,4370.193,foreground
S01_U04.CH4.wav,4370.193,4371.542,background
S01_U04.CH4.wav,4371.542,4388.943,foreground
S01_U04.CH4.wav,4388.943,4389.302,background
S01_U04.CH4.wav,4389.302,4391.672,foreground
S01_U04.CH4.wav,4391.672,4392.142,background
S01_U04.CH4.wav,4392.142,4397.243,foreground
S01_U04.CH4.wav,4397.243,4397.462,background
S01_U04.CH4.wav,4397.462,4397.903,foreground
S01_U04.CH4.wav,4397.903,4398.292,background
S01_U04.CH4.wav,4398.292,4400.453,foreground
S01_U04.CH4.wav,4400.453,4400.842,background
S01_U04.CH4.wav,4400.842,4406.783,foreground
S01_U04.CH4.wav,4406.783,4408.042,background
S01_U04.CH4.wav,4408.042,4409.993,foreground
S01_U04.CH4.wav,4409.993,4410.262,background
S01_U04.CH4.wav,4410.262,4411.002,foreground
S01_U04.CH4.wav,4411.002,4411.292,background
S01_U04.CH4.wav,4411.292,4411.722,foreground
S01_U04.CH4.wav,4411.722,4411.972,background
S01_U04.CH4.wav,4411.972,4412.273,foreground
S01_U04.CH4.wav,4412.273,4412.292,background
S01_U04.CH4.wav,4412.292,4412.312,foreground
S01_U04.CH4.wav,4412.312,4412.523,background
S01_U04.CH4.wav,4412.523,4419.073,foreground
S01_U04.CH4.wav,4419.073,4419.413,background
S01_U04.CH4.wav,4419.413,4420.863,foreground
S01_U04.CH4.wav,4420.863,4421.413,background
S01_U04.CH4.wav,4421.413,4436.262,foreground
S01_U04.CH4.wav,4436.262,4438.273,background
S01_U04.CH4.wav,4438.273,4441.252,foreground
S01_U04.CH4.wav,4441.252,4442.842,background
S01_U04.CH4.wav,4442.842,4449.733,foreground
S01_U04.CH4.wav,4449.733,4450.292,background
S01_U04.CH4.wav,4450.292,4450.462,foreground
S01_U04.CH4.wav,4450.462,4451.622,background
S01_U04.CH4.wav,4451.622,4456.632,foreground
S01_U04.CH4.wav,4456.632,4456.882,background
S01_U04.CH4.wav,4456.882,4462.783,foreground
S01_U04.CH4.wav,4462.783,4463.302,background
S01_U04.CH4.wav,4463.302,4467.323,foreground
S01_U04.CH4.wav,4467.323,4467.573,background
S01_U04.CH4.wav,4467.573,4472.342,foreground
S01_U04.CH4.wav,4472.342,4472.743,background
S01_U04.CH4.wav,4472.743,4478.932,foreground
S01_U04.CH4.wav,4478.932,4479.302,background
S01_U04.CH4.wav,4479.302,4483.472,foreground
S01_U04.CH4.wav,4483.472,4484.372,background
S01_U04.CH4.wav,4484.372,4485.733,foreground
S01_U04.CH4.wav,4485.733,4485.882,background
S01_U04.CH4.wav,4485.882,4485.892,foreground
S01_U04.CH4.wav,4485.892,4485.903,background
S01_U04.CH4.wav,4485.903,4485.953,foreground
S01_U04.CH4.wav,4485.953,4485.962,background
S01_U04.CH4.wav,4485.962,4486.392,foreground
S01_U04.CH4.wav,4486.392,4486.462,background
S01_U04.CH4.wav,4486.462,4486.472,foreground
S01_U04.CH4.wav,4486.472,4486.832,background
S01_U04.CH4.wav,4486.832,4504.372,foreground
S01_U04.CH4.wav,4504.372,4504.443,background
S01_U04.CH4.wav,4504.443,4505.222,foreground
S01_U04.CH4.wav,4505.222,4505.283,background
S01_U04.CH4.wav,4505.283,4523.352,foreground
S01_U04.CH4.wav,4523.352,4523.653,background
S01_U04.CH4.wav,4523.653,4567.222,foreground
S01_U04.CH4.wav,4567.222,4567.243,background
S01_U04.CH4.wav,4567.243,4567.302,foreground
S01_U04.CH4.wav,4567.302,4568.052,background
S01_U04.CH4.wav,4568.052,4571.323,foreground
S01_U04.CH4.wav,4571.323,4571.483,background
S01_U04.CH4.wav,4571.483,4575.443,foreground
S01_U04.CH4.wav,4575.443,4575.783,background
S01_U04.CH4.wav,4575.783,4576.073,foreground
S01_U04.CH4.wav,4576.073,4576.372,background
S01_U04.CH4.wav,4576.372,4577.493,foreground
S01_U04.CH4.wav,4577.493,4578.363,background
S01_U04.CH4.wav,4578.363,4580.182,foreground
S01_U04.CH4.wav,4580.182,4580.733,background
S01_U04.CH4.wav,4580.733,4581.182,foreground
S01_U04.CH4.wav,4581.182,4581.882,background
S01_U04.CH4.wav,4581.882,4583.842,foreground
S01_U04.CH4.wav,4583.842,4583.913,background
S01_U04.CH4.wav,4583.913,4584.052,foreground
S01_U04.CH4.wav,4584.052,4584.392,background
S01_U04.CH4.wav,4584.392,4590.443,foreground
S01_U04.CH4.wav,4590.443,4590.472,background
S01_U04.CH4.wav,4590.472,4590.523,foreground
S01_U04.CH4.wav,4590.523,4590.863,background
S01_U04.CH4.wav,4590.863,4613.363,foreground
S01_U04.CH4.wav,4613.363,4613.602,background
S01_U04.CH4.wav,4613.602,4613.642,foreground
S01_U04.CH4.wav,4613.642,4613.653,background
S01_U04.CH4.wav,4613.653,4622.953,foreground
S01_U04.CH4.wav,4622.953,4622.972,background
S01_U04.CH4.wav,4622.972,4623.092,foreground
S01_U04.CH4.wav,4623.092,4623.153,background
S01_U04.CH4.wav,4623.153,4623.163,foreground
S01_U04.CH4.wav,4623.163,4623.172,background
S01_U04.CH4.wav,4623.172,4623.182,foreground
S01_U04.CH4.wav,4623.182,4623.363,background
S01_U04.CH4.wav,4623.363,4623.392,foreground
S01_U04.CH4.wav,4623.392,4623.403,background
S01_U04.CH4.wav,4623.403,4632.453,foreground
S01_U04.CH4.wav,4632.453,4633.023,background
S01_U04.CH4.wav,4633.023,4633.332,foreground
S01_U04.CH4.wav,4633.332,4634.283,background
S01_U04.CH4.wav,4634.283,4634.693,foreground
S01_U04.CH4.wav,4634.693,4635.193,background
S01_U04.CH4.wav,4635.193,4665.332,foreground
S01_U04.CH4.wav,4665.332,4665.653,background
S01_U04.CH4.wav,4665.653,4678.752,foreground
S01_U04.CH4.wav,4678.752,4678.792,background
S01_U04.CH4.wav,4678.792,4678.892,foreground
S01_U04.CH4.wav,4678.892,4678.913,background
S01_U04.CH4.wav,4678.913,4678.932,foreground
S01_U04.CH4.wav,4678.932,4679.172,background
S01_U04.CH4.wav,4679.172,4685.613,foreground
S01_U04.CH4.wav,4685.613,4686.642,background
S01_U04.CH4.wav,4686.642,4686.842,foreground
S01_U04.CH4.wav,4686.842,4687.783,background
S01_U04.CH4.wav,4687.783,4704.573,foreground
S01_U04.CH4.wav,4704.573,4704.733,background
S01_U04.CH4.wav,4704.733,4706.722,foreground
S01_U04.CH4.wav,4706.722,4706.972,background
S01_U04.CH4.wav,4706.972,4707.493,foreground
S01_U04.CH4.wav,4707.493,4707.852,background
S01_U04.CH4.wav,4707.852,4708.182,foreground
S01_U04.CH4.wav,4708.182,4708.972,background
S01_U04.CH4.wav,4708.972,4709.642,foreground
S01_U04.CH4.wav,4709.642,4710.913,background
S01_U04.CH4.wav,4710.913,4711.262,foreground
S01_U04.CH4.wav,4711.262,4712.993,background
S01_U04.CH4.wav,4712.993,4713.542,foreground
S01_U04.CH4.wav,4713.542,4713.792,background
S01_U04.CH4.wav,4713.792,4715.592,foreground
S01_U04.CH4.wav,4715.592,4716.193,background
S01_U04.CH4.wav,4716.193,4718.332,foreground
S01_U04.CH4.wav,4718.332,4725.812,background
S01_U04.CH4.wav,4725.812,4738.122,foreground
S01_U04.CH4.wav,4738.122,4738.762,background
S01_U04.CH4.wav,4738.762,4744.472,foreground
S01_U04.CH4.wav,4744.472,4744.832,background
S01_U04.CH4.wav,4744.832,4750.392,foreground
S01_U04.CH4.wav,4750.392,4750.993,background
S01_U04.CH4.wav,4750.993,4752.142,foreground
S01_U04.CH4.wav,4752.142,4752.672,background
S01_U04.CH4.wav,4752.672,4753.212,foreground
S01_U04.CH4.wav,4753.212,4753.582,background
S01_U04.CH4.wav,4753.582,4753.592,foreground
S01_U04.CH4.wav,4753.592,4753.602,background
S01_U04.CH4.wav,4753.602,4754.002,foreground
S01_U04.CH4.wav,4754.002,4755.613,background
S01_U04.CH4.wav,4755.613,4755.812,foreground
S01_U04.CH4.wav,4755.812,4756.012,background
S01_U04.CH4.wav,4756.012,4757.453,foreground
S01_U04.CH4.wav,4757.453,4757.972,background
S01_U04.CH4.wav,4757.972,4758.842,foreground
S01_U04.CH4.wav,4758.842,4759.352,background
S01_U04.CH4.wav,4759.352,4759.903,foreground
S01_U04.CH4.wav,4759.903,4760.472,background
S01_U04.CH4.wav,4760.472,4760.993,foreground
S01_U04.CH4.wav,4760.993,4761.493,background
S01_U04.CH4.wav,4761.493,4761.542,foreground
S01_U04.CH4.wav,4761.542,4761.592,background
S01_U04.CH4.wav,4761.592,4761.913,foreground
S01_U04.CH4.wav,4761.913,4761.932,background
S01_U04.CH4.wav,4761.932,4761.943,foreground
S01_U04.CH4.wav,4761.943,4762.052,background
S01_U04.CH4.wav,4762.052,4762.712,foreground
S01_U04.CH4.wav,4762.712,4762.812,background
S01_U04.CH4.wav,4762.812,4762.823,foreground
S01_U04.CH4.wav,4762.823,4763.233,background
S01_U04.CH4.wav,4763.233,4765.222,foreground
S01_U04.CH4.wav,4765.222,4766.203,background
S01_U04.CH4.wav,4766.203,4766.252,foreground
S01_U04.CH4.wav,4766.252,4767.172,background
S01_U04.CH4.wav,4767.172,4767.252,foreground
S01_U04.CH4.wav,4767.252,4767.262,background
S01_U04.CH4.wav,4767.262,4767.323,foreground
S01_U04.CH4.wav,4767.323,4767.422,background
S01_U04.CH4.wav,4767.422,4767.432,foreground
S01_U04.CH4.wav,4767.432,4767.523,background
S01_U04.CH4.wav,4767.523,4768.323,foreground
S01_U04.CH4.wav,4768.323,4769.002,background
S01_U04.CH4.wav,4769.002,4774.602,foreground
S01_U04.CH4.wav,4774.602,4774.892,background
S01_U04.CH4.wav,4774.892,4777.172,foreground
S01_U04.CH4.wav,4777.172,4777.903,background
S01_U04.CH4.wav,4777.903,4778.953,foreground
S01_U04.CH4.wav,4778.953,4779.892,background
S01_U04.CH4.wav,4779.892,4781.363,foreground
S01_U04.CH4.wav,4781.363,4781.733,background
S01_U04.CH4.wav,4781.733,4787.462,foreground
S01_U04.CH4.wav,4787.462,4787.712,background
S01_U04.CH4.wav,4787.712,4807.283,foreground
S01_U04.CH4.wav,4807.283,4807.453,background
S01_U04.CH4.wav,4807.453,4834.172,foreground
S01_U04.CH4.wav,4834.172,4834.882,background
S01_U04.CH4.wav,4834.882,4841.832,foreground
S01_U04.CH4.wav,4841.832,4842.023,background
S01_U04.CH4.wav,4842.023,4842.573,foreground
S01_U04.CH4.wav,4842.573,4843.052,background
S01_U04.CH4.wav,4843.052,4847.512,foreground
S01_U04.CH4.wav,4847.512,4847.573,background
S01_U04.CH4.wav,4847.573,4848.472,foreground
S01_U04.CH4.wav,4848.472,4848.752,background
S01_U04.CH4.wav,4848.752,4851.102,foreground
S01_U04.CH4.wav,4851.102,4851.203,background
S01_U04.CH4.wav,4851.203,4851.422,foreground
S01_U04.CH4.wav,4851.422,4851.533,background
S01_U04.CH4.wav,4851.533,4883.733,foreground
S01_U04.CH4.wav,4883.733,4884.342,background
S01_U04.CH4.wav,4884.342,4889.792,foreground
S01_U04.CH4.wav,4889.792,4890.193,background
S01_U04.CH4.wav,4890.193,4905.243,foreground
S01_U04.CH4.wav,4905.243,4905.262,background
S01_U04.CH4.wav,4905.262,4920.562,foreground
S01_U04.CH4.wav,4920.562,4921.823,background
S01_U04.CH4.wav,4921.823,4922.302,foreground
S01_U04.CH4.wav,4922.302,4922.352,background
S01_U04.CH4.wav,4922.352,4923.172,foreground
S01_U04.CH4.wav,4923.172,4923.182,background
S01_U04.CH4.wav,4923.182,4923.193,foreground
S01_U04.CH4.wav,4923.193,4923.233,background
S01_U04.CH4.wav,4923.233,4924.042,foreground
S01_U04.CH4.wav,4924.042,4924.233,background
S01_U04.CH4.wav,4924.233,4924.262,foreground
S01_U04.CH4.wav,4924.262,4924.273,background
S01_U04.CH4.wav,4924.273,4925.082,foreground
S01_U04.CH4.wav,4925.082,4926.453,background
S01_U04.CH4.wav,4926.453,4934.082,foreground
S01_U04.CH4.wav,4934.082,4934.562,background
S01_U04.CH4.wav,4934.562,4935.252,foreground
S01_U04.CH4.wav,4935.252,4935.323,background
S01_U04.CH4.wav,4935.323,4950.983,foreground
S01_U04.CH4.wav,4950.983,4951.283,background
S01_U04.CH4.wav,4951.283,4952.913,foreground
S01_U04.CH4.wav,4952.913,4953.222,background
S01_U04.CH4.wav,4953.222,4953.243,foreground
S01_U04.CH4.wav,4953.243,4953.453,background
S01_U04.CH4.wav,4953.453,4953.602,foreground
S01_U04.CH4.wav,4953.602,4956.342,background
S01_U04.CH4.wav,4956.342,4957.632,foreground
S01_U04.CH4.wav,4957.632,4958.092,background
S01_U04.CH4.wav,4958.092,4966.812,foreground
S01_U04.CH4.wav,4966.812,4967.153,background
S01_U04.CH4.wav,4967.153,4969.292,foreground
S01_U04.CH4.wav,4969.292,4969.903,background
S01_U04.CH4.wav,4969.903,4978.832,foreground
S01_U04.CH4.wav,4978.832,4979.672,background
S01_U04.CH4.wav,4979.672,4983.323,foreground
S01_U04.CH4.wav,4983.323,4985.082,background
S01_U04.CH4.wav,4985.082,4987.943,foreground
S01_U04.CH4.wav,4987.943,4988.222,background
S01_U04.CH4.wav,4988.222,4988.792,foreground
S01_U04.CH4.wav,4988.792,4989.033,background
S01_U04.CH4.wav,4989.033,4991.122,foreground
S01_U04.CH4.wav,4991.122,4993.552,background
S01_U04.CH4.wav,4993.552,5008.342,foreground
S01_U04.CH4.wav,5008.342,5008.523,background
S01_U04.CH4.wav,5008.523,5008.932,foreground
S01_U04.CH4.wav,5008.932,5009.432,background
S01_U04.CH4.wav,5009.432,5036.562,foreground
S01_U04.CH4.wav,5036.562,5037.422,background
S01_U04.CH4.wav,5037.422,5063.252,foreground
S01_U04.CH4.wav,5063.252,5063.472,background
S01_U04.CH4.wav,5063.472,5070.453,foreground
S01_U04.CH4.wav,5070.453,5071.712,background
S01_U04.CH4.wav,5071.712,5072.033,foreground
S01_U04.CH4.wav,5072.033,5073.302,background
S01_U04.CH4.wav,5073.302,5073.663,foreground
S01_U04.CH4.wav,5073.663,5074.913,background
S01_U04.CH4.wav,5074.913,5075.512,foreground
S01_U04.CH4.wav,5075.512,5076.712,background
S01_U04.CH4.wav,5076.712,5088.602,foreground
S01_U04.CH4.wav,5088.602,5088.752,background
S01_U04.CH4.wav,5088.752,5094.903,foreground
S01_U04.CH4.wav,5094.903,5095.962,background
S01_U04.CH4.wav,5095.962,5096.073,foreground
S01_U04.CH4.wav,5096.073,5096.653,background
S01_U04.CH4.wav,5096.653,5099.222,foreground
S01_U04.CH4.wav,5099.222,5099.372,background
S01_U04.CH4.wav,5099.372,5100.502,foreground
S01_U04.CH4.wav,5100.502,5100.863,background
S01_U04.CH4.wav,5100.863,5116.632,foreground
S01_U04.CH4.wav,5116.632,5117.132,background
S01_U04.CH4.wav,5117.132,5118.292,foreground
S01_U04.CH4.wav,5118.292,5118.712,background
S01_U04.CH4.wav,5118.712,5130.122,foreground
S01_U04.CH4.wav,5130.122,5130.863,background
S01_U04.CH4.wav,5130.863,5195.913,foreground
S01_U04.CH4.wav,5195.913,5196.392,background
S01_U04.CH4.wav,5196.392,5234.212,foreground
S01_U04.CH4.wav,5234.212,5234.502,background
S01_U04.CH4.wav,5234.502,5251.073,foreground
S01_U04.CH4.wav,5251.073,5251.413,background
S01_U04.CH4.wav,5251.413,5280.573,foreground
S01_U04.CH4.wav,5280.573,5281.052,background
S01_U04.CH4.wav,5281.052,5311.163,foreground
S01_U04.CH4.wav,5311.163,5312.153,background
S01_U04.CH4.wav,5312.153,5342.323,foreground
S01_U04.CH4.wav,5342.323,5342.462,background
S01_U04.CH4.wav,5342.462,5376.062,foreground
S01_U04.CH4.wav,5376.062,5376.092,background
S01_U04.CH4.wav,5376.092,5383.222,foreground
S01_U04.CH4.wav,5383.222,5383.292,background
S01_U04.CH4.wav,5383.292,5404.832,foreground
S01_U04.CH4.wav,5404.832,5404.922,background
S01_U04.CH4.wav,5404.922,5411.233,foreground
S01_U04.CH4.wav,5411.233,5411.403,background
S01_U04.CH4.wav,5411.403,5502.052,foreground
S01_U04.CH4.wav,5502.052,5503.113,background
S01_U04.CH4.wav,5503.113,5512.193,foreground
S01_U04.CH4.wav,5512.193,5512.252,background
S01_U04.CH4.wav,5512.252,5512.363,foreground
S01_U04.CH4.wav,5512.363,5512.523,background
S01_U04.CH4.wav,5512.523,5542.882,foreground
S01_U04.CH4.wav,5542.882,5542.892,background
S01_U04.CH4.wav,5542.892,5543.023,foreground
S01_U04.CH4.wav,5543.023,5543.132,background
S01_U04.CH4.wav,5543.132,5586.672,foreground
S01_U04.CH4.wav,5586.672,5587.082,background
S01_U04.CH4.wav,5587.082,5599.573,foreground
S01_U04.CH4.wav,5599.573,5599.872,background
S01_U04.CH4.wav,5599.872,5613.653,foreground
S01_U04.CH4.wav,5613.653,5613.983,background
S01_U04.CH4.wav,5613.983,5614.502,foreground
S01_U04.CH4.wav,5614.502,5615.033,background
S01_U04.CH4.wav,5615.033,5641.972,foreground
S01_U04.CH4.wav,5641.972,5642.863,background
S01_U04.CH4.wav,5642.863,5664.212,foreground
S01_U04.CH4.wav,5664.212,5664.602,background
S01_U04.CH4.wav,5664.602,5664.613,foreground
S01_U04.CH4.wav,5664.613,5664.622,background
S01_U04.CH4.wav,5664.622,5664.663,foreground
S01_U04.CH4.wav,5664.663,5664.872,background
S01_U04.CH4.wav,5664.872,5665.062,foreground
S01_U04.CH4.wav,5665.062,5665.252,background
S01_U04.CH4.wav,5665.252,5665.773,foreground
S01_U04.CH4.wav,5665.773,5666.552,background
S01_U04.CH4.wav,5666.552,5667.332,foreground
S01_U04.CH4.wav,5667.332,5668.413,background
S01_U04.CH4.wav,5668.413,5669.222,foreground
S01_U04.CH4.wav,5669.222,5669.602,background
S01_U04.CH4.wav,5669.602,5670.823,foreground
S01_U04.CH4.wav,5670.823,5671.323,background
S01_U04.CH4.wav,5671.323,5673.903,foreground
S01_U04.CH4.wav,5673.903,5674.332,background
S01_U04.CH4.wav,5674.332,5676.653,foreground
S01_U04.CH4.wav,5676.653,5677.153,background
S01_U04.CH4.wav,5677.153,5677.472,foreground
S01_U04.CH4.wav,5677.472,5677.792,background
S01_U04.CH4.wav,5677.792,5684.182,foreground
S01_U04.CH4.wav,5684.182,5684.552,background
S01_U04.CH4.wav,5684.552,5684.562,foreground
S01_U04.CH4.wav,5684.562,5684.573,background
S01_U04.CH4.wav,5684.573,5705.122,foreground
S01_U04.CH4.wav,5705.122,5705.132,background
S01_U04.CH4.wav,5705.132,5712.243,foreground
S01_U04.CH4.wav,5712.243,5712.682,background
S01_U04.CH4.wav,5712.682,5726.663,foreground
S01_U04.CH4.wav,5726.663,5726.983,background
S01_U04.CH4.wav,5726.983,5729.122,foreground
S01_U04.CH4.wav,5729.122,5729.602,background
S01_U04.CH4.wav,5729.602,5732.382,foreground
S01_U04.CH4.wav,5732.382,5732.613,background
S01_U04.CH4.wav,5732.613,5760.283,foreground
S01_U04.CH4.wav,5760.283,5760.792,background
S01_U04.CH4.wav,5760.792,5761.312,foreground
S01_U04.CH4.wav,5761.312,5761.682,background
S01_U04.CH4.wav,5761.682,5762.222,foreground
S01_U04.CH4.wav,5762.222,5763.113,background
S01_U04.CH4.wav,5763.113,5763.462,foreground
S01_U04.CH4.wav,5763.462,5763.472,background
S01_U04.CH4.wav,5763.472,5763.582,foreground
S01_U04.CH4.wav,5763.582,5763.783,background
S01_U04.CH4.wav,5763.783,5763.802,foreground
S01_U04.CH4.wav,5763.802,5765.632,background
S01_U04.CH4.wav,5765.632,5766.493,foreground
S01_U04.CH4.wav,5766.493,5767.142,background
S01_U04.CH4.wav,5767.142,5767.163,foreground
S01_U04.CH4.wav,5767.163,5768.172,background
S01_U04.CH4.wav,5768.172,5769.352,foreground
S01_U04.CH4.wav,5769.352,5769.922,background
S01_U04.CH4.wav,5769.922,5770.392,foreground
S01_U04.CH4.wav,5770.392,5770.783,background
S01_U04.CH4.wav,5770.783,5772.892,foreground
S01_U04.CH4.wav,5772.892,5772.943,background
S01_U04.CH4.wav,5772.943,5773.042,foreground
S01_U04.CH4.wav,5773.042,5773.252,background
S01_U04.CH4.wav,5773.252,5773.792,foreground
S01_U04.CH4.wav,5773.792,5774.472,background
S01_U04.CH4.wav,5774.472,5777.573,foreground
S01_U04.CH4.wav,5777.573,5777.592,background
S01_U04.CH4.wav,5777.592,5777.602,foreground
S01_U04.CH4.wav,5777.602,5777.693,background
S01_U04.CH4.wav,5777.693,5778.142,foreground
S01_U04.CH4.wav,5778.142,5778.733,background
S01_U04.CH4.wav,5778.733,5781.632,foreground
S01_U04.CH4.wav,5781.632,5781.852,background
S01_U04.CH4.wav,5781.852,5781.962,foreground
S01_U04.CH4.wav,5781.962,5782.062,background
S01_U04.CH4.wav,5782.062,5782.592,foreground
S01_U04.CH4.wav,5782.592,5783.462,background
S01_U04.CH4.wav,5783.462,5784.352,foreground
S01_U04.CH4.wav,5784.352,5784.672,background
S01_U04.CH4.wav,5784.672,5786.132,foreground
S01_U04.CH4.wav,5786.132,5786.233,background
S01_U04.CH4.wav,5786.233,5786.972,foreground
S01_U04.CH4.wav,5786.972,5787.392,background
S01_U04.CH4.wav,5787.392,5788.892,foreground
S01_U04.CH4.wav,5788.892,5790.602,background
S01_U04.CH4.wav,5790.602,5790.663,foreground
S01_U04.CH4.wav,5790.663,5790.682,background
S01_U04.CH4.wav,5790.682,5791.413,foreground
S01_U04.CH4.wav,5791.413,5791.483,background
S01_U04.CH4.wav,5791.483,5791.512,foreground
S01_U04.CH4.wav,5791.512,5791.552,background
S01_U04.CH4.wav,5791.552,5793.092,foreground
S01_U04.CH4.wav,5793.092,5793.243,background
S01_U04.CH4.wav,5793.243,5793.312,foreground
S01_U04.CH4.wav,5793.312,5793.502,background
S01_U04.CH4.wav,5793.502,5796.882,foreground
S01_U04.CH4.wav,5796.882,5796.892,background
S01_U04.CH4.wav,5796.892,5796.903,foreground
S01_U04.CH4.wav,5796.903,5797.082,background
S01_U04.CH4.wav,5797.082,5797.712,foreground
S01_U04.CH4.wav,5797.712,5797.722,background
S01_U04.CH4.wav,5797.722,5797.743,foreground
S01_U04.CH4.wav,5797.743,5798.042,background
S01_U04.CH4.wav,5798.042,5798.163,foreground
S01_U04.CH4.wav,5798.163,5798.252,background
S01_U04.CH4.wav,5798.252,5798.773,foreground
S01_U04.CH4.wav,5798.773,5799.262,background
S01_U04.CH4.wav,5799.262,5799.403,foreground
S01_U04.CH4.wav,5799.403,5799.733,background
S01_U04.CH4.wav,5799.733,5800.222,foreground
S01_U04.CH4.wav,5800.222,5800.993,background
S01_U04.CH4.wav,5800.993,5801.622,foreground
S01_U04.CH4.wav,5801.622,5801.802,background
S01_U04.CH4.wav,5801.802,5801.832,foreground
S01_U04.CH4.wav,5801.832,5801.913,background
S01_U04.CH4.wav,5801.913,5801.922,foreground
S01_U04.CH4.wav,5801.922,5801.983,background
S01_U04.CH4.wav,5801.983,5802.012,foreground
S01_U04.CH4.wav,5802.012,5802.113,background
S01_U04.CH4.wav,5802.113,5805.082,foreground
S01_U04.CH4.wav,5805.082,5805.222,background
S01_U04.CH4.wav,5805.222,5806.023,foreground
S01_U04.CH4.wav,5806.023,5806.722,background
S01_U04.CH4.wav,5806.722,5806.783,foreground
S01_U04.CH4.wav,5806.783,5806.823,background
S01_U04.CH4.wav,5806.823,5807.403,foreground
S01_U04.CH4.wav,5807.403,5807.443,background
S01_U04.CH4.wav,5807.443,5808.243,foreground
S01_U04.CH4.wav,5808.243,5808.972,background
S01_U04.CH4.wav,5808.972,5810.642,foreground
S01_U04.CH4.wav,5810.642,5810.823,background
S01_U04.CH4.wav,5810.823,5810.832,foreground
S01_U04.CH4.wav,5810.832,5810.852,background
S01_U04.CH4.wav,5810.852,5811.382,foreground
S01_U04.CH4.wav,5811.382,5811.672,background
S01_U04.CH4.wav,5811.672,5812.153,foreground
S01_U04.CH4.wav,5812.153,5812.312,background
S01_U04.CH4.wav,5812.312,5812.323,foreground
S01_U04.CH4.wav,5812.323,5812.462,background
S01_U04.CH4.wav,5812.462,5812.703,foreground
S01_U04.CH4.wav,5812.703,5813.762,background
S01_U04.CH4.wav,5813.762,5814.403,foreground
S01_U04.CH4.wav,5814.403,5814.703,background
S01_U04.CH4.wav,5814.703,5816.002,foreground
S01_U04.CH4.wav,5816.002,5816.892,background
S01_U04.CH4.wav,5816.892,5816.983,foreground
S01_U04.CH4.wav,5816.983,5817.102,background
S01_U04.CH4.wav,5817.102,5818.092,foreground
S01_U04.CH4.wav,5818.092,5818.102,background
S01_U04.CH4.wav,5818.102,5818.203,foreground
S01_U04.CH4.wav,5818.203,5818.533,background
S01_U04.CH4.wav,5818.533,5819.002,foreground
S01_U04.CH4.wav,5819.002,5820.023,background
S01_U04.CH4.wav,5820.023,5820.802,foreground
S01_U04.CH4.wav,5820.802,5821.352,background
S01_U04.CH4.wav,5821.352,5822.012,foreground
S01_U04.CH4.wav,5822.012,5822.233,background
S01_U04.CH4.wav,5822.233,5822.312,foreground
S01_U04.CH4.wav,5822.312,5822.352,background
S01_U04.CH4.wav,5822.352,5824.153,foreground
S01_U04.CH4.wav,5824.153,5825.172,background
S01_U04.CH4.wav,5825.172,5825.273,foreground
S01_U04.CH4.wav,5825.273,5825.283,background
S01_U04.CH4.wav,5825.283,5825.342,foreground
S01_U04.CH4.wav,5825.342,5825.372,background
S01_U04.CH4.wav,5825.372,5826.193,foreground
S01_U04.CH4.wav,5826.193,5826.832,background
S01_U04.CH4.wav,5826.832,5828.042,foreground
S01_U04.CH4.wav,5828.042,5828.413,background
S01_U04.CH4.wav,5828.413,5829.033,foreground
S01_U04.CH4.wav,5829.033,5829.273,background
S01_U04.CH4.wav,5829.273,5833.622,foreground
S01_U04.CH4.wav,5833.622,5833.983,background
S01_U04.CH4.wav,5833.983,5834.752,foreground
S01_U04.CH4.wav,5834.752,5834.773,background
S01_U04.CH4.wav,5834.773,5836.222,foreground
S01_U04.CH4.wav,5836.222,5837.573,background
S01_U04.CH4.wav,5837.573,5838.283,foreground
S01_U04.CH4.wav,5838.283,5838.712,background
S01_U04.CH4.wav,5838.712,5839.233,foreground
S01_U04.CH4.wav,5839.233,5842.703,background
S01_U04.CH4.wav,5842.703,5845.193,foreground
S01_U04.CH4.wav,5845.193,5845.432,background
S01_U04.CH4.wav,5845.432,5845.453,foreground
S01_U04.CH4.wav,5845.453,5845.493,background
S01_U04.CH4.wav,5845.493,5846.672,foreground
S01_U04.CH4.wav,5846.672,5847.182,background
S01_U04.CH4.wav,5847.182,5847.392,foreground
S01_U04.CH4.wav,5847.392,5847.413,background
S01_U04.CH4.wav,5847.413,5847.432,foreground
S01_U04.CH4.wav,5847.432,5848.523,background
S01_U04.CH4.wav,5848.523,5849.262,foreground
S01_U04.CH4.wav,5849.262,5849.823,background
S01_U04.CH4.wav,5849.823,5851.403,foreground
S01_U04.CH4.wav,5851.403,5851.443,background
S01_U04.CH4.wav,5851.443,5854.462,foreground
S01_U04.CH4.wav,5854.462,5854.573,background
S01_U04.CH4.wav,5854.573,5855.273,foreground
S01_U04.CH4.wav,5855.273,5855.312,background
S01_U04.CH4.wav,5855.312,5857.212,foreground
S01_U04.CH4.wav,5857.212,5857.773,background
S01_U04.CH4.wav,5857.773,5858.172,foreground
S01_U04.CH4.wav,5858.172,5858.203,background
S01_U04.CH4.wav,5858.203,5859.033,foreground
S01_U04.CH4.wav,5859.033,5859.352,background
S01_U04.CH4.wav,5859.352,5860.113,foreground
S01_U04.CH4.wav,5860.113,5860.802,background
S01_U04.CH4.wav,5860.802,5861.262,foreground
S01_U04.CH4.wav,5861.262,5861.863,background
S01_U04.CH4.wav,5861.863,5869.292,foreground
S01_U04.CH4.wav,5869.292,5869.962,background
S01_U04.CH4.wav,5869.962,5870.703,foreground
S01_U04.CH4.wav,5870.703,5870.733,background
S01_U04.CH4.wav,5870.733,5870.752,foreground
S01_U04.CH4.wav,5870.752,5870.783,background
S01_U04.CH4.wav,5870.783,5870.823,foreground
S01_U04.CH4.wav,5870.823,5871.953,background
S01_U04.CH4.wav,5871.953,5874.693,foreground
S01_U04.CH4.wav,5874.693,5874.812,background
S01_U04.CH4.wav,5874.812,5875.972,foreground
S01_U04.CH4.wav,5875.972,5876.752,background
S01_U04.CH4.wav,5876.752,5880.932,foreground
S01_U04.CH4.wav,5880.932,5881.602,background
S01_U04.CH4.wav,5881.602,5883.012,foreground
S01_U04.CH4.wav,5883.012,5883.533,background
S01_U04.CH4.wav,5883.533,5885.493,foreground
S01_U04.CH4.wav,5885.493,5885.892,background
S01_U04.CH4.wav,5885.892,5887.443,foreground
S01_U04.CH4.wav,5887.443,5887.453,background
S01_U04.CH4.wav,5887.453,5887.462,foreground
S01_U04.CH4.wav,5887.462,5887.903,background
S01_U04.CH4.wav,5887.903,5889.493,foreground
S01_U04.CH4.wav,5889.493,5889.562,background
S01_U04.CH4.wav,5889.562,5890.142,foreground
S01_U04.CH4.wav,5890.142,5895.762,background
S01_U04.CH4.wav,5895.762,5896.023,foreground
S01_U04.CH4.wav,5896.023,5896.672,background
S01_U04.CH4.wav,5896.672,5897.212,foreground
S01_U04.CH4.wav,5897.212,5897.252,background
S01_U04.CH4.wav,5897.252,5897.302,foreground
S01_U04.CH4.wav,5897.302,5897.512,background
S01_U04.CH4.wav,5897.512,5898.002,foreground
S01_U04.CH4.wav,5898.002,5899.493,background
S01_U04.CH4.wav,5899.493,5899.512,foreground
S01_U04.CH4.wav,5899.512,5899.542,background
S01_U04.CH4.wav,5899.542,5900.392,foreground
S01_U04.CH4.wav,5900.392,5900.922,background
S01_U04.CH4.wav,5900.922,5901.432,foreground
S01_U04.CH4.wav,5901.432,5901.602,background
S01_U04.CH4.wav,5901.602,5901.622,foreground
S01_U04.CH4.wav,5901.622,5901.762,background
S01_U04.CH4.wav,5901.762,5901.802,foreground
S01_U04.CH4.wav,5901.802,5901.842,background
S01_U04.CH4.wav,5901.842,5901.872,foreground
S01_U04.CH4.wav,5901.872,5901.882,background
S01_U04.CH4.wav,5901.882,5902.262,foreground
S01_U04.CH4.wav,5902.262,5902.312,background
S01_U04.CH4.wav,5902.312,5903.062,foreground
S01_U04.CH4.wav,5903.062,5903.092,background
S01_U04.CH4.wav,5903.092,5903.962,foreground
S01_U04.CH4.wav,5903.962,5904.792,background
S01_U04.CH4.wav,5904.792,5906.752,foreground
S01_U04.CH4.wav,5906.752,5907.283,background
S01_U04.CH4.wav,5907.283,5908.042,foreground
S01_U04.CH4.wav,5908.042,5908.392,background
S01_U04.CH4.wav,5908.392,5908.802,foreground
S01_U04.CH4.wav,5908.802,5909.453,background
S01_U04.CH4.wav,5909.453,5911.892,foreground
S01_U04.CH4.wav,5911.892,5915.852,background
S01_U04.CH4.wav,5915.852,5917.733,foreground
S01_U04.CH4.wav,5917.733,5917.872,background
S01_U04.CH4.wav,5917.872,5917.882,foreground
S01_U04.CH4.wav,5917.882,5917.913,background
S01_U04.CH4.wav,5917.913,5918.403,foreground
S01_U04.CH4.wav,5918.403,5918.653,background
S01_U04.CH4.wav,5918.653,5919.773,foreground
S01_U04.CH4.wav,5919.773,5921.672,background
S01_U04.CH4.wav,5921.672,5921.682,foreground
S01_U04.CH4.wav,5921.682,5921.693,background
S01_U04.CH4.wav,5921.693,5926.552,foreground
S01_U04.CH4.wav,5926.552,5926.712,background
S01_U04.CH4.wav,5926.712,5928.122,foreground
S01_U04.CH4.wav,5928.122,5928.172,background
S01_U04.CH4.wav,5928.172,5928.972,foreground
S01_U04.CH4.wav,5928.972,5929.783,background
S01_U04.CH4.wav,5929.783,5930.352,foreground
S01_U04.CH4.wav,5930.352,5931.002,background
S01_U04.CH4.wav,5931.002,5931.073,foreground
S01_U04.CH4.wav,5931.073,5931.082,background
S01_U04.CH4.wav,5931.082,5932.483,foreground
S01_U04.CH4.wav,5932.483,5932.523,background
S01_U04.CH4.wav,5932.523,5932.592,foreground
S01_U04.CH4.wav,5932.592,5932.672,background
S01_U04.CH4.wav,5932.672,5933.392,foreground
S01_U04.CH4.wav,5933.392,5934.142,background
S01_U04.CH4.wav,5934.142,5935.062,foreground
S01_U04.CH4.wav,5935.062,5935.602,background
S01_U04.CH4.wav,5935.602,5936.632,foreground
S01_U04.CH4.wav,5936.632,5937.792,background
S01_U04.CH4.wav,5937.792,5938.262,foreground
S01_U04.CH4.wav,5938.262,5938.832,background
S01_U04.CH4.wav,5938.832,5939.432,foreground
S01_U04.CH4.wav,5939.432,5939.493,background
S01_U04.CH4.wav,5939.493,5939.552,foreground
S01_U04.CH4.wav,5939.552,5941.352,background
S01_U04.CH4.wav,5941.352,5941.712,foreground
S01_U04.CH4.wav,5941.712,5943.752,background
S01_U04.CH4.wav,5943.752,5944.212,foreground
S01_U04.CH4.wav,5944.212,5944.453,background
S01_U04.CH4.wav,5944.453,5944.953,foreground
S01_U04.CH4.wav,5944.953,5945.142,background
S01_U04.CH4.wav,5945.142,5945.783,foreground
S01_U04.CH4.wav,5945.783,5945.962,background
S01_U04.CH4.wav,5945.962,5946.132,foreground
S01_U04.CH4.wav,5946.132,5946.983,background
S01_U04.CH4.wav,5946.983,5948.863,foreground
S01_U04.CH4.wav,5948.863,5950.512,background
S01_U04.CH4.wav,5950.512,5951.252,foreground
S01_U04.CH4.wav,5951.252,5953.212,background
S01_U04.CH4.wav,5953.212,5953.352,foreground
S01_U04.CH4.wav,5953.352,5953.773,background
S01_U04.CH4.wav,5953.773,5953.812,foreground
S01_U04.CH4.wav,5953.812,5954.443,background
S01_U04.CH4.wav,5954.443,5954.703,foreground
S01_U04.CH4.wav,5954.703,5957.562,background
S01_U04.CH4.wav,5957.562,5959.042,foreground
S01_U04.CH4.wav,5959.042,5960.153,background
S01_U04.CH4.wav,5960.153,5960.983,foreground
S01_U04.CH4.wav,5960.983,5961.163,background
S01_U04.CH4.wav,5961.163,5962.073,foreground
S01_U04.CH4.wav,5962.073,5962.422,background
S01_U04.CH4.wav,5962.422,5962.432,foreground
S01_U04.CH4.wav,5962.432,5962.443,background
S01_U04.CH4.wav,5962.443,5962.483,foreground
S01_U04.CH4.wav,5962.483,5962.592,background
S01_U04.CH4.wav,5962.592,5964.613,foreground
S01_U04.CH4.wav,5964.613,5964.993,background
S01_U04.CH4.wav,5964.993,5968.163,foreground
S01_U04.CH4.wav,5968.163,5968.243,background
S01_U04.CH4.wav,5968.243,5969.722,foreground
S01_U04.CH4.wav,5969.722,5970.733,background
S01_U04.CH4.wav,5970.733,5971.262,foreground
S01_U04.CH4.wav,5971.262,5972.932,background
S01_U04.CH4.wav,5972.932,5973.193,foreground
S01_U04.CH4.wav,5973.193,5973.512,background
S01_U04.CH4.wav,5973.512,5974.052,foreground
S01_U04.CH4.wav,5974.052,5974.722,background
S01_U04.CH4.wav,5974.722,5975.142,foreground
S01_U04.CH4.wav,5975.142,5976.092,background
S01_U04.CH4.wav,5976.092,5976.193,foreground
S01_U04.CH4.wav,5976.193,5980.722,background
S01_U04.CH4.wav,5980.722,5981.443,foreground
S01_U04.CH4.wav,5981.443,5981.663,background
S01_U04.CH4.wav,5981.663,5982.273,foreground
S01_U04.CH4.wav,5982.273,5982.413,background
S01_U04.CH4.wav,5982.413,5982.892,foreground
S01_U04.CH4.wav,5982.892,5984.332,background
S01_U04.CH4.wav,5984.332,5984.653,foreground
S01_U04.CH4.wav,5984.653,5985.002,background
S01_U04.CH4.wav,5985.002,5985.033,foreground
S01_U04.CH4.wav,5985.033,5985.082,background
S01_U04.CH4.wav,5985.082,5986.663,foreground
S01_U04.CH4.wav,5986.663,5986.932,background
S01_U04.CH4.wav,5986.932,5986.972,foreground
S01_U04.CH4.wav,5986.972,5987.113,background
S01_U04.CH4.wav,5987.113,5988.743,foreground
S01_U04.CH4.wav,5988.743,5991.453,background
S01_U04.CH4.wav,5991.453,5991.472,foreground
S01_U04.CH4.wav,5991.472,5992.722,background
S01_U04.CH4.wav,5992.722,5993.602,foreground
S01_U04.CH4.wav,5993.602,5995.733,background
S01_U04.CH4.wav,5995.733,5995.863,foreground
S01_U04.CH4.wav,5995.863,6000.743,background
S01_U04.CH4.wav,6000.743,6001.432,foreground
S01_U04.CH4.wav,6001.432,6004.493,background
S01_U04.CH4.wav,6004.493,6005.012,foreground
S01_U04.CH4.wav,6005.012,6007.453,background
S01_U04.CH4.wav,6007.453,6007.462,foreground
S01_U04.CH4.wav,6007.462,6011.443,background
S01_U04.CH4.wav,6011.443,6011.602,foreground
S01_U04.CH4.wav,6011.602,6012.142,background
S01_U04.CH4.wav,6012.142,6013.023,foreground
S01_U04.CH4.wav,6013.023,6013.422,background
S01_U04.CH4.wav,6013.422,6013.693,foreground
S01_U04.CH4.wav,6013.693,6014.743,background
S01_U04.CH4.wav,6014.743,6015.252,foreground
S01_U04.CH4.wav,6015.252,6017.182,background
S01_U04.CH4.wav,6017.182,6017.602,foreground
S01_U04.CH4.wav,6017.602,6017.983,background
S01_U04.CH4.wav,6017.983,6018.283,foreground
S01_U04.CH4.wav,6018.283,6018.302,background
S01_U04.CH4.wav,6018.302,6018.523,foreground
S01_U04.CH4.wav,6018.523,6019.243,background
S01_U04.CH4.wav,6019.243,6019.672,foreground
S01_U04.CH4.wav,6019.672,6020.153,background
S01_U04.CH4.wav,6020.153,6021.073,foreground
S01_U04.CH4.wav,6021.073,6021.443,background
S01_U04.CH4.wav,6021.443,6021.613,foreground
S01_U04.CH4.wav,6021.613,6021.682,background
S01_U04.CH4.wav,6021.682,6022.323,foreground
S01_U04.CH4.wav,6022.323,6022.443,background
S01_U04.CH4.wav,6022.443,6022.722,foreground
S01_U04.CH4.wav,6022.722,6022.752,background
S01_U04.CH4.wav,6022.752,6023.682,foreground
S01_U04.CH4.wav,6023.682,6027.233,background
S01_U04.CH4.wav,6027.233,6028.842,foreground
S01_U04.CH4.wav,6028.842,6028.932,background
S01_U04.CH4.wav,6028.932,6029.632,foreground
S01_U04.CH4.wav,6029.632,6031.243,background
S01_U04.CH4.wav,6031.243,6032.042,foreground
S01_U04.CH4.wav,6032.042,6032.453,background
S01_U04.CH4.wav,6032.453,6032.472,foreground
S01_U04.CH4.wav,6032.472,6032.493,background
S01_U04.CH4.wav,6032.493,6032.802,foreground
S01_U04.CH4.wav,6032.802,6033.372,background
S01_U04.CH4.wav,6033.372,6035.222,foreground
S01_U04.CH4.wav,6035.222,6036.622,background
S01_U04.CH4.wav,6036.622,6037.542,foreground
S01_U04.CH4.wav,6037.542,6037.983,background
S01_U04.CH4.wav,6037.983,6038.073,foreground
S01_U04.CH4.wav,6038.073,6038.212,background
S01_U04.CH4.wav,6038.212,6038.292,foreground
S01_U04.CH4.wav,6038.292,6038.302,background
S01_U04.CH4.wav,6038.302,6038.392,foreground
S01_U04.CH4.wav,6038.392,6038.403,background
S01_U04.CH4.wav,6038.403,6038.512,foreground
S01_U04.CH4.wav,6038.512,6038.523,background
S01_U04.CH4.wav,6038.523,6038.552,foreground
S01_U04.CH4.wav,6038.552,6038.562,background
S01_U04.CH4.wav,6038.562,6038.962,foreground
S01_U04.CH4.wav,6038.962,6039.312,background
S01_U04.CH4.wav,6039.312,6039.323,foreground
S01_U04.CH4.wav,6039.323,6039.332,background
S01_U04.CH4.wav,6039.332,6039.352,foreground
S01_U04.CH4.wav,6039.352,6039.523,background
S01_U04.CH4.wav,6039.523,6039.712,foreground
S01_U04.CH4.wav,6039.712,6040.743,background
S01_U04.CH4.wav,6040.743,6040.823,foreground
S01_U04.CH4.wav,6040.823,6040.882,background
S01_U04.CH4.wav,6040.882,6040.913,foreground
S01_U04.CH4.wav,6040.913,6040.932,background
S01_U04.CH4.wav,6040.932,6041.042,foreground
S01_U04.CH4.wav,6041.042,6043.962,background
S01_U04.CH4.wav,6043.962,6044.233,foreground
S01_U04.CH4.wav,6044.233,6045.722,background
S01_U04.CH4.wav,6045.722,6045.842,foreground
S01_U04.CH4.wav,6045.842,6046.323,background
S01_U04.CH4.wav,6046.323,6046.653,foreground
S01_U04.CH4.wav,6046.653,6050.502,background
S01_U04.CH4.wav,6050.502,6051.002,foreground
S01_U04.CH4.wav,6051.002,6051.993,background
S01_U04.CH4.wav,6051.993,6053.573,foreground
S01_U04.CH4.wav,6053.573,6053.972,background
S01_U04.CH4.wav,6053.972,6058.502,foreground
S01_U04.CH4.wav,6058.502,6058.943,background
S01_U04.CH4.wav,6058.943,6061.422,foreground
S01_U04.CH4.wav,6061.422,6061.712,background
S01_U04.CH4.wav,6061.712,6063.033,foreground
S01_U04.CH4.wav,6063.033,6063.542,background
S01_U04.CH4.wav,6063.542,6064.102,foreground
S01_U04.CH4.wav,6064.102,6065.783,background
S01_U04.CH4.wav,6065.783,6066.033,foreground
S01_U04.CH4.wav,6066.033,6066.613,background
S01_U04.CH4.wav,6066.613,6067.182,foreground
S01_U04.CH4.wav,6067.182,6067.792,background
S01_U04.CH4.wav,6067.792,6069.672,foreground
S01_U04.CH4.wav,6069.672,6070.023,background
S01_U04.CH4.wav,6070.023,6072.622,foreground
S01_U04.CH4.wav,6072.622,6072.733,background
S01_U04.CH4.wav,6072.733,6072.832,foreground
S01_U04.CH4.wav,6072.832,6072.993,background
S01_U04.CH4.wav,6072.993,6073.722,foreground
S01_U04.CH4.wav,6073.722,6073.832,background
S01_U04.CH4.wav,6073.832,6075.663,foreground
S01_U04.CH4.wav,6075.663,6075.733,background
S01_U04.CH4.wav,6075.733,6076.562,foreground
S01_U04.CH4.wav,6076.562,6076.632,background
S01_U04.CH4.wav,6076.632,6077.262,foreground
S01_U04.CH4.wav,6077.262,6077.363,background
S01_U04.CH4.wav,6077.363,6077.493,foreground
S01_U04.CH4.wav,6077.493,6078.182,background
S01_U04.CH4.wav,6078.182,6078.773,foreground
S01_U04.CH4.wav,6078.773,6080.443,background
S01_U04.CH4.wav,6080.443,6081.033,foreground
S01_U04.CH4.wav,6081.033,6081.943,background
S01_U04.CH4.wav,6081.943,6082.422,foreground
S01_U04.CH4.wav,6082.422,6083.602,background
S01_U04.CH4.wav,6083.602,6085.363,foreground
S01_U04.CH4.wav,6085.363,6085.863,background
S01_U04.CH4.wav,6085.863,6086.332,foreground
S01_U04.CH4.wav,6086.332,6086.653,background
S01_U04.CH4.wav,6086.653,6086.962,foreground
S01_U04.CH4.wav,6086.962,6088.993,background
S01_U04.CH4.wav,6088.993,6089.892,foreground
S01_U04.CH4.wav,6089.892,6090.542,background
S01_U04.CH4.wav,6090.542,6091.403,foreground
S01_U04.CH4.wav,6091.403,6091.882,background
S01_U04.CH4.wav,6091.882,6097.252,foreground
S01_U04.CH4.wav,6097.252,6098.943,background
S01_U04.CH4.wav,6098.943,6099.613,foreground
S01_U04.CH4.wav,6099.613,6100.413,background
S01_U04.CH4.wav,6100.413,6100.493,foreground
S01_U04.CH4.wav,6100.493,6100.962,background
S01_U04.CH4.wav,6100.962,6104.352,foreground
S01_U04.CH4.wav,6104.352,6106.743,background
S01_U04.CH4.wav,6106.743,6107.632,foreground
S01_U04.CH4.wav,6107.632,6110.102,background
S01_U04.CH4.wav,6110.102,6110.132,foreground
S01_U04.CH4.wav,6110.132,6110.382,background
S01_U04.CH4.wav,6110.382,6110.872,foreground
S01_U04.CH4.wav,6110.872,6111.163,background
S01_U04.CH4.wav,6111.163,6111.552,foreground
S01_U04.CH4.wav,6111.552,6112.363,background
S01_U04.CH4.wav,6112.363,6112.552,foreground
S01_U04.CH4.wav,6112.552,6114.252,background
S01_U04.CH4.wav,6114.252,6114.783,foreground
S01_U04.CH4.wav,6114.783,6117.102,background
S01_U04.CH4.wav,6117.102,6117.172,foreground
S01_U04.CH4.wav,6117.172,6117.243,background
S01_U04.CH4.wav,6117.243,6117.493,foreground
S01_U04.CH4.wav,6117.493,6119.292,background
S01_U04.CH4.wav,6119.292,6119.573,foreground
S01_U04.CH4.wav,6119.573,6120.743,background
S01_U04.CH4.wav,6120.743,6122.542,foreground
S01_U04.CH4.wav,6122.542,6122.733,background
S01_U04.CH4.wav,6122.733,6122.943,foreground
S01_U04.CH4.wav,6122.943,6123.323,background
S01_U04.CH4.wav,6123.323,6124.092,foreground
S01_U04.CH4.wav,6124.092,6126.182,background
S01_U04.CH4.wav,6126.182,6127.363,foreground
S01_U04.CH4.wav,6127.363,6127.802,background
S01_U04.CH4.wav,6127.802,6129.052,foreground
S01_U04.CH4.wav,6129.052,6130.132,background
S01_U04.CH4.wav,6130.132,6130.882,foreground
S01_U04.CH4.wav,6130.882,6132.863,background
S01_U04.CH4.wav,6132.863,6133.403,foreground
S01_U04.CH4.wav,6133.403,6133.592,background
S01_U04.CH4.wav,6133.592,6134.212,foreground
S01_U04.CH4.wav,6134.212,6136.283,background
S01_U04.CH4.wav,6136.283,6136.993,foreground
S01_U04.CH4.wav,6136.993,6139.052,background
S01_U04.CH4.wav,6139.052,6139.153,foreground
S01_U04.CH4.wav,6139.153,6139.163,background
S01_U04.CH4.wav,6139.163,6141.363,foreground
S01_U04.CH4.wav,6141.363,6141.653,background
S01_U04.CH4.wav,6141.653,6144.913,foreground
S01_U04.CH4.wav,6144.913,6145.262,background
S01_U04.CH4.wav,6145.262,6147.123,foreground
S01_U04.CH4.wav,6147.123,6147.373,background
S01_U04.CH4.wav,6147.373,6148.722,foreground
S01_U04.CH4.wav,6148.722,6149.972,background
S01_U04.CH4.wav,6149.972,6152.062,foreground
S01_U04.CH4.wav,6152.062,6152.832,background
S01_U04.CH4.wav,6152.832,6153.363,foreground
S01_U04.CH4.wav,6153.363,6154.012,background
S01_U04.CH4.wav,6154.012,6155.892,foreground
S01_U04.CH4.wav,6155.892,6156.273,background
S01_U04.CH4.wav,6156.273,6156.733,foreground
S01_U04.CH4.wav,6156.733,6157.042,background
S01_U04.CH4.wav,6157.042,6159.172,foreground
S01_U04.CH4.wav,6159.172,6160.922,background
S01_U04.CH4.wav,6160.922,6162.443,foreground
S01_U04.CH4.wav,6162.443,6162.842,background
S01_U04.CH4.wav,6162.842,6163.752,foreground
S01_U04.CH4.wav,6163.752,6166.802,background
S01_U04.CH4.wav,6166.802,6169.542,foreground
S01_U04.CH4.wav,6169.542,6170.102,background
S01_U04.CH4.wav,6170.102,6172.453,foreground
S01_U04.CH4.wav,6172.453,6172.552,background
S01_U04.CH4.wav,6172.552,6180.752,foreground
S01_U04.CH4.wav,6180.752,6181.292,background
S01_U04.CH4.wav,6181.292,6182.472,foreground
S01_U04.CH4.wav,6182.472,6182.653,background
S01_U04.CH4.wav,6182.653,6182.743,foreground
S01_U04.CH4.wav,6182.743,6182.962,background
S01_U04.CH4.wav,6182.962,6183.613,foreground
S01_U04.CH4.wav,6183.613,6184.153,background
S01_U04.CH4.wav,6184.153,6188.203,foreground
S01_U04.CH4.wav,6188.203,6188.582,background
S01_U04.CH4.wav,6188.582,6190.632,foreground
S01_U04.CH4.wav,6190.632,6190.882,background
S01_U04.CH4.wav,6190.882,6191.752,foreground
S01_U04.CH4.wav,6191.752,6192.113,background
S01_U04.CH4.wav,6192.113,6192.403,foreground
S01_U04.CH4.wav,6192.403,6193.052,background
S01_U04.CH4.wav,6193.052,6193.073,foreground
S01_U04.CH4.wav,6193.073,6193.172,background
S01_U04.CH4.wav,6193.172,6193.193,foreground
S01_U04.CH4.wav,6193.193,6193.203,background
S01_U04.CH4.wav,6193.203,6193.252,foreground
S01_U04.CH4.wav,6193.252,6193.363,background
S01_U04.CH4.wav,6193.363,6194.623,foreground
S01_U04.CH4.wav,6194.623,6195.033,background
S01_U04.CH4.wav,6195.033,6195.653,foreground
S01_U04.CH4.wav,6195.653,6196.302,background
S01_U04.CH4.wav,6196.302,6196.682,foreground
S01_U04.CH4.wav,6196.682,6197.502,background
S01_U04.CH4.wav,6197.502,6197.512,foreground
S01_U04.CH4.wav,6197.512,6197.573,background
S01_U04.CH4.wav,6197.573,6197.892,foreground
S01_U04.CH4.wav,6197.892,6198.163,background
S01_U04.CH4.wav,6198.163,6198.592,foreground
S01_U04.CH4.wav,6198.592,6199.163,background
S01_U04.CH4.wav,6199.163,6199.573,foreground
S01_U04.CH4.wav,6199.573,6199.792,background
S01_U04.CH4.wav,6199.792,6200.462,foreground
S01_U04.CH4.wav,6200.462,6202.012,background
S01_U04.CH4.wav,6202.012,6202.023,foreground
S01_U04.CH4.wav,6202.023,6202.082,background
S01_U04.CH4.wav,6202.082,6202.092,foreground
S01_U04.CH4.wav,6202.092,6202.113,background
S01_U04.CH4.wav,6202.113,6202.132,foreground
S01_U04.CH4.wav,6202.132,6202.302,background
S01_U04.CH4.wav,6202.302,6203.882,foreground
S01_U04.CH4.wav,6203.882,6204.052,background
S01_U04.CH4.wav,6204.052,6204.092,foreground
S01_U04.CH4.wav,6204.092,6204.102,background
S01_U04.CH4.wav,6204.102,6204.222,foreground
S01_U04.CH4.wav,6204.222,6205.132,background
S01_U04.CH4.wav,6205.132,6205.342,foreground
S01_U04.CH4.wav,6205.342,6205.363,background
S01_U04.CH4.wav,6205.363,6205.432,foreground
S01_U04.CH4.wav,6205.432,6205.812,background
S01_U04.CH4.wav,6205.812,6206.703,foreground
S01_U04.CH4.wav,6206.703,6207.533,background
S01_U04.CH4.wav,6207.533,6210.252,foreground
S01_U04.CH4.wav,6210.252,6212.312,background
S01_U04.CH4.wav,6212.312,6213.113,foreground
S01_U04.CH4.wav,6213.113,6213.123,background
S01_U04.CH4.wav,6213.123,6213.142,foreground
S01_U04.CH4.wav,6213.142,6214.002,background
S01_U04.CH4.wav,6214.002,6214.042,foreground
S01_U04.CH4.wav,6214.042,6214.062,background
S01_U04.CH4.wav,6214.062,6214.102,foreground
S01_U04.CH4.wav,6214.102,6214.602,background
S01_U04.CH4.wav,6214.602,6215.222,foreground
S01_U04.CH4.wav,6215.222,6215.283,background
S01_U04.CH4.wav,6215.283,6234.913,foreground
S01_U04.CH4.wav,6234.913,6235.172,background
S01_U04.CH4.wav,6235.172,6239.483,foreground
S01_U04.CH4.wav,6239.483,6239.913,background
S01_U04.CH4.wav,6239.913,6239.922,foreground
S01_U04.CH4.wav,6239.922,6239.943,background
S01_U04.CH4.wav,6239.943,6240.672,foreground
S01_U04.CH4.wav,6240.672,6241.132,background
S01_U04.CH4.wav,6241.132,6248.172,foreground
S01_U04.CH4.wav,6248.172,6248.403,background
S01_U04.CH4.wav,6248.403,6250.252,foreground
S01_U04.CH4.wav,6250.252,6250.703,background
S01_U04.CH4.wav,6250.703,6250.892,foreground
S01_U04.CH4.wav,6250.892,6250.993,background
S01_U04.CH4.wav,6250.993,6256.993,foreground
S01_U04.CH4.wav,6256.993,6260.033,background
S01_U04.CH4.wav,6260.033,6260.203,foreground
S01_U04.CH4.wav,6260.203,6260.233,background
S01_U04.CH4.wav,6260.233,6260.523,foreground
S01_U04.CH4.wav,6260.523,6260.582,background
S01_U04.CH4.wav,6260.582,6260.602,foreground
S01_U04.CH4.wav,6260.602,6260.623,background
S01_U04.CH4.wav,6260.623,6260.642,foreground
S01_U04.CH4.wav,6260.642,6260.653,background
S01_U04.CH4.wav,6260.653,6261.352,foreground
S01_U04.CH4.wav,6261.352,6262.552,background
S01_U04.CH4.wav,6262.552,6262.613,foreground
S01_U04.CH4.wav,6262.613,6262.623,background
S01_U04.CH4.wav,6262.623,6262.703,foreground
S01_U04.CH4.wav,6262.703,6262.762,background
S01_U04.CH4.wav,6262.762,6262.792,foreground
S01_U04.CH4.wav,6262.792,6263.342,background
S01_U04.CH4.wav,6263.342,6263.502,foreground
S01_U04.CH4.wav,6263.502,6264.342,background
S01_U04.CH4.wav,6264.342,6264.722,foreground
S01_U04.CH4.wav,6264.722,6266.682,background
S01_U04.CH4.wav,6266.682,6267.182,foreground
S01_U04.CH4.wav,6267.182,6267.203,background
S01_U04.CH4.wav,6267.203,6267.233,foreground
S01_U04.CH4.wav,6267.233,6267.562,background
S01_U04.CH4.wav,6267.562,6273.422,foreground
S01_U04.CH4.wav,6273.422,6273.443,background
S01_U04.CH4.wav,6273.443,6283.163,foreground
S01_U04.CH4.wav,6283.163,6283.252,background
S01_U04.CH4.wav,6283.252,6283.312,foreground
S01_U04.CH4.wav,6283.312,6283.682,background
S01_U04.CH4.wav,6283.682,6290.042,foreground
S01_U04.CH4.wav,6290.042,6290.562,background
S01_U04.CH4.wav,6290.562,6291.623,foreground
S01_U04.CH4.wav,6291.623,6291.892,background
S01_U04.CH4.wav,6291.892,6293.062,foreground
S01_U04.CH4.wav,6293.062,6293.092,background
S01_U04.CH4.wav,6293.092,6310.682,foreground
S01_U04.CH4.wav,6310.682,6311.082,background
S01_U04.CH4.wav,6311.082,6312.092,foreground
S01_U04.CH4.wav,6312.092,6312.542,background
S01_U04.CH4.wav,6312.542,6313.502,foreground
S01_U04.CH4.wav,6313.502,6313.953,background
S01_U04.CH4.wav,6313.953,6314.073,foreground
S01_U04.CH4.wav,6314.073,6316.033,background
S01_U04.CH4.wav,6316.033,6316.573,foreground
S01_U04.CH4.wav,6316.573,6317.842,background
S01_U04.CH4.wav,6317.842,6318.422,foreground
S01_U04.CH4.wav,6318.422,6318.523,background
S01_U04.CH4.wav,6318.523,6333.033,foreground
S01_U04.CH4.wav,6333.033,6333.682,background
S01_U04.CH4.wav,6333.682,6337.123,foreground
S01_U04.CH4.wav,6337.123,6337.212,background
S01_U04.CH4.wav,6337.212,6337.243,foreground
S01_U04.CH4.wav,6337.243,6339.113,background
S01_U04.CH4.wav,6339.113,6340.012,foreground
S01_U04.CH4.wav,6340.012,6340.132,background
S01_U04.CH4.wav,6340.132,6340.913,foreground
S01_U04.CH4.wav,6340.913,6341.432,background
S01_U04.CH4.wav,6341.432,6342.783,foreground
S01_U04.CH4.wav,6342.783,6343.602,background
S01_U04.CH4.wav,6343.602,6344.132,foreground
S01_U04.CH4.wav,6344.132,6346.462,background
S01_U04.CH4.wav,6346.462,6347.342,foreground
S01_U04.CH4.wav,6347.342,6348.602,background
S01_U04.CH4.wav,6348.602,6348.892,foreground
S01_U04.CH4.wav,6348.892,6348.922,background
S01_U04.CH4.wav,6348.922,6349.792,foreground
S01_U04.CH4.wav,6349.792,6349.882,background
S01_U04.CH4.wav,6349.882,6349.932,foreground
S01_U04.CH4.wav,6349.932,6350.373,background
S01_U04.CH4.wav,6350.373,6351.852,foreground
S01_U04.CH4.wav,6351.852,6351.943,background
S01_U04.CH4.wav,6351.943,6354.502,foreground
S01_U04.CH4.wav,6354.502,6354.983,background
S01_U04.CH4.wav,6354.983,6359.913,foreground
S01_U04.CH4.wav,6359.913,6359.953,background
S01_U04.CH4.wav,6359.953,6362.102,foreground
S01_U04.CH4.wav,6362.102,6362.222,background
S01_U04.CH4.wav,6362.222,6365.892,foreground
S01_U04.CH4.wav,6365.892,6365.993,background
S01_U04.CH4.wav,6365.993,6366.182,foreground
S01_U04.CH4.wav,6366.182,6366.212,background
S01_U04.CH4.wav,6366.212,6368.042,foreground
S01_U04.CH4.wav,6368.042,6368.722,background
S01_U04.CH4.wav,6368.722,6370.363,foreground
S01_U04.CH4.wav,6370.363,6370.403,background
S01_U04.CH4.wav,6370.403,6370.472,foreground
S01_U04.CH4.wav,6370.472,6370.542,background
S01_U04.CH4.wav,6370.542,6370.602,foreground
S01_U04.CH4.wav,6370.602,6370.613,background
S01_U04.CH4.wav,6370.613,6371.533,foreground
S01_U04.CH4.wav,6371.533,6371.812,background
S01_U04.CH4.wav,6371.812,6371.873,foreground
S01_U04.CH4.wav,6371.873,6371.882,background
S01_U04.CH4.wav,6371.882,6372.332,foreground
S01_U04.CH4.wav,6372.332,6372.903,background
S01_U04.CH4.wav,6372.903,6376.653,foreground
S01_U04.CH4.wav,6376.653,6377.193,background
S01_U04.CH4.wav,6377.193,6377.493,foreground
S01_U04.CH4.wav,6377.493,6378.873,background
S01_U04.CH4.wav,6378.873,6379.552,foreground
S01_U04.CH4.wav,6379.552,6380.332,background
S01_U04.CH4.wav,6380.332,6381.222,foreground
S01_U04.CH4.wav,6381.222,6382.102,background
S01_U04.CH4.wav,6382.102,6382.892,foreground
S01_U04.CH4.wav,6382.892,6383.252,background
S01_U04.CH4.wav,6383.252,6385.002,foreground
S01_U04.CH4.wav,6385.002,6385.533,background
S01_U04.CH4.wav,6385.533,6385.983,foreground
S01_U04.CH4.wav,6385.983,6386.273,background
S01_U04.CH4.wav,6386.273,6386.323,foreground
S01_U04.CH4.wav,6386.323,6386.502,background
S01_U04.CH4.wav,6386.502,6386.773,foreground
S01_U04.CH4.wav,6386.773,6386.943,background
S01_U04.CH4.wav,6386.943,6390.193,foreground
S01_U04.CH4.wav,6390.193,6390.903,background
S01_U04.CH4.wav,6390.903,6391.582,foreground
S01_U04.CH4.wav,6391.582,6391.802,background
S01_U04.CH4.wav,6391.802,6399.682,foreground
S01_U04.CH4.wav,6399.682,6400.273,background
S01_U04.CH4.wav,6400.273,6400.283,foreground
S01_U04.CH4.wav,6400.283,6400.292,background
S01_U04.CH4.wav,6400.292,6401.332,foreground
S01_U04.CH4.wav,6401.332,6401.892,background
S01_U04.CH4.wav,6401.892,6402.342,foreground
S01_U04.CH4.wav,6402.342,6402.443,background
S01_U04.CH4.wav,6402.443,6402.903,foreground
S01_U04.CH4.wav,6402.903,6403.733,background
S01_U04.CH4.wav,6403.733,6403.743,foreground
S01_U04.CH4.wav,6403.743,6404.302,background
S01_U04.CH4.wav,6404.302,6404.743,foreground
S01_U04.CH4.wav,6404.743,6405.153,background
S01_U04.CH4.wav,6405.153,6405.932,foreground
S01_U04.CH4.wav,6405.932,6406.262,background
S01_U04.CH4.wav,6406.262,6409.302,foreground
S01_U04.CH4.wav,6409.302,6409.653,background
S01_U04.CH4.wav,6409.653,6409.682,foreground
S01_U04.CH4.wav,6409.682,6410.733,background
S01_U04.CH4.wav,6410.733,6412.233,foreground
S01_U04.CH4.wav,6412.233,6412.682,background
S01_U04.CH4.wav,6412.682,6412.823,foreground
S01_U04.CH4.wav,6412.823,6413.342,background
S01_U04.CH4.wav,6413.342,6415.323,foreground
S01_U04.CH4.wav,6415.323,6415.653,background
S01_U04.CH4.wav,6415.653,6416.092,foreground
S01_U04.CH4.wav,6416.092,6416.153,background
S01_U04.CH4.wav,6416.153,6416.262,foreground
S01_U04.CH4.wav,6416.262,6416.302,background
S01_U04.CH4.wav,6416.302,6418.342,foreground
S01_U04.CH4.wav,6418.342,6418.403,background
S01_U04.CH4.wav,6418.403,6423.042,foreground
S01_U04.CH4.wav,6423.042,6424.262,background
S01_U04.CH4.wav,6424.262,6424.752,foreground
S01_U04.CH4.wav,6424.752,6425.212,background
S01_U04.CH4.wav,6425.212,6425.682,foreground
S01_U04.CH4.wav,6425.682,6425.693,background
S01_U04.CH4.wav,6425.693,6425.792,foreground
S01_U04.CH4.wav,6425.792,6425.832,background
S01_U04.CH4.wav,6425.832,6427.142,foreground
S01_U04.CH4.wav,6427.142,6427.382,background
S01_U04.CH4.wav,6427.382,6432.222,foreground
S01_U04.CH4.wav,6432.222,6432.882,background
S01_U04.CH4.wav,6432.882,6434.762,foreground
S01_U04.CH4.wav,6434.762,6434.922,background
S01_U04.CH4.wav,6434.922,6445.483,foreground
S01_U04.CH4.wav,6445.483,6445.602,background
S01_U04.CH4.wav,6445.602,6453.542,foreground
S01_U04.CH4.wav,6453.542,6453.712,background
S01_U04.CH4.wav,6453.712,6454.653,foreground
S01_U04.CH4.wav,6454.653,6455.422,background
S01_U04.CH4.wav,6455.422,6457.222,foreground
S01_U04.CH4.wav,6457.222,6457.693,background
S01_U04.CH4.wav,6457.693,6462.153,foreground
S01_U04.CH4.wav,6462.153,6462.592,background
S01_U04.CH4.wav,6462.592,6466.042,foreground
S01_U04.CH4.wav,6466.042,6466.073,background
S01_U04.CH4.wav,6466.073,6466.102,foreground
S01_U04.CH4.wav,6466.102,6466.123,background
S01_U04.CH4.wav,6466.123,6467.092,foreground
S01_U04.CH4.wav,6467.092,6467.512,background
S01_U04.CH4.wav,6467.512,6468.163,foreground
S01_U04.CH4.wav,6468.163,6468.693,background
S01_U04.CH4.wav,6468.693,6472.812,foreground
S01_U04.CH4.wav,6472.812,6472.852,background
S01_U04.CH4.wav,6472.852,6473.023,foreground
S01_U04.CH4.wav,6473.023,6473.033,background
S01_U04.CH4.wav,6473.033,6473.062,foreground
S01_U04.CH4.wav,6473.062,6473.113,background
S01_U04.CH4.wav,6473.113,6473.743,foreground
S01_U04.CH4.wav,6473.743,6473.752,background
S01_U04.CH4.wav,6473.752,6474.172,foreground
S01_U04.CH4.wav,6474.172,6474.523,background
S01_U04.CH4.wav,6474.523,6474.602,foreground
S01_U04.CH4.wav,6474.602,6474.623,background
S01_U04.CH4.wav,6474.623,6474.903,foreground
S01_U04.CH4.wav,6474.903,6475.403,background
S01_U04.CH4.wav,6475.403,6479.483,foreground
S01_U04.CH4.wav,6479.483,6480.342,background
S01_U04.CH4.wav,6480.342,6485.582,foreground
S01_U04.CH4.wav,6485.582,6486.142,background
S01_U04.CH4.wav,6486.142,6486.733,foreground
S01_U04.CH4.wav,6486.733,6487.582,background
S01_U04.CH4.wav,6487.582,6488.123,foreground
S01_U04.CH4.wav,6488.123,6489.863,background
S01_U04.CH4.wav,6489.863,6491.573,foreground
S01_U04.CH4.wav,6491.573,6492.363,background
S01_U04.CH4.wav,6492.363,6495.913,foreground
S01_U04.CH4.wav,6495.913,6496.483,background
S01_U04.CH4.wav,6496.483,6497.913,foreground
S01_U04.CH4.wav,6497.913,6498.472,background
S01_U04.CH4.wav,6498.472,6498.972,foreground
S01_U04.CH4.wav,6498.972,6499.002,background
S01_U04.CH4.wav,6499.002,6499.033,foreground
S01_U04.CH4.wav,6499.033,6499.413,background
S01_U04.CH4.wav,6499.413,6499.783,foreground
S01_U04.CH4.wav,6499.783,6500.573,background
S01_U04.CH4.wav,6500.573,6501.212,foreground
S01_U04.CH4.wav,6501.212,6501.233,background
S01_U04.CH4.wav,6501.233,6501.252,foreground
S01_U04.CH4.wav,6501.252,6502.052,background
S01_U04.CH4.wav,6502.052,6503.922,foreground
S01_U04.CH4.wav,6503.922,6504.052,background
S01_U04.CH4.wav,6504.052,6504.073,foreground
S01_U04.CH4.wav,6504.073,6504.512,background
S01_U04.CH4.wav,6504.512,6504.523,foreground
S01_U04.CH4.wav,6504.523,6504.743,background
S01_U04.CH4.wav,6504.743,6506.203,foreground
S01_U04.CH4.wav,6506.203,6506.722,background
S01_U04.CH4.wav,6506.722,6507.443,foreground
S01_U04.CH4.wav,6507.443,6507.802,background
S01_U04.CH4.wav,6507.802,6508.182,foreground
S01_U04.CH4.wav,6508.182,6510.552,background
S01_U04.CH4.wav,6510.552,6511.502,foreground
S01_U04.CH4.wav,6511.502,6511.852,background
S01_U04.CH4.wav,6511.852,6512.413,foreground
S01_U04.CH4.wav,6512.413,6513.863,background
S01_U04.CH4.wav,6513.863,6516.993,foreground
S01_U04.CH4.wav,6516.993,6517.453,background
S01_U04.CH4.wav,6517.453,6519.153,foreground
S01_U04.CH4.wav,6519.153,6519.892,background
S01_U04.CH4.wav,6519.892,6527.233,foreground
S01_U04.CH4.wav,6527.233,6527.703,background
S01_U04.CH4.wav,6527.703,6528.873,foreground
S01_U04.CH4.wav,6528.873,6529.323,background
S01_U04.CH4.wav,6529.323,6531.943,foreground
S01_U04.CH4.wav,6531.943,6532.292,background
S01_U04.CH4.wav,6532.292,6539.913,foreground
S01_U04.CH4.wav,6539.913,6539.983,background
S01_U04.CH4.wav,6539.983,6540.613,foreground
S01_U04.CH4.wav,6540.613,6540.653,background
S01_U04.CH4.wav,6540.653,6542.882,foreground
S01_U04.CH4.wav,6542.882,6542.983,background
S01_U04.CH4.wav,6542.983,6543.002,foreground
S01_U04.CH4.wav,6543.002,6543.703,background
S01_U04.CH4.wav,6543.703,6543.882,foreground
S01_U04.CH4.wav,6543.882,6544.693,background
S01_U04.CH4.wav,6544.693,6545.812,foreground
S01_U04.CH4.wav,6545.812,6546.222,background
S01_U04.CH4.wav,6546.222,6546.483,foreground
S01_U04.CH4.wav,6546.483,6546.502,background
S01_U04.CH4.wav,6546.502,6550.703,foreground
S01_U04.CH4.wav,6550.703,6551.062,background
S01_U04.CH4.wav,6551.062,6554.113,foreground
S01_U04.CH4.wav,6554.113,6554.132,background
S01_U04.CH4.wav,6554.132,6556.373,foreground
S01_U04.CH4.wav,6556.373,6558.552,background
S01_U04.CH4.wav,6558.552,6559.033,foreground
S01_U04.CH4.wav,6559.033,6559.212,background
S01_U04.CH4.wav,6559.212,6559.222,foreground
S01_U04.CH4.wav,6559.222,6559.273,background
S01_U04.CH4.wav,6559.273,6562.073,foreground
S01_U04.CH4.wav,6562.073,6562.092,background
S01_U04.CH4.wav,6562.092,6562.113,foreground
S01_U04.CH4.wav,6562.113,6562.153,background
S01_U04.CH4.wav,6562.153,6562.182,foreground
S01_U04.CH4.wav,6562.182,6562.193,background
S01_U04.CH4.wav,6562.193,6562.252,foreground
S01_U04.CH4.wav,6562.252,6562.422,background
S01_U04.CH4.wav,6562.422,6563.623,foreground
S01_U04.CH4.wav,6563.623,6563.642,background
S01_U04.CH4.wav,6563.642,6563.653,foreground
S01_U04.CH4.wav,6563.653,6563.873,background
S01_U04.CH4.wav,6563.873,6564.573,foreground
S01_U04.CH4.wav,6564.573,6565.312,background
S01_U04.CH4.wav,6565.312,6565.882,foreground
S01_U04.CH4.wav,6565.882,6565.962,background
S01_U04.CH4.wav,6565.962,6566.113,foreground
S01_U04.CH4.wav,6566.113,6566.252,background
S01_U04.CH4.wav,6566.252,6567.082,foreground
S01_U04.CH4.wav,6567.082,6568.432,background
S01_U04.CH4.wav,6568.432,6569.632,foreground
S01_U04.CH4.wav,6569.632,6570.993,background
S01_U04.CH4.wav,6570.993,6573.842,foreground
S01_U04.CH4.wav,6573.842,6574.693,background
S01_U04.CH4.wav,6574.693,6574.733,foreground
S01_U04.CH4.wav,6574.733,6574.783,background
S01_U04.CH4.wav,6574.783,6575.323,foreground
S01_U04.CH4.wav,6575.323,6577.972,background
S01_U04.CH4.wav,6577.972,6585.352,foreground
S01_U04.CH4.wav,6585.352,6585.913,background
S01_U04.CH4.wav,6585.913,6586.722,foreground
S01_U04.CH4.wav,6586.722,6587.342,background
S01_U04.CH4.wav,6587.342,6588.323,foreground
S01_U04.CH4.wav,6588.323,6588.392,background
S01_U04.CH4.wav,6588.392,6588.413,foreground
S01_U04.CH4.wav,6588.413,6588.493,background
S01_U04.CH4.wav,6588.493,6591.062,foreground
S01_U04.CH4.wav,6591.062,6591.222,background
S01_U04.CH4.wav,6591.222,6596.002,foreground
S01_U04.CH4.wav,6596.002,6596.193,background
S01_U04.CH4.wav,6596.193,6602.443,foreground
S01_U04.CH4.wav,6602.443,6602.453,background
S01_U04.CH4.wav,6602.453,6605.783,foreground
S01_U04.CH4.wav,6605.783,6605.903,background
S01_U04.CH4.wav,6605.903,6606.542,foreground
S01_U04.CH4.wav,6606.542,6606.672,background
S01_U04.CH4.wav,6606.672,6611.613,foreground
S01_U04.CH4.wav,6611.613,6612.073,background
S01_U04.CH4.wav,6612.073,6612.542,foreground
S01_U04.CH4.wav,6612.542,6614.792,background
S01_U04.CH4.wav,6614.792,6615.582,foreground
S01_U04.CH4.wav,6615.582,6616.142,background
S01_U04.CH4.wav,6616.142,6617.153,foreground
S01_U04.CH4.wav,6617.153,6617.193,background
S01_U04.CH4.wav,6617.193,6617.262,foreground
S01_U04.CH4.wav,6617.262,6617.422,background
S01_U04.CH4.wav,6617.422,6637.252,foreground
S01_U04.CH4.wav,6637.252,6637.373,background
S01_U04.CH4.wav,6637.373,6637.382,foreground
S01_U04.CH4.wav,6637.382,6637.462,background
S01_U04.CH4.wav,6637.462,6637.472,foreground
S01_U04.CH4.wav,6637.472,6637.483,background
S01_U04.CH4.wav,6637.483,6637.502,foreground
S01_U04.CH4.wav,6637.502,6637.613,background
S01_U04.CH4.wav,6637.613,6639.892,foreground
S01_U04.CH4.wav,6639.892,6640.102,background
S01_U04.CH4.wav,6640.102,6640.882,foreground
S01_U04.CH4.wav,6640.882,6641.802,background
S01_U04.CH4.wav,6641.802,6642.432,foreground
S01_U04.CH4.wav,6642.432,6642.613,background
S01_U04.CH4.wav,6642.613,6650.512,foreground
S01_U04.CH4.wav,6650.512,6650.892,background
S01_U04.CH4.wav,6650.892,6650.922,foreground
S01_U04.CH4.wav,6650.922,6650.943,background
S01_U04.CH4.wav,6650.943,6650.953,foreground
S01_U04.CH4.wav,6650.953,6650.972,background
S01_U04.CH4.wav,6650.972,6651.392,foreground
S01_U04.CH4.wav,6651.392,6651.462,background
S01_U04.CH4.wav,6651.462,6655.663,foreground
S01_U04.CH4.wav,6655.663,6655.802,background
S01_U04.CH4.wav,6655.802,6655.903,foreground
S01_U04.CH4.wav,6655.903,6656.002,background
S01_U04.CH4.wav,6656.002,6662.573,foreground
S01_U04.CH4.wav,6662.573,6662.812,background
S01_U04.CH4.wav,6662.812,6670.733,foreground
S01_U04.CH4.wav,6670.733,6672.502,background
S01_U04.CH4.wav,6672.502,6673.292,foreground
S01_U04.CH4.wav,6673.292,6674.012,background
S01_U04.CH4.wav,6674.012,6680.113,foreground
S01_U04.CH4.wav,6680.113,6680.592,background
S01_U04.CH4.wav,6680.592,6680.663,foreground
S01_U04.CH4.wav,6680.663,6682.023,background
S01_U04.CH4.wav,6682.023,6682.602,foreground
S01_U04.CH4.wav,6682.602,6683.552,background
S01_U04.CH4.wav,6683.552,6688.332,foreground
S01_U04.CH4.wav,6688.332,6688.773,background
S01_U04.CH4.wav,6688.773,6693.552,foreground
S01_U04.CH4.wav,6693.552,6693.762,background
S01_U04.CH4.wav,6693.762,6694.382,foreground
S01_U04.CH4.wav,6694.382,6696.163,background
S01_U04.CH4.wav,6696.163,6697.153,foreground
S01_U04.CH4.wav,6697.153,6697.922,background
S01_U04.CH4.wav,6697.922,6701.523,foreground
S01_U04.CH4.wav,6701.523,6702.012,background
S01_U04.CH4.wav,6702.012,6702.703,foreground
S01_U04.CH4.wav,6702.703,6702.773,background
S01_U04.CH4.wav,6702.773,6702.783,foreground
S01_U04.CH4.wav,6702.783,6702.812,background
S01_U04.CH4.wav,6702.812,6702.823,foreground
S01_U04.CH4.wav,6702.823,6702.892,background
S01_U04.CH4.wav,6702.892,6707.693,foreground
S01_U04.CH4.wav,6707.693,6708.243,background
S01_U04.CH4.wav,6708.243,6709.323,foreground
S01_U04.CH4.wav,6709.323,6709.892,background
S01_U04.CH4.wav,6709.892,6709.913,foreground
S01_U04.CH4.wav,6709.913,6709.993,background
S01_U04.CH4.wav,6709.993,6710.562,foreground
S01_U04.CH4.wav,6710.562,6710.922,background
S01_U04.CH4.wav,6710.922,6710.972,foreground
S01_U04.CH4.wav,6710.972,6710.993,background
S01_U04.CH4.wav,6710.993,6711.042,foreground
S01_U04.CH4.wav,6711.042,6711.052,background
S01_U04.CH4.wav,6711.052,6711.062,foreground
S01_U04.CH4.wav,6711.062,6711.962,background
S01_U04.CH4.wav,6711.962,6713.773,foreground
S01_U04.CH4.wav,6713.773,6714.842,background
S01_U04.CH4.wav,6714.842,6715.922,foreground
S01_U04.CH4.wav,6715.922,6716.332,background
S01_U04.CH4.wav,6716.332,6717.283,foreground
S01_U04.CH4.wav,6717.283,6717.613,background
S01_U04.CH4.wav,6717.613,6717.743,foreground
S01_U04.CH4.wav,6717.743,6718.302,background
S01_U04.CH4.wav,6718.302,6719.312,foreground
S01_U04.CH4.wav,6719.312,6719.792,background
S01_U04.CH4.wav,6719.792,6722.693,foreground
S01_U04.CH4.wav,6722.693,6723.523,background
S01_U04.CH4.wav,6723.523,6726.882,foreground
S01_U04.CH4.wav,6726.882,6728.483,background
S01_U04.CH4.wav,6728.483,6728.582,foreground
S01_U04.CH4.wav,6728.582,6729.073,background
S01_U04.CH4.wav,6729.073,6731.502,foreground
S01_U04.CH4.wav,6731.502,6731.922,background
S01_U04.CH4.wav,6731.922,6735.233,foreground
S01_U04.CH4.wav,6735.233,6735.342,background
S01_U04.CH4.wav,6735.342,6736.012,foreground
S01_U04.CH4.wav,6736.012,6736.102,background
S01_U04.CH4.wav,6736.102,6740.352,foreground
S01_U04.CH4.wav,6740.352,6740.602,background
S01_U04.CH4.wav,6740.602,6743.602,foreground
S01_U04.CH4.wav,6743.602,6744.842,background
S01_U04.CH4.wav,6744.842,6747.943,foreground
S01_U04.CH4.wav,6747.943,6748.212,background
S01_U04.CH4.wav,6748.212,6760.953,foreground
S01_U04.CH4.wav,6760.953,6761.312,background
S01_U04.CH4.wav,6761.312,6762.653,foreground
S01_U04.CH4.wav,6762.653,6762.672,background
S01_U04.CH4.wav,6762.672,6764.972,foreground
S01_U04.CH4.wav,6764.972,6764.993,background
S01_U04.CH4.wav,6764.993,6765.023,foreground
S01_U04.CH4.wav,6765.023,6765.193,background
S01_U04.CH4.wav,6765.193,6765.953,foreground
S01_U04.CH4.wav,6765.953,6766.342,background
S01_U04.CH4.wav,6766.342,6767.733,foreground
S01_U04.CH4.wav,6767.733,6768.592,background
S01_U04.CH4.wav,6768.592,6768.663,foreground
S01_U04.CH4.wav,6768.663,6769.182,background
S01_U04.CH4.wav,6769.182,6776.073,foreground
S01_U04.CH4.wav,6776.073,6777.002,background
S01_U04.CH4.wav,6777.002,6777.623,foreground
S01_U04.CH4.wav,6777.623,6778.903,background
S01_U04.CH4.wav,6778.903,6779.012,foreground
S01_U04.CH4.wav,6779.012,6779.042,background
S01_U04.CH4.wav,6779.042,6782.413,foreground
S01_U04.CH4.wav,6782.413,6782.573,background
S01_U04.CH4.wav,6782.573,6782.582,foreground
S01_U04.CH4.wav,6782.582,6782.592,background
S01_U04.CH4.wav,6782.592,6782.613,foreground
S01_U04.CH4.wav,6782.613,6782.642,background
S01_U04.CH4.wav,6782.642,6783.392,foreground
S01_U04.CH4.wav,6783.392,6784.033,background
S01_U04.CH4.wav,6784.033,6784.712,foreground
S01_U04.CH4.wav,6784.712,6785.012,background
S01_U04.CH4.wav,6785.012,6790.542,foreground
S01_U04.CH4.wav,6790.542,6791.413,background
S01_U04.CH4.wav,6791.413,6798.292,foreground
S01_U04.CH4.wav,6798.292,6798.812,background
S01_U04.CH4.wav,6798.812,6804.752,foreground
S01_U04.CH4.wav,6804.752,6805.262,background
S01_U04.CH4.wav,6805.262,6805.462,foreground
S01_U04.CH4.wav,6805.462,6807.073,background
S01_U04.CH4.wav,6807.073,6808.203,foreground
S01_U04.CH4.wav,6808.203,6809.682,background
S01_U04.CH4.wav,6809.682,6815.483,foreground
S01_U04.CH4.wav,6815.483,6815.682,background
S01_U04.CH4.wav,6815.682,6819.413,foreground
S01_U04.CH4.wav,6819.413,6819.712,background
S01_U04.CH4.wav,6819.712,6820.142,foreground
S01_U04.CH4.wav,6820.142,6820.943,background
S01_U04.CH4.wav,6820.943,6823.922,foreground
S01_U04.CH4.wav,6823.922,6824.413,background
S01_U04.CH4.wav,6824.413,6825.153,foreground
S01_U04.CH4.wav,6825.153,6825.762,background
S01_U04.CH4.wav,6825.762,6828.932,foreground
S01_U04.CH4.wav,6828.932,6829.092,background
S01_U04.CH4.wav,6829.092,6835.002,foreground
S01_U04.CH4.wav,6835.002,6836.542,background
S01_U04.CH4.wav,6836.542,6836.562,foreground
S01_U04.CH4.wav,6836.562,6836.573,background
S01_U04.CH4.wav,6836.573,6836.582,foreground
S01_U04.CH4.wav,6836.582,6836.663,background
S01_U04.CH4.wav,6836.663,6836.682,foreground
S01_U04.CH4.wav,6836.682,6836.733,background
S01_U04.CH4.wav,6836.733,6847.342,foreground
S01_U04.CH4.wav,6847.342,6851.302,background
S01_U04.CH4.wav,6851.302,6852.613,foreground
S01_U04.CH4.wav,6852.613,6853.882,background
S01_U04.CH4.wav,6853.882,6855.602,foreground
S01_U04.CH4.wav,6855.602,6855.943,background
S01_U04.CH4.wav,6855.943,6859.332,foreground
S01_U04.CH4.wav,6859.332,6859.382,background
S01_U04.CH4.wav,6859.382,6870.012,foreground
S01_U04.CH4.wav,6870.012,6870.382,background
S01_U04.CH4.wav,6870.382,6888.913,foreground
S01_U04.CH4.wav,6888.913,6889.252,background
S01_U04.CH4.wav,6889.252,6890.983,foreground
S01_U04.CH4.wav,6890.983,6892.913,background
S01_U04.CH4.wav,6892.913,6893.462,foreground
S01_U04.CH4.wav,6893.462,6893.493,background
S01_U04.CH4.wav,6893.493,6902.102,foreground
S01_U04.CH4.wav,6902.102,6902.472,background
S01_U04.CH4.wav,6902.472,6904.172,foreground
S01_U04.CH4.wav,6904.172,6904.273,background
S01_U04.CH4.wav,6904.273,6904.432,foreground
S01_U04.CH4.wav,6904.432,6906.073,background
S01_U04.CH4.wav,6906.073,6906.792,foreground
S01_U04.CH4.wav,6906.792,6907.142,background
S01_U04.CH4.wav,6907.142,6923.582,foreground
S01_U04.CH4.wav,6923.582,6924.123,background
S01_U04.CH4.wav,6924.123,6926.693,foreground
S01_U04.CH4.wav,6926.693,6926.733,background
S01_U04.CH4.wav,6926.733,6928.493,foreground
S01_U04.CH4.wav,6928.493,6928.573,background
S01_U04.CH4.wav,6928.573,6935.623,foreground
S01_U04.CH4.wav,6935.623,6935.903,background
S01_U04.CH4.wav,6935.903,6937.523,foreground
S01_U04.CH4.wav,6937.523,6937.533,background
S01_U04.CH4.wav,6937.533,6937.552,foreground
S01_U04.CH4.wav,6937.552,6937.623,background
S01_U04.CH4.wav,6937.623,6938.623,foreground
S01_U04.CH4.wav,6938.623,6938.972,background
S01_U04.CH4.wav,6938.972,6940.582,foreground
S01_U04.CH4.wav,6940.582,6940.932,background
S01_U04.CH4.wav,6940.932,6941.323,foreground
S01_U04.CH4.wav,6941.323,6941.733,background
S01_U04.CH4.wav,6941.733,6950.983,foreground
S01_U04.CH4.wav,6950.983,6952.773,background
S01_U04.CH4.wav,6952.773,6953.602,foreground
S01_U04.CH4.wav,6953.602,6954.002,background
S01_U04.CH4.wav,6954.002,6958.262,foreground
S01_U04.CH4.wav,6958.262,6958.352,background
S01_U04.CH4.wav,6958.352,6958.413,foreground
S01_U04.CH4.wav,6958.413,6962.132,background
S01_U04.CH4.wav,6962.132,6962.453,foreground
S01_U04.CH4.wav,6962.453,6963.493,background
S01_U04.CH4.wav,6963.493,6963.573,foreground
S01_U04.CH4.wav,6963.573,6963.592,background
S01_U04.CH4.wav,6963.592,6963.602,foreground
S01_U04.CH4.wav,6963.602,6963.672,background
S01_U04.CH4.wav,6963.672,6966.582,foreground
S01_U04.CH4.wav,6966.582,6966.863,background
S01_U04.CH4.wav,6966.863,6967.712,foreground
S01_U04.CH4.wav,6967.712,6967.873,background
S01_U04.CH4.wav,6967.873,6972.243,foreground
S01_U04.CH4.wav,6972.243,6972.302,background
S01_U04.CH4.wav,6972.302,6973.512,foreground
S01_U04.CH4.wav,6973.512,6974.292,background
S01_U04.CH4.wav,6974.292,6978.113,foreground
S01_U04.CH4.wav,6978.113,6978.382,background
S01_U04.CH4.wav,6978.382,6983.672,foreground
S01_U04.CH4.wav,6983.672,6983.842,background
S01_U04.CH4.wav,6983.842,6984.142,foreground
S01_U04.CH4.wav,6984.142,6984.292,background
S01_U04.CH4.wav,6984.292,6984.382,foreground
S01_U04.CH4.wav,6984.382,6985.012,background
S01_U04.CH4.wav,6985.012,6987.663,foreground
S01_U04.CH4.wav,6987.663,6987.903,background
S01_U04.CH4.wav,6987.903,6987.943,foreground
S01_U04.CH4.wav,6987.943,6988.252,background
S01_U04.CH4.wav,6988.252,6989.363,foreground
S01_U04.CH4.wav,6989.363,6989.493,background
S01_U04.CH4.wav,6989.493,6991.092,foreground
S01_U04.CH4.wav,6991.092,6992.882,background
S01_U04.CH4.wav,6992.882,6992.892,foreground
S01_U04.CH4.wav,6992.892,6992.903,background
S01_U04.CH4.wav,6992.903,6994.233,foreground
S01_U04.CH4.wav,6994.233,6994.773,background
S01_U04.CH4.wav,6994.773,6996.363,foreground
S01_U04.CH4.wav,6996.363,6996.483,background
S01_U04.CH4.wav,6996.483,7003.203,foreground
S01_U04.CH4.wav,7003.203,7004.552,background
S01_U04.CH4.wav,7004.552,7005.062,foreground
S01_U04.CH4.wav,7005.062,7006.472,background
S01_U04.CH4.wav,7006.472,7011.533,foreground
S01_U04.CH4.wav,7011.533,7014.222,background
S01_U04.CH4.wav,7014.222,7014.462,foreground
S01_U04.CH4.wav,7014.462,7016.432,background
S01_U04.CH4.wav,7016.432,7016.903,foreground
S01_U04.CH4.wav,7016.903,7017.703,background
S01_U04.CH4.wav,7017.703,7018.812,foreground
S01_U04.CH4.wav,7018.812,7019.323,background
S01_U04.CH4.wav,7019.323,7019.712,foreground
S01_U04.CH4.wav,7019.712,7020.142,background
S01_U04.CH4.wav,7020.142,7020.163,foreground
S01_U04.CH4.wav,7020.163,7020.222,background
S01_U04.CH4.wav,7020.222,7020.972,foreground
S01_U04.CH4.wav,7020.972,7021.163,background
S01_U04.CH4.wav,7021.163,7021.863,foreground
S01_U04.CH4.wav,7021.863,7021.932,background
S01_U04.CH4.wav,7021.932,7025.113,foreground
S01_U04.CH4.wav,7025.113,7025.962,background
S01_U04.CH4.wav,7025.962,7028.493,foreground
S01_U04.CH4.wav,7028.493,7028.943,background
S01_U04.CH4.wav,7028.943,7032.962,foreground
S01_U04.CH4.wav,7032.962,7033.252,background
S01_U04.CH4.wav,7033.252,7033.653,foreground
S01_U04.CH4.wav,7033.653,7034.153,background
S01_U04.CH4.wav,7034.153,7037.663,foreground
S01_U04.CH4.wav,7037.663,7037.932,background
S01_U04.CH4.wav,7037.932,7038.002,foreground
S01_U04.CH4.wav,7038.002,7038.113,background
S01_U04.CH4.wav,7038.113,7039.462,foreground
S01_U04.CH4.wav,7039.462,7039.502,background
S01_U04.CH4.wav,7039.502,7039.512,foreground
S01_U04.CH4.wav,7039.512,7039.542,background
S01_U04.CH4.wav,7039.542,7040.332,foreground
S01_U04.CH4.wav,7040.332,7040.413,background
S01_U04.CH4.wav,7040.413,7041.443,foreground
S01_U04.CH4.wav,7041.443,7041.762,background
S01_U04.CH4.wav,7041.762,7042.092,foreground
S01_U04.CH4.wav,7042.092,7042.443,background
S01_U04.CH4.wav,7042.443,7043.993,foreground
S01_U04.CH4.wav,7043.993,7044.413,background
S01_U04.CH4.wav,7044.413,7046.352,foreground
S01_U04.CH4.wav,7046.352,7046.653,background
S01_U04.CH4.wav,7046.653,7050.582,foreground
S01_U04.CH4.wav,7050.582,7051.182,background
S01_U04.CH4.wav,7051.182,7051.483,foreground
S01_U04.CH4.wav,7051.483,7051.533,background
S01_U04.CH4.wav,7051.533,7051.573,foreground
S01_U04.CH4.wav,7051.573,7051.882,background
S01_U04.CH4.wav,7051.882,7053.373,foreground
S01_U04.CH4.wav,7053.373,7054.023,background
S01_U04.CH4.wav,7054.023,7057.023,foreground
S01_U04.CH4.wav,7057.023,7057.363,background
S01_U04.CH4.wav,7057.363,7063.323,foreground
S01_U04.CH4.wav,7063.323,7064.443,background
S01_U04.CH4.wav,7064.443,7065.762,foreground
S01_U04.CH4.wav,7065.762,7066.052,background
S01_U04.CH4.wav,7066.052,7066.613,foreground
S01_U04.CH4.wav,7066.613,7066.852,background
S01_U04.CH4.wav,7066.852,7067.752,foreground
S01_U04.CH4.wav,7067.752,7068.533,background
S01_U04.CH4.wav,7068.533,7069.842,foreground
S01_U04.CH4.wav,7069.842,7071.972,background
S01_U04.CH4.wav,7071.972,7072.222,foreground
S01_U04.CH4.wav,7072.222,7072.993,background
S01_U04.CH4.wav,7072.993,7073.453,foreground
S01_U04.CH4.wav,7073.453,7073.462,background
S01_U04.CH4.wav,7073.462,7073.512,foreground
S01_U04.CH4.wav,7073.512,7073.542,background
S01_U04.CH4.wav,7073.542,7073.552,foreground
S01_U04.CH4.wav,7073.552,7073.562,background
S01_U04.CH4.wav,7073.562,7076.243,foreground
S01_U04.CH4.wav,7076.243,7076.712,background
S01_U04.CH4.wav,7076.712,7079.483,foreground
S01_U04.CH4.wav,7079.483,7080.292,background
S01_U04.CH4.wav,7080.292,7084.602,foreground
S01_U04.CH4.wav,7084.602,7085.023,background
S01_U04.CH4.wav,7085.023,7085.632,foreground
S01_U04.CH4.wav,7085.632,7086.023,background
S01_U04.CH4.wav,7086.023,7086.773,foreground
S01_U04.CH4.wav,7086.773,7087.342,background
S01_U04.CH4.wav,7087.342,7087.493,foreground
S01_U04.CH4.wav,7087.493,7087.932,background
S01_U04.CH4.wav,7087.932,7091.823,foreground
S01_U04.CH4.wav,7091.823,7091.993,background
S01_U04.CH4.wav,7091.993,7092.082,foreground
S01_U04.CH4.wav,7092.082,7092.113,background
S01_U04.CH4.wav,7092.113,7092.123,foreground
S01_U04.CH4.wav,7092.123,7092.142,background
S01_U04.CH4.wav,7092.142,7094.153,foreground
S01_U04.CH4.wav,7094.153,7094.882,background
S01_U04.CH4.wav,7094.882,7095.163,foreground
S01_U04.CH4.wav,7095.163,7095.413,background
S01_U04.CH4.wav,7095.413,7097.783,foreground
S01_U04.CH4.wav,7097.783,7098.323,background
S01_U04.CH4.wav,7098.323,7098.443,foreground
S01_U04.CH4.wav,7098.443,7098.592,background
S01_U04.CH4.wav,7098.592,7099.512,foreground
S01_U04.CH4.wav,7099.512,7099.932,background
S01_U04.CH4.wav,7099.932,7099.953,foreground
S01_U04.CH4.wav,7099.953,7099.972,background
S01_U04.CH4.wav,7099.972,7100.092,foreground
S01_U04.CH4.wav,7100.092,7100.273,background
S01_U04.CH4.wav,7100.273,7103.212,foreground
S01_U04.CH4.wav,7103.212,7103.312,background
S01_U04.CH4.wav,7103.312,7103.533,foreground
S01_U04.CH4.wav,7103.533,7103.703,background
S01_U04.CH4.wav,7103.703,7103.783,foreground
S01_U04.CH4.wav,7103.783,7103.882,background
S01_U04.CH4.wav,7103.882,7104.632,foreground
S01_U04.CH4.wav,7104.632,7104.733,background
S01_U04.CH4.wav,7104.733,7106.972,foreground
S01_U04.CH4.wav,7106.972,7107.873,background
S01_U04.CH4.wav,7107.873,7108.172,foreground
S01_U04.CH4.wav,7108.172,7108.182,background
S01_U04.CH4.wav,7108.182,7108.193,foreground
S01_U04.CH4.wav,7108.193,7108.523,background
S01_U04.CH4.wav,7108.523,7111.332,foreground
S01_U04.CH4.wav,7111.332,7111.352,background
S01_U04.CH4.wav,7111.352,7111.382,foreground
S01_U04.CH4.wav,7111.382,7111.642,background
S01_U04.CH4.wav,7111.642,7111.653,foreground
S01_U04.CH4.wav,7111.653,7111.823,background
S01_U04.CH4.wav,7111.823,7111.882,foreground
S01_U04.CH4.wav,7111.882,7111.892,background
S01_U04.CH4.wav,7111.892,7111.903,foreground
S01_U04.CH4.wav,7111.903,7111.943,background
S01_U04.CH4.wav,7111.943,7111.953,foreground
S01_U04.CH4.wav,7111.953,7111.972,background
S01_U04.CH4.wav,7111.972,7113.212,foreground
S01_U04.CH4.wav,7113.212,7114.023,background
S01_U04.CH4.wav,7114.023,7118.752,foreground
S01_U04.CH4.wav,7118.752,7118.783,background
S01_U04.CH4.wav,7118.783,7119.512,foreground
S01_U04.CH4.wav,7119.512,7119.672,background
S01_U04.CH4.wav,7119.672,7119.733,foreground
S01_U04.CH4.wav,7119.733,7119.783,background
S01_U04.CH4.wav,7119.783,7128.033,foreground
S01_U04.CH4.wav,7128.033,7129.542,background
S01_U04.CH4.wav,7129.542,7130.062,foreground
S01_U04.CH4.wav,7130.062,7130.453,background
S01_U04.CH4.wav,7130.453,7135.972,foreground
S01_U04.CH4.wav,7135.972,7137.472,background
S01_U04.CH4.wav,7137.472,7140.542,foreground
S01_U04.CH4.wav,7140.542,7140.962,background
S01_U04.CH4.wav,7140.962,7141.153,foreground
S01_U04.CH4.wav,7141.153,7141.542,background
S01_U04.CH4.wav,7141.542,7142.993,foreground
S01_U04.CH4.wav,7142.993,7143.613,background
S01_U04.CH4.wav,7143.613,7145.323,foreground
S01_U04.CH4.wav,7145.323,7145.493,background
S01_U04.CH4.wav,7145.493,7145.542,foreground
S01_U04.CH4.wav,7145.542,7145.573,background
S01_U04.CH4.wav,7145.573,7145.592,foreground
S01_U04.CH4.wav,7145.592,7145.693,background
S01_U04.CH4.wav,7145.693,7145.712,foreground
S01_U04.CH4.wav,7145.712,7145.722,background
S01_U04.CH4.wav,7145.722,7146.092,foreground
S01_U04.CH4.wav,7146.092,7146.102,background
S01_U04.CH4.wav,7146.102,7147.002,foreground
S01_U04.CH4.wav,7147.002,7147.203,background
S01_U04.CH4.wav,7147.203,7148.273,foreground
S01_U04.CH4.wav,7148.273,7148.743,background
S01_U04.CH4.wav,7148.743,7150.092,foreground
S01_U04.CH4.wav,7150.092,7150.812,background
S01_U04.CH4.wav,7150.812,7155.252,foreground
S01_U04.CH4.wav,7155.252,7158.182,background
S01_U04.CH4.wav,7158.182,7158.542,foreground
S01_U04.CH4.wav,7158.542,7158.783,background
S01_U04.CH4.wav,7158.783,7166.743,foreground
S01_U04.CH4.wav,7166.743,7166.932,background
S01_U04.CH4.wav,7166.932,7167.062,foreground
S01_U04.CH4.wav,7167.062,7167.172,background
S01_U04.CH4.wav,7167.172,7167.203,foreground
S01_U04.CH4.wav,7167.203,7167.243,background
S01_U04.CH4.wav,7167.243,7167.292,foreground
S01_U04.CH4.wav,7167.292,7167.382,background
S01_U04.CH4.wav,7167.382,7167.392,foreground
S01_U04.CH4.wav,7167.392,7167.922,background
S01_U04.CH4.wav,7167.922,7168.042,foreground
S01_U04.CH4.wav,7168.042,7168.132,background
S01_U04.CH4.wav,7168.132,7169.703,foreground
S01_U04.CH4.wav,7169.703,7170.592,background
S01_U04.CH4.wav,7170.592,7170.613,foreground
S01_U04.CH4.wav,7170.613,7171.233,background
S01_U04.CH4.wav,7171.233,7171.962,foreground
S01_U04.CH4.wav,7171.962,7172.632,background
S01_U04.CH4.wav,7172.632,7173.062,foreground
S01_U04.CH4.wav,7173.062,7174.233,background
S01_U04.CH4.wav,7174.233,7174.483,foreground
S01_U04.CH4.wav,7174.483,7174.523,background
S01_U04.CH4.wav,7174.523,7174.592,foreground
S01_U04.CH4.wav,7174.592,7174.962,background
S01_U04.CH4.wav,7174.962,7174.972,foreground
S01_U04.CH4.wav,7174.972,7174.983,background
S01_U04.CH4.wav,7174.983,7175.002,foreground
S01_U04.CH4.wav,7175.002,7175.233,background
S01_U04.CH4.wav,7175.233,7175.312,foreground
S01_U04.CH4.wav,7175.312,7176.493,background
S01_U04.CH4.wav,7176.493,7176.693,foreground
S01_U04.CH4.wav,7176.693,7176.733,background
S01_U04.CH4.wav,7176.733,7176.762,foreground
S01_U04.CH4.wav,7176.762,7176.892,background
S01_U04.CH4.wav,7176.892,7176.983,foreground
S01_U04.CH4.wav,7176.983,7178.153,background
S01_U04.CH4.wav,7178.153,7178.542,foreground
S01_U04.CH4.wav,7178.542,7178.562,background
S01_U04.CH4.wav,7178.562,7178.623,foreground
S01_U04.CH4.wav,7178.623,7181.222,background
S01_U04.CH4.wav,7181.222,7181.682,foreground
S01_U04.CH4.wav,7181.682,7182.082,background
S01_U04.CH4.wav,7182.082,7182.703,foreground
S01_U04.CH4.wav,7182.703,7183.283,background
S01_U04.CH4.wav,7183.283,7183.873,foreground
S01_U04.CH4.wav,7183.873,7183.882,background
S01_U04.CH4.wav,7183.882,7183.892,foreground
S01_U04.CH4.wav,7183.892,7183.932,background
S01_U04.CH4.wav,7183.932,7183.962,foreground
S01_U04.CH4.wav,7183.962,7184.092,background
S01_U04.CH4.wav,7184.092,7187.273,foreground
S01_U04.CH4.wav,7187.273,7187.292,background
S01_U04.CH4.wav,7187.292,7191.283,foreground
S01_U04.CH4.wav,7191.283,7191.873,background
S01_U04.CH4.wav,7191.873,7194.163,foreground
S01_U04.CH4.wav,7194.163,7195.882,background
S01_U04.CH4.wav,7195.882,7196.203,foreground
S01_U04.CH4.wav,7196.203,7196.222,background
S01_U04.CH4.wav,7196.222,7200.243,foreground
S01_U04.CH4.wav,7200.243,7200.483,background
S01_U04.CH4.wav,7200.483,7208.153,foreground
S01_U04.CH4.wav,7208.153,7208.283,background
S01_U04.CH4.wav,7208.283,7208.342,foreground
S01_U04.CH4.wav,7208.342,7208.962,background
S01_U04.CH4.wav,7208.962,7211.552,foreground
S01_U04.CH4.wav,7211.552,7212.033,background
S01_U04.CH4.wav,7212.033,7212.743,foreground
S01_U04.CH4.wav,7212.743,7212.752,background
S01_U04.CH4.wav,7212.752,7214.123,foreground
S01_U04.CH4.wav,7214.123,7214.842,background
S01_U04.CH4.wav,7214.842,7215.312,foreground
S01_U04.CH4.wav,7215.312,7215.432,background
S01_U04.CH4.wav,7215.432,7215.462,foreground
S01_U04.CH4.wav,7215.462,7215.552,background
S01_U04.CH4.wav,7215.552,7216.002,foreground
S01_U04.CH4.wav,7216.002,7216.592,background
S01_U04.CH4.wav,7216.592,7217.163,foreground
S01_U04.CH4.wav,7217.163,7217.733,background
S01_U04.CH4.wav,7217.733,7219.182,foreground
S01_U04.CH4.wav,7219.182,7219.312,background
S01_U04.CH4.wav,7219.312,7220.502,foreground
S01_U04.CH4.wav,7220.502,7221.023,background
S01_U04.CH4.wav,7221.023,7221.512,foreground
S01_U04.CH4.wav,7221.512,7221.823,background
S01_U04.CH4.wav,7221.823,7221.832,foreground
S01_U04.CH4.wav,7221.832,7221.882,background
S01_U04.CH4.wav,7221.882,7222.222,foreground
S01_U04.CH4.wav,7222.222,7223.842,background
S01_U04.CH4.wav,7223.842,7224.302,foreground
S01_U04.CH4.wav,7224.302,7224.533,background
S01_U04.CH4.wav,7224.533,7224.983,foreground
S01_U04.CH4.wav,7224.983,7226.432,background
S01_U04.CH4.wav,7226.432,7226.783,foreground
S01_U04.CH4.wav,7226.783,7226.903,background
S01_U04.CH4.wav,7226.903,7232.052,foreground
S01_U04.CH4.wav,7232.052,7232.073,background
S01_U04.CH4.wav,7232.073,7233.863,foreground
S01_U04.CH4.wav,7233.863,7234.363,background
S01_U04.CH4.wav,7234.363,7236.823,foreground
S01_U04.CH4.wav,7236.823,7236.863,background
S01_U04.CH4.wav,7236.863,7237.832,foreground
S01_U04.CH4.wav,7237.832,7238.172,background
S01_U04.CH4.wav,7238.172,7241.562,foreground
S01_U04.CH4.wav,7241.562,7241.773,background
S01_U04.CH4.wav,7241.773,7242.262,foreground
S01_U04.CH4.wav,7242.262,7242.523,background
S01_U04.CH4.wav,7242.523,7246.693,foreground
S01_U04.CH4.wav,7246.693,7247.123,background
S01_U04.CH4.wav,7247.123,7249.092,foreground
S01_U04.CH4.wav,7249.092,7249.222,background
S01_U04.CH4.wav,7249.222,7252.602,foreground
S01_U04.CH4.wav,7252.602,7253.023,background
S01_U04.CH4.wav,7253.023,7277.352,foreground
S01_U04.CH4.wav,7277.352,7277.523,background
S01_U04.CH4.wav,7277.523,7284.002,foreground
S01_U04.CH4.wav,7284.002,7284.113,background
S01_U04.CH4.wav,7284.113,7284.123,foreground
S01_U04.CH4.wav,7284.123,7284.193,background
S01_U04.CH4.wav,7284.193,7284.363,foreground
S01_U04.CH4.wav,7284.363,7284.413,background
S01_U04.CH4.wav,7284.413,7284.432,foreground
S01_U04.CH4.wav,7284.432,7284.453,background
S01_U04.CH4.wav,7284.453,7286.193,foreground
S01_U04.CH4.wav,7286.193,7286.502,background
S01_U04.CH4.wav,7286.502,7288.802,foreground
S01_U04.CH4.wav,7288.802,7289.002,background
S01_U04.CH4.wav,7289.002,7299.943,foreground
S01_U04.CH4.wav,7299.943,7300.273,background
S01_U04.CH4.wav,7300.273,7302.462,foreground
S01_U04.CH4.wav,7302.462,7302.613,background
S01_U04.CH4.wav,7302.613,7303.033,foreground
S01_U04.CH4.wav,7303.033,7304.582,background
S01_U04.CH4.wav,7304.582,7316.182,foreground
S01_U04.CH4.wav,7316.182,7316.562,background
S01_U04.CH4.wav,7316.562,7317.323,foreground
S01_U04.CH4.wav,7317.323,7317.932,background
S01_U04.CH4.wav,7317.932,7317.962,foreground
S01_U04.CH4.wav,7317.962,7318.082,background
S01_U04.CH4.wav,7318.082,7325.502,foreground
S01_U04.CH4.wav,7325.502,7325.573,background
S01_U04.CH4.wav,7325.573,7332.113,foreground
S01_U04.CH4.wav,7332.113,7332.142,background
S01_U04.CH4.wav,7332.142,7332.153,foreground
S01_U04.CH4.wav,7332.153,7333.023,background
S01_U04.CH4.wav,7333.023,7333.092,foreground
S01_U04.CH4.wav,7333.092,7333.663,background
S01_U04.CH4.wav,7333.663,7349.653,foreground
S01_U04.CH4.wav,7349.653,7349.703,background
S01_U04.CH4.wav,7349.703,7356.163,foreground
S01_U04.CH4.wav,7356.163,7356.602,background
S01_U04.CH4.wav,7356.602,7359.562,foreground
S01_U04.CH4.wav,7359.562,7359.672,background
S01_U04.CH4.wav,7359.672,7359.682,foreground
S01_U04.CH4.wav,7359.682,7359.693,background
S01_U04.CH4.wav,7359.693,7360.342,foreground
S01_U04.CH4.wav,7360.342,7360.483,background
S01_U04.CH4.wav,7360.483,7361.812,foreground
S01_U04.CH4.wav,7361.812,7362.153,background
S01_U04.CH4.wav,7362.153,7365.773,foreground
S01_U04.CH4.wav,7365.773,7368.323,background
S01_U04.CH4.wav,7368.323,7368.502,foreground
S01_U04.CH4.wav,7368.502,7368.552,background
S01_U04.CH4.wav,7368.552,7368.722,foreground
S01_U04.CH4.wav,7368.722,7368.773,background
S01_U04.CH4.wav,7368.773,7369.682,foreground
S01_U04.CH4.wav,7369.682,7370.052,background
S01_U04.CH4.wav,7370.052,7372.792,foreground
S01_U04.CH4.wav,7372.792,7373.012,background
S01_U04.CH4.wav,7373.012,7377.882,foreground
S01_U04.CH4.wav,7377.882,7379.262,background
S01_U04.CH4.wav,7379.262,7380.443,foreground
S01_U04.CH4.wav,7380.443,7380.582,background
S01_U04.CH4.wav,7380.582,7381.163,foreground
S01_U04.CH4.wav,7381.163,7381.243,background
S01_U04.CH4.wav,7381.243,7385.922,foreground
S01_U04.CH4.wav,7385.922,7385.953,background
S01_U04.CH4.wav,7385.953,7387.873,foreground
S01_U04.CH4.wav,7387.873,7387.962,background
S01_U04.CH4.wav,7387.962,7391.932,foreground
S01_U04.CH4.wav,7391.932,7392.243,background
S01_U04.CH4.wav,7392.243,7395.682,foreground
S01_U04.CH4.wav,7395.682,7396.033,background
S01_U04.CH4.wav,7396.033,7398.332,foreground
S01_U04.CH4.wav,7398.332,7398.972,background
S01_U04.CH4.wav,7398.972,7399.092,foreground
S01_U04.CH4.wav,7399.092,7399.132,background
S01_U04.CH4.wav,7399.132,7399.222,foreground
S01_U04.CH4.wav,7399.222,7399.432,background
S01_U04.CH4.wav,7399.432,7399.552,foreground
S01_U04.CH4.wav,7399.552,7399.562,background
S01_U04.CH4.wav,7399.562,7399.632,foreground
S01_U04.CH4.wav,7399.632,7403.113,background
S01_U04.CH4.wav,7403.113,7410.363,foreground
S01_U04.CH4.wav,7410.363,7411.773,background
S01_U04.CH4.wav,7411.773,7416.993,foreground
S01_U04.CH4.wav,7416.993,7417.323,background
S01_U04.CH4.wav,7417.323,7417.332,foreground
S01_U04.CH4.wav,7417.332,7417.342,background
S01_U04.CH4.wav,7417.342,7420.903,foreground
S01_U04.CH4.wav,7420.903,7421.082,background
S01_U04.CH4.wav,7421.082,7421.092,foreground
S01_U04.CH4.wav,7421.092,7421.132,background
S01_U04.CH4.wav,7421.132,7425.552,foreground
S01_U04.CH4.wav,7425.552,7426.842,background
S01_U04.CH4.wav,7426.842,7430.873,foreground
S01_U04.CH4.wav,7430.873,7430.913,background
S01_U04.CH4.wav,7430.913,7430.983,foreground
S01_U04.CH4.wav,7430.983,7431.002,background
S01_U04.CH4.wav,7431.002,7431.123,foreground
S01_U04.CH4.wav,7431.123,7431.163,background
S01_U04.CH4.wav,7431.163,7432.502,foreground
S01_U04.CH4.wav,7432.502,7434.283,background
S01_U04.CH4.wav,7434.283,7435.222,foreground
S01_U04.CH4.wav,7435.222,7436.252,background
S01_U04.CH4.wav,7436.252,7440.392,foreground
S01_U04.CH4.wav,7440.392,7440.542,background
S01_U04.CH4.wav,7440.542,7444.432,foreground
S01_U04.CH4.wav,7444.432,7444.613,background
S01_U04.CH4.wav,7444.613,7445.163,foreground
S01_U04.CH4.wav,7445.163,7445.523,background
S01_U04.CH4.wav,7445.523,7445.582,foreground
S01_U04.CH4.wav,7445.582,7446.163,background
S01_U04.CH4.wav,7446.163,7447.783,foreground
S01_U04.CH4.wav,7447.783,7448.132,background
S01_U04.CH4.wav,7448.132,7458.113,foreground
S01_U04.CH4.wav,7458.113,7458.243,background
S01_U04.CH4.wav,7458.243,7460.123,foreground
S01_U04.CH4.wav,7460.123,7460.752,background
S01_U04.CH4.wav,7460.752,7461.042,foreground
S01_U04.CH4.wav,7461.042,7463.163,background
S01_U04.CH4.wav,7463.163,7464.432,foreground
S01_U04.CH4.wav,7464.432,7464.592,background
S01_U04.CH4.wav,7464.592,7464.913,foreground
S01_U04.CH4.wav,7464.913,7464.932,background
S01_U04.CH4.wav,7464.932,7464.972,foreground
S01_U04.CH4.wav,7464.972,7466.113,background
S01_U04.CH4.wav,7466.113,7466.663,foreground
S01_U04.CH4.wav,7466.663,7468.082,background
S01_U04.CH4.wav,7468.082,7469.292,foreground
S01_U04.CH4.wav,7469.292,7469.783,background
S01_U04.CH4.wav,7469.783,7470.233,foreground
S01_U04.CH4.wav,7470.233,7470.722,background
S01_U04.CH4.wav,7470.722,7471.502,foreground
S01_U04.CH4.wav,7471.502,7471.812,background
S01_U04.CH4.wav,7471.812,7473.783,foreground
S01_U04.CH4.wav,7473.783,7474.892,background
S01_U04.CH4.wav,7474.892,7481.052,foreground
S01_U04.CH4.wav,7481.052,7481.943,background
S01_U04.CH4.wav,7481.943,7482.493,foreground
S01_U04.CH4.wav,7482.493,7482.762,background
S01_U04.CH4.wav,7482.762,7483.953,foreground
S01_U04.CH4.wav,7483.953,7484.062,background
S01_U04.CH4.wav,7484.062,7485.073,foreground
S01_U04.CH4.wav,7485.073,7485.832,background
S01_U04.CH4.wav,7485.832,7486.132,foreground
S01_U04.CH4.wav,7486.132,7486.212,background
S01_U04.CH4.wav,7486.212,7487.012,foreground
S01_U04.CH4.wav,7487.012,7487.203,background
S01_U04.CH4.wav,7487.203,7488.943,foreground
S01_U04.CH4.wav,7488.943,7490.123,background
S01_U04.CH4.wav,7490.123,7491.033,foreground
S01_U04.CH4.wav,7491.033,7491.413,background
S01_U04.CH4.wav,7491.413,7491.832,foreground
S01_U04.CH4.wav,7491.832,7492.342,background
S01_U04.CH4.wav,7492.342,7493.792,foreground
S01_U04.CH4.wav,7493.792,7497.613,background
S01_U04.CH4.wav,7497.613,7498.483,foreground
S01_U04.CH4.wav,7498.483,7503.363,background
S01_U04.CH4.wav,7503.363,7503.873,foreground
S01_U04.CH4.wav,7503.873,7506.073,background
S01_U04.CH4.wav,7506.073,7506.323,foreground
S01_U04.CH4.wav,7506.323,7506.403,background
S01_U04.CH4.wav,7506.403,7506.422,foreground
S01_U04.CH4.wav,7506.422,7507.783,background
S01_U04.CH4.wav,7507.783,7507.943,foreground
S01_U04.CH4.wav,7507.943,7508.102,background
S01_U04.CH4.wav,7508.102,7508.233,foreground
S01_U04.CH4.wav,7508.233,7508.632,background
S01_U04.CH4.wav,7508.632,7510.082,foreground
S01_U04.CH4.wav,7510.082,7513.113,background
S01_U04.CH4.wav,7513.113,7513.432,foreground
S01_U04.CH4.wav,7513.432,7516.092,background
S01_U04.CH4.wav,7516.092,7516.562,foreground
S01_U04.CH4.wav,7516.562,7517.302,background
S01_U04.CH4.wav,7517.302,7518.312,foreground
S01_U04.CH4.wav,7518.312,7519.172,background
S01_U04.CH4.wav,7519.172,7519.642,foreground
S01_U04.CH4.wav,7519.642,7519.943,background
S01_U04.CH4.wav,7519.943,7520.592,foreground
S01_U04.CH4.wav,7520.592,7520.892,background
S01_U04.CH4.wav,7520.892,7526.932,foreground
S01_U04.CH4.wav,7526.932,7526.983,background
S01_U04.CH4.wav,7526.983,7527.163,foreground
S01_U04.CH4.wav,7527.163,7527.432,background
S01_U04.CH4.wav,7527.432,7537.873,foreground
S01_U04.CH4.wav,7537.873,7538.712,background
S01_U04.CH4.wav,7538.712,7538.752,foreground
S01_U04.CH4.wav,7538.752,7538.842,background
S01_U04.CH4.wav,7538.842,7538.903,foreground
S01_U04.CH4.wav,7538.903,7538.943,background
S01_U04.CH4.wav,7538.943,7538.962,foreground
S01_U04.CH4.wav,7538.962,7539.403,background
S01_U04.CH4.wav,7539.403,7541.292,foreground
S01_U04.CH4.wav,7541.292,7542.932,background
S01_U04.CH4.wav,7542.932,7548.722,foreground
S01_U04.CH4.wav,7548.722,7549.092,background
S01_U04.CH4.wav,7549.092,7549.422,foreground
S01_U04.CH4.wav,7549.422,7551.243,background
S01_U04.CH4.wav,7551.243,7555.552,foreground
S01_U04.CH4.wav,7555.552,7555.953,background
S01_U04.CH4.wav,7555.953,7564.052,foreground
S01_U04.CH4.wav,7564.052,7564.092,background
S01_U04.CH4.wav,7564.092,7564.153,foreground
S01_U04.CH4.wav,7564.153,7564.203,background
S01_U04.CH4.wav,7564.203,7566.163,foreground
S01_U04.CH4.wav,7566.163,7566.373,background
S01_U04.CH4.wav,7566.373,7567.422,foreground
S01_U04.CH4.wav,7567.422,7568.783,background
S01_U04.CH4.wav,7568.783,7569.182,foreground
S01_U04.CH4.wav,7569.182,7570.903,background
S01_U04.CH4.wav,7570.903,7571.012,foreground
S01_U04.CH4.wav,7571.012,7571.102,background
S01_U04.CH4.wav,7571.102,7575.382,foreground
S01_U04.CH4.wav,7575.382,7575.773,background
S01_U04.CH4.wav,7575.773,7581.573,foreground
S01_U04.CH4.wav,7581.573,7581.922,background
S01_U04.CH4.wav,7581.922,7584.062,foreground
S01_U04.CH4.wav,7584.062,7584.102,background
S01_U04.CH4.wav,7584.102,7593.523,foreground
S01_U04.CH4.wav,7593.523,7593.792,background
S01_U04.CH4.wav,7593.792,7593.842,foreground
S01_U04.CH4.wav,7593.842,7593.913,background
S01_U04.CH4.wav,7593.913,7595.932,foreground
S01_U04.CH4.wav,7595.932,7596.182,background
S01_U04.CH4.wav,7596.182,7596.382,foreground
S01_U04.CH4.wav,7596.382,7596.422,background
S01_U04.CH4.wav,7596.422,7597.262,foreground
S01_U04.CH4.wav,7597.262,7599.323,background
S01_U04.CH4.wav,7599.323,7599.852,foreground
S01_U04.CH4.wav,7599.852,7602.832,background
S01_U04.CH4.wav,7602.832,7603.682,foreground
S01_U04.CH4.wav,7603.682,7604.062,background
S01_U04.CH4.wav,7604.062,7605.873,foreground
S01_U04.CH4.wav,7605.873,7605.922,background
S01_U04.CH4.wav,7605.922,7605.932,foreground
S01_U04.CH4.wav,7605.932,7605.953,background
S01_U04.CH4.wav,7605.953,7620.542,foreground
S01_U04.CH4.wav,7620.542,7621.693,background
S01_U04.CH4.wav,7621.693,7621.773,foreground
S01_U04.CH4.wav,7621.773,7621.842,background
S01_U04.CH4.wav,7621.842,7621.863,foreground
S01_U04.CH4.wav,7621.863,7622.623,background
S01_U04.CH4.wav,7622.623,7622.722,foreground
S01_U04.CH4.wav,7622.722,7623.773,background
S01_U04.CH4.wav,7623.773,7625.273,foreground
S01_U04.CH4.wav,7625.273,7625.432,background
S01_U04.CH4.wav,7625.432,7625.873,foreground
S01_U04.CH4.wav,7625.873,7626.542,background
S01_U04.CH4.wav,7626.542,7627.212,foreground
S01_U04.CH4.wav,7627.212,7627.483,background
S01_U04.CH4.wav,7627.483,7627.592,foreground
S01_U04.CH4.wav,7627.592,7627.712,background
S01_U04.CH4.wav,7627.712,7627.913,foreground
S01_U04.CH4.wav,7627.913,7628.832,background
S01_U04.CH4.wav,7628.832,7629.512,foreground
S01_U04.CH4.wav,7629.512,7629.832,background
S01_U04.CH4.wav,7629.832,7629.852,foreground
S01_U04.CH4.wav,7629.852,7629.972,background
S01_U04.CH4.wav,7629.972,7630.002,foreground
S01_U04.CH4.wav,7630.002,7630.012,background
S01_U04.CH4.wav,7630.012,7630.243,foreground
S01_U04.CH4.wav,7630.243,7632.542,background
S01_U04.CH4.wav,7632.542,7632.993,foreground
S01_U04.CH4.wav,7632.993,7635.512,background
S01_U04.CH4.wav,7635.512,7636.483,foreground
S01_U04.CH4.wav,7636.483,7636.802,background
S01_U04.CH4.wav,7636.802,7637.163,foreground
S01_U04.CH4.wav,7637.163,7637.623,background
S01_U04.CH4.wav,7637.623,7643.443,foreground
S01_U04.CH4.wav,7643.443,7643.573,background
S01_U04.CH4.wav,7643.573,7643.832,foreground
S01_U04.CH4.wav,7643.832,7644.262,background
S01_U04.CH4.wav,7644.262,7644.943,foreground
S01_U04.CH4.wav,7644.943,7645.483,background
S01_U04.CH4.wav,7645.483,7647.802,foreground
S01_U04.CH4.wav,7647.802,7648.163,background
S01_U04.CH4.wav,7648.163,7651.113,foreground
S01_U04.CH4.wav,7651.113,7652.073,background
S01_U04.CH4.wav,7652.073,7652.922,foreground
S01_U04.CH4.wav,7652.922,7654.203,background
S01_U04.CH4.wav,7654.203,7658.203,foreground
S01_U04.CH4.wav,7658.203,7658.642,background
S01_U04.CH4.wav,7658.642,7668.642,foreground
S01_U04.CH4.wav,7668.642,7668.653,background
S01_U04.CH4.wav,7668.653,7668.762,foreground
S01_U04.CH4.wav,7668.762,7668.802,background
S01_U04.CH4.wav,7668.802,7668.832,foreground
S01_U04.CH4.wav,7668.832,7669.012,background
S01_U04.CH4.wav,7669.012,7674.632,foreground
S01_U04.CH4.wav,7674.632,7674.663,background
S01_U04.CH4.wav,7674.663,7674.693,foreground
S01_U04.CH4.wav,7674.693,7674.852,background
S01_U04.CH4.wav,7674.852,7688.472,foreground
S01_U04.CH4.wav,7688.472,7689.002,background
S01_U04.CH4.wav,7689.002,7716.693,foreground
S01_U04.CH4.wav,7716.693,7716.993,background
S01_U04.CH4.wav,7716.993,7718.023,foreground
S01_U04.CH4.wav,7718.023,7719.102,background
S01_U04.CH4.wav,7719.102,7719.623,foreground
S01_U04.CH4.wav,7719.623,7719.682,background
S01_U04.CH4.wav,7719.682,7719.722,foreground
S01_U04.CH4.wav,7719.722,7719.773,background
S01_U04.CH4.wav,7719.773,7722.903,foreground
S01_U04.CH4.wav,7722.903,7723.943,background
S01_U04.CH4.wav,7723.943,7726.273,foreground
S01_U04.CH4.wav,7726.273,7726.653,background
S01_U04.CH4.wav,7726.653,7728.453,foreground
S01_U04.CH4.wav,7728.453,7729.382,background
S01_U04.CH4.wav,7729.382,7734.712,foreground
S01_U04.CH4.wav,7734.712,7736.323,background
S01_U04.CH4.wav,7736.323,7744.932,foreground
S01_U04.CH4.wav,7744.932,7746.802,background
S01_U04.CH4.wav,7746.802,7748.252,foreground
S01_U04.CH4.wav,7748.252,7748.302,background
S01_U04.CH4.wav,7748.302,7748.323,foreground
S01_U04.CH4.wav,7748.323,7748.332,background
S01_U04.CH4.wav,7748.332,7748.413,foreground
S01_U04.CH4.wav,7748.413,7748.552,background
S01_U04.CH4.wav,7748.552,7749.462,foreground
S01_U04.CH4.wav,7749.462,7749.773,background
S01_U04.CH4.wav,7749.773,7752.602,foreground
S01_U04.CH4.wav,7752.602,7752.632,background
S01_U04.CH4.wav,7752.632,7752.802,foreground
S01_U04.CH4.wav,7752.802,7752.852,background
S01_U04.CH4.wav,7752.852,7752.943,foreground
S01_U04.CH4.wav,7752.943,7753.002,background
S01_U04.CH4.wav,7753.002,7753.882,foreground
S01_U04.CH4.wav,7753.882,7754.073,background
S01_U04.CH4.wav,7754.073,7758.903,foreground
S01_U04.CH4.wav,7758.903,7760.233,background
S01_U04.CH4.wav,7760.233,7760.712,foreground
S01_U04.CH4.wav,7760.712,7761.233,background
S01_U04.CH4.wav,7761.233,7761.823,foreground
S01_U04.CH4.wav,7761.823,7762.012,background
S01_U04.CH4.wav,7762.012,7763.462,foreground
S01_U04.CH4.wav,7763.462,7764.042,background
S01_U04.CH4.wav,7764.042,7764.703,foreground
S01_U04.CH4.wav,7764.703,7764.842,background
S01_U04.CH4.wav,7764.842,7767.462,foreground
S01_U04.CH4.wav,7767.462,7767.993,background
S01_U04.CH4.wav,7767.993,7768.382,foreground
S01_U04.CH4.wav,7768.382,7769.602,background
S01_U04.CH4.wav,7769.602,7772.432,foreground
S01_U04.CH4.wav,7772.432,7773.502,background
S01_U04.CH4.wav,7773.502,7774.312,foreground
S01_U04.CH4.wav,7774.312,7775.983,background
S01_U04.CH4.wav,7775.983,7777.403,foreground
S01_U04.CH4.wav,7777.403,7778.653,background
S01_U04.CH4.wav,7778.653,7779.523,foreground
S01_U04.CH4.wav,7779.523,7780.762,background
S01_U04.CH4.wav,7780.762,7781.123,foreground
S01_U04.CH4.wav,7781.123,7782.212,background
S01_U04.CH4.wav,7782.212,7784.903,foreground
S01_U04.CH4.wav,7784.903,7785.863,background
S01_U04.CH4.wav,7785.863,7786.802,foreground
S01_U04.CH4.wav,7786.802,7786.892,background
S01_U04.CH4.wav,7786.892,7787.733,foreground
S01_U04.CH4.wav,7787.733,7788.332,background
S01_U04.CH4.wav,7788.332,7789.113,foreground
S01_U04.CH4.wav,7789.113,7789.403,background
S01_U04.CH4.wav,7789.403,7789.733,foreground
S01_U04.CH4.wav,7789.733,7790.523,background
S01_U04.CH4.wav,7790.523,7790.832,foreground
S01_U04.CH4.wav,7790.832,7791.682,background
S01_U04.CH4.wav,7791.682,7797.693,foreground
S01_U04.CH4.wav,7797.693,7797.802,background
S01_U04.CH4.wav,7797.802,7800.222,foreground
S01_U04.CH4.wav,7800.222,7801.903,background
S01_U04.CH4.wav,7801.903,7810.342,foreground
S01_U04.CH4.wav,7810.342,7812.292,background
S01_U04.CH4.wav,7812.292,7840.932,foreground
S01_U04.CH4.wav,7840.932,7841.493,background
S01_U04.CH4.wav,7841.493,7841.712,foreground
S01_U04.CH4.wav,7841.712,7842.302,background
S01_U04.CH4.wav,7842.302,7843.002,foreground
S01_U04.CH4.wav,7843.002,7843.842,background
S01_U04.CH4.wav,7843.842,7844.693,foreground
S01_U04.CH4.wav,7844.693,7844.792,background
S01_U04.CH4.wav,7844.792,7845.233,foreground
S01_U04.CH4.wav,7845.233,7845.573,background
S01_U04.CH4.wav,7845.573,7847.092,foreground
S01_U04.CH4.wav,7847.092,7847.523,background
S01_U04.CH4.wav,7847.523,7847.962,foreground
S01_U04.CH4.wav,7847.962,7849.762,background
S01_U04.CH4.wav,7849.762,7850.462,foreground
S01_U04.CH4.wav,7850.462,7850.913,background
S01_U04.CH4.wav,7850.913,7851.422,foreground
S01_U04.CH4.wav,7851.422,7851.443,background
S01_U04.CH4.wav,7851.443,7853.903,foreground
S01_U04.CH4.wav,7853.903,7854.182,background
S01_U04.CH4.wav,7854.182,7855.773,foreground
S01_U04.CH4.wav,7855.773,7855.852,background
S01_U04.CH4.wav,7855.852,7858.773,foreground
S01_U04.CH4.wav,7858.773,7858.953,background
S01_U04.CH4.wav,7858.953,7859.642,foreground
S01_U04.CH4.wav,7859.642,7860.573,background
S01_U04.CH4.wav,7860.573,7861.342,foreground
S01_U04.CH4.wav,7861.342,7861.582,background
S01_U04.CH4.wav,7861.582,7861.602,foreground
S01_U04.CH4.wav,7861.602,7861.682,background
S01_U04.CH4.wav,7861.682,7861.802,foreground
S01_U04.CH4.wav,7861.802,7862.042,background
S01_U04.CH4.wav,7862.042,7863.342,foreground
S01_U04.CH4.wav,7863.342,7863.913,background
S01_U04.CH4.wav,7863.913,7865.613,foreground
S01_U04.CH4.wav,7865.613,7866.382,background
S01_U04.CH4.wav,7866.382,7866.823,foreground
S01_U04.CH4.wav,7866.823,7871.203,background
S01_U04.CH4.wav,7871.203,7871.932,foreground
S01_U04.CH4.wav,7871.932,7872.212,background
S01_U04.CH4.wav,7872.212,7872.672,foreground
S01_U04.CH4.wav,7872.672,7874.172,background
S01_U04.CH4.wav,7874.172,7874.502,foreground
S01_U04.CH4.wav,7874.502,7875.552,background
S01_U04.CH4.wav,7875.552,7876.413,foreground
S01_U04.CH4.wav,7876.413,7880.842,background
S01_U04.CH4.wav,7880.842,7881.932,foreground
S01_U04.CH4.wav,7881.932,7883.292,background
S01_U04.CH4.wav,7883.292,7883.913,foreground
S01_U04.CH4.wav,7883.913,7883.932,background
S01_U04.CH4.wav,7883.932,7884.573,foreground
S01_U04.CH4.wav,7884.573,7885.163,background
S01_U04.CH4.wav,7885.163,7885.283,foreground
S01_U04.CH4.wav,7885.283,7885.302,background
S01_U04.CH4.wav,7885.302,7888.283,foreground
S01_U04.CH4.wav,7888.283,7889.422,background
S01_U04.CH4.wav,7889.422,7890.233,foreground
S01_U04.CH4.wav,7890.233,7890.703,background
S01_U04.CH4.wav,7890.703,7891.113,foreground
S01_U04.CH4.wav,7891.113,7892.292,background
S01_U04.CH4.wav,7892.292,7892.922,foreground
S01_U04.CH4.wav,7892.922,7893.123,background
S01_U04.CH4.wav,7893.123,7893.682,foreground
S01_U04.CH4.wav,7893.682,7893.943,background
S01_U04.CH4.wav,7893.943,7895.002,foreground
S01_U04.CH4.wav,7895.002,7895.722,background
S01_U04.CH4.wav,7895.722,7896.123,foreground
S01_U04.CH4.wav,7896.123,7897.283,background
S01_U04.CH4.wav,7897.283,7898.073,foreground
S01_U04.CH4.wav,7898.073,7898.642,background
S01_U04.CH4.wav,7898.642,7898.913,foreground
S01_U04.CH4.wav,7898.913,7898.993,background
S01_U04.CH4.wav,7898.993,7899.252,foreground
S01_U04.CH4.wav,7899.252,7900.592,background
S01_U04.CH4.wav,7900.592,7901.083,foreground
S01_U04.CH4.wav,7901.083,7901.602,background
S01_U04.CH4.wav,7901.602,7902.142,foreground
S01_U04.CH4.wav,7902.142,7902.552,background
S01_U04.CH4.wav,7902.552,7903.953,foreground
S01_U04.CH4.wav,7903.953,7910.873,background
S01_U04.CH4.wav,7910.873,7911.903,foreground
S01_U04.CH4.wav,7911.903,7913.083,background
S01_U04.CH4.wav,7913.083,7913.403,foreground
S01_U04.CH4.wav,7913.403,7913.762,background
S01_U04.CH4.wav,7913.762,7914.062,foreground
S01_U04.CH4.wav,7914.062,7914.562,background
S01_U04.CH4.wav,7914.562,7914.773,foreground
S01_U04.CH4.wav,7914.773,7917.342,background
S01_U04.CH4.wav,7917.342,7919.422,foreground
S01_U04.CH4.wav,7919.422,7919.932,background
S01_U04.CH4.wav,7919.932,7920.472,foreground
S01_U04.CH4.wav,7920.472,7921.252,background
S01_U04.CH4.wav,7921.252,7922.922,foreground
S01_U04.CH4.wav,7922.922,7926.863,background
S01_U04.CH4.wav,7926.863,7927.052,foreground
S01_U04.CH4.wav,7927.052,7927.163,background
S01_U04.CH4.wav,7927.163,7928.812,foreground
S01_U04.CH4.wav,7928.812,7929.092,background
S01_U04.CH4.wav,7929.092,7931.323,foreground
S01_U04.CH4.wav,7931.323,7931.863,background
S01_U04.CH4.wav,7931.863,7932.243,foreground
S01_U04.CH4.wav,7932.243,7932.693,background
S01_U04.CH4.wav,7932.693,7933.153,foreground
S01_U04.CH4.wav,7933.153,7933.733,background
S01_U04.CH4.wav,7933.733,7935.693,foreground
S01_U04.CH4.wav,7935.693,7936.733,background
S01_U04.CH4.wav,7936.733,7936.882,foreground
S01_U04.CH4.wav,7936.882,7936.962,background
S01_U04.CH4.wav,7936.962,7937.123,foreground
S01_U04.CH4.wav,7937.123,7937.703,background
S01_U04.CH4.wav,7937.703,7947.052,foreground
S01_U04.CH4.wav,7947.052,7947.592,background
S01_U04.CH4.wav,7947.592,7948.333,foreground
S01_U04.CH4.wav,7948.333,7948.903,background
S01_U04.CH4.wav,7948.903,7949.972,foreground
S01_U04.CH4.wav,7949.972,7950.363,background
S01_U04.CH4.wav,7950.363,7950.632,foreground
S01_U04.CH4.wav,7950.632,7951.012,background
S01_U04.CH4.wav,7951.012,7952.323,foreground
S01_U04.CH4.wav,7952.323,7952.382,background
S01_U04.CH4.wav,7952.382,7952.403,foreground
S01_U04.CH4.wav,7952.403,7952.773,background
S01_U04.CH4.wav,7952.773,7955.613,foreground
S01_U04.CH4.wav,7955.613,7956.682,background
S01_U04.CH4.wav,7956.682,7962.562,foreground
S01_U04.CH4.wav,7962.562,7964.292,background
S01_U04.CH4.wav,7964.292,7964.632,foreground
S01_U04.CH4.wav,7964.632,7965.123,background
S01_U04.CH4.wav,7965.123,7966.312,foreground
S01_U04.CH4.wav,7966.312,7971.102,background
S01_U04.CH4.wav,7971.102,7971.623,foreground
S01_U04.CH4.wav,7971.623,7972.052,background
S01_U04.CH4.wav,7972.052,7972.073,foreground
S01_U04.CH4.wav,7972.073,7972.083,background
S01_U04.CH4.wav,7972.083,7972.233,foreground
S01_U04.CH4.wav,7972.233,7972.382,background
S01_U04.CH4.wav,7972.382,7972.562,foreground
S01_U04.CH4.wav,7972.562,7972.583,background
S01_U04.CH4.wav,7972.583,7973.613,foreground
S01_U04.CH4.wav,7973.613,7973.802,background
S01_U04.CH4.wav,7973.802,7975.483,foreground
S01_U04.CH4.wav,7975.483,7976.323,background
S01_U04.CH4.wav,7976.323,7976.392,foreground
S01_U04.CH4.wav,7976.392,7976.573,background
S01_U04.CH4.wav,7976.573,7976.722,foreground
S01_U04.CH4.wav,7976.722,7976.993,background
S01_U04.CH4.wav,7976.993,7977.073,foreground
S01_U04.CH4.wav,7977.073,7979.802,background
S01_U04.CH4.wav,7979.802,7981.222,foreground
S01_U04.CH4.wav,7981.222,7982.012,background
S01_U04.CH4.wav,7982.012,7983.342,foreground
S01_U04.CH4.wav,7983.342,7983.823,background
S01_U04.CH4.wav,7983.823,7984.712,foreground
S01_U04.CH4.wav,7984.712,7985.083,background
S01_U04.CH4.wav,7985.083,7985.493,foreground
S01_U04.CH4.wav,7985.493,7986.512,background
S01_U04.CH4.wav,7986.512,7986.812,foreground
S01_U04.CH4.wav,7986.812,7987.283,background
S01_U04.CH4.wav,7987.283,7987.483,foreground
S01_U04.CH4.wav,7987.483,7990.443,background
S01_U04.CH4.wav,7990.443,7990.462,foreground
S01_U04.CH4.wav,7990.462,7991.533,background
S01_U04.CH4.wav,7991.533,7992.542,foreground
S01_U04.CH4.wav,7992.542,7993.983,background
S01_U04.CH4.wav,7993.983,7994.012,foreground
S01_U04.CH4.wav,7994.012,7994.792,background
S01_U04.CH4.wav,7994.792,7994.983,foreground
S01_U04.CH4.wav,7994.983,7996.153,background
S01_U04.CH4.wav,7996.153,7996.193,foreground
S01_U04.CH4.wav,7996.193,8001.052,background
S01_U04.CH4.wav,8001.052,8001.663,foreground
S01_U04.CH4.wav,8001.663,8004.672,background
S01_U04.CH4.wav,8004.672,8005.092,foreground
S01_U04.CH4.wav,8005.092,8005.153,background
S01_U04.CH4.wav,8005.153,8005.712,foreground
S01_U04.CH4.wav,8005.712,8007.712,background
S01_U04.CH4.wav,8007.712,8009.073,foreground
S01_U04.CH4.wav,8009.073,8009.962,background
S01_U04.CH4.wav,8009.962,8010.453,foreground
S01_U04.CH4.wav,8010.453,8011.002,background
S01_U04.CH4.wav,8011.002,8012.373,foreground
S01_U04.CH4.wav,8012.373,8013.193,background
S01_U04.CH4.wav,8013.193,8022.413,foreground
S01_U04.CH4.wav,8022.413,8022.462,background
S01_U04.CH4.wav,8022.462,8025.182,foreground
S01_U04.CH4.wav,8025.182,8025.852,background
S01_U04.CH4.wav,8025.852,8028.512,foreground
S01_U04.CH4.wav,8028.512,8028.932,background
S01_U04.CH4.wav,8028.932,8029.903,foreground
S01_U04.CH4.wav,8029.903,8030.373,background
S01_U04.CH4.wav,8030.373,8033.203,foreground
S01_U04.CH4.wav,8033.203,8033.302,background
S01_U04.CH4.wav,8033.302,8033.823,foreground
S01_U04.CH4.wav,8033.823,8035.153,background
S01_U04.CH4.wav,8035.153,8035.932,foreground
S01_U04.CH4.wav,8035.932,8036.613,background
S01_U04.CH4.wav,8036.613,8037.443,foreground
S01_U04.CH4.wav,8037.443,8037.863,background
S01_U04.CH4.wav,8037.863,8038.083,foreground
S01_U04.CH4.wav,8038.083,8038.552,background
S01_U04.CH4.wav,8038.552,8039.312,foreground
S01_U04.CH4.wav,8039.312,8039.802,background
S01_U04.CH4.wav,8039.802,8042.132,foreground
S01_U04.CH4.wav,8042.132,8046.373,background
S01_U04.CH4.wav,8046.373,8048.773,foreground
S01_U04.CH4.wav,8048.773,8050.193,background
S01_U04.CH4.wav,8050.193,8050.663,foreground
S01_U04.CH4.wav,8050.663,8054.672,background
S01_U04.CH4.wav,8054.672,8055.023,foreground
S01_U04.CH4.wav,8055.023,8055.592,background
S01_U04.CH4.wav,8055.592,8056.123,foreground
S01_U04.CH4.wav,8056.123,8057.373,background
S01_U04.CH4.wav,8057.373,8057.382,foreground
S01_U04.CH4.wav,8057.382,8057.422,background
S01_U04.CH4.wav,8057.422,8057.823,foreground
S01_U04.CH4.wav,8057.823,8058.443,background
S01_U04.CH4.wav,8058.443,8059.023,foreground
S01_U04.CH4.wav,8059.023,8059.833,background
S01_U04.CH4.wav,8059.833,8061.023,foreground
S01_U04.CH4.wav,8061.023,8061.712,background
S01_U04.CH4.wav,8061.712,8061.983,foreground
S01_U04.CH4.wav,8061.983,8063.302,background
S01_U04.CH4.wav,8063.302,8063.583,foreground
S01_U04.CH4.wav,8063.583,8064.083,background
S01_U04.CH4.wav,8064.083,8064.182,foreground
S01_U04.CH4.wav,8064.182,8065.802,background
S01_U04.CH4.wav,8065.802,8066.903,foreground
S01_U04.CH4.wav,8066.903,8067.873,background
S01_U04.CH4.wav,8067.873,8068.262,foreground
S01_U04.CH4.wav,8068.262,8068.453,background
S01_U04.CH4.wav,8068.453,8068.783,foreground
S01_U04.CH4.wav,8068.783,8069.453,background
S01_U04.CH4.wav,8069.453,8069.562,foreground
S01_U04.CH4.wav,8069.562,8070.792,background
S01_U04.CH4.wav,8070.792,8070.892,foreground
S01_U04.CH4.wav,8070.892,8071.693,background
S01_U04.CH4.wav,8071.693,8071.773,foreground
S01_U04.CH4.wav,8071.773,8072.023,background
S01_U04.CH4.wav,8072.023,8072.042,foreground
S01_U04.CH4.wav,8072.042,8072.363,background
S01_U04.CH4.wav,8072.363,8073.023,foreground
S01_U04.CH4.wav,8073.023,8073.203,background
S01_U04.CH4.wav,8073.203,8073.852,foreground
S01_U04.CH4.wav,8073.852,8074.342,background
S01_U04.CH4.wav,8074.342,8076.712,foreground
S01_U04.CH4.wav,8076.712,8076.812,background
S01_U04.CH4.wav,8076.812,8077.443,foreground
S01_U04.CH4.wav,8077.443,8078.333,background
S01_U04.CH4.wav,8078.333,8078.462,foreground
S01_U04.CH4.wav,8078.462,8078.913,background
S01_U04.CH4.wav,8078.913,8079.432,foreground
S01_U04.CH4.wav,8079.432,8081.712,background
S01_U04.CH4.wav,8081.712,8082.113,foreground
S01_U04.CH4.wav,8082.113,8082.823,background
S01_U04.CH4.wav,8082.823,8082.972,foreground
S01_U04.CH4.wav,8082.972,8083.703,background
S01_U04.CH4.wav,8083.703,8084.113,foreground
S01_U04.CH4.wav,8084.113,8084.922,background
S01_U04.CH4.wav,8084.922,8085.812,foreground
S01_U04.CH4.wav,8085.812,8086.642,background
S01_U04.CH4.wav,8086.642,8086.792,foreground
S01_U04.CH4.wav,8086.792,8090.873,background
S01_U04.CH4.wav,8090.873,8091.212,foreground
S01_U04.CH4.wav,8091.212,8091.972,background
S01_U04.CH4.wav,8091.972,8093.642,foreground
S01_U04.CH4.wav,8093.642,8096.403,background
S01_U04.CH4.wav,8096.403,8096.903,foreground
S01_U04.CH4.wav,8096.903,8098.262,background
S01_U04.CH4.wav,8098.262,8098.733,foreground
S01_U04.CH4.wav,8098.733,8099.042,background
S01_U04.CH4.wav,8099.042,8100.512,foreground
S01_U04.CH4.wav,8100.512,8100.703,background
S01_U04.CH4.wav,8100.703,8100.752,foreground
S01_U04.CH4.wav,8100.752,8100.913,background
S01_U04.CH4.wav,8100.913,8100.972,foreground
S01_U04.CH4.wav,8100.972,8100.983,background
S01_U04.CH4.wav,8100.983,8101.062,foreground
S01_U04.CH4.wav,8101.062,8103.882,background
S01_U04.CH4.wav,8103.882,8109.962,foreground
S01_U04.CH4.wav,8109.962,8110.073,background
S01_U04.CH4.wav,8110.073,8111.302,foreground
S01_U04.CH4.wav,8111.302,8111.552,background
S01_U04.CH4.wav,8111.552,8111.762,foreground
S01_U04.CH4.wav,8111.762,8112.203,background
S01_U04.CH4.wav,8112.203,8112.392,foreground
S01_U04.CH4.wav,8112.392,8113.382,background
S01_U04.CH4.wav,8113.382,8115.833,foreground
S01_U04.CH4.wav,8115.833,8116.432,background
S01_U04.CH4.wav,8116.432,8118.733,foreground
S01_U04.CH4.wav,8118.733,8119.153,background
S01_U04.CH4.wav,8119.153,8139.413,foreground
S01_U04.CH4.wav,8139.413,8139.493,background
S01_U04.CH4.wav,8139.493,8139.502,foreground
S01_U04.CH4.wav,8139.502,8139.632,background
S01_U04.CH4.wav,8139.632,8140.613,foreground
S01_U04.CH4.wav,8140.613,8141.613,background
S01_U04.CH4.wav,8141.613,8145.552,foreground
S01_U04.CH4.wav,8145.552,8146.762,background
S01_U04.CH4.wav,8146.762,8147.512,foreground
S01_U04.CH4.wav,8147.512,8149.903,background
S01_U04.CH4.wav,8149.903,8150.443,foreground
S01_U04.CH4.wav,8150.443,8152.552,background
S01_U04.CH4.wav,8152.552,8152.903,foreground
S01_U04.CH4.wav,8152.903,8153.542,background
S01_U04.CH4.wav,8153.542,8154.123,foreground
S01_U04.CH4.wav,8154.123,8155.613,background
S01_U04.CH4.wav,8155.613,8156.262,foreground
S01_U04.CH4.wav,8156.262,8157.453,background
S01_U04.CH4.wav,8157.453,8159.283,foreground
S01_U04.CH4.wav,8159.283,8161.863,background
S01_U04.CH4.wav,8161.863,8163.292,foreground
S01_U04.CH4.wav,8163.292,8163.342,background
S01_U04.CH4.wav,8163.342,8166.193,foreground
S01_U04.CH4.wav,8166.193,8166.493,background
S01_U04.CH4.wav,8166.493,8167.432,foreground
S01_U04.CH4.wav,8167.432,8167.983,background
S01_U04.CH4.wav,8167.983,8168.493,foreground
S01_U04.CH4.wav,8168.493,8171.472,background
S01_U04.CH4.wav,8171.472,8171.623,foreground
S01_U04.CH4.wav,8171.623,8175.243,background
S01_U04.CH4.wav,8175.243,8175.762,foreground
S01_U04.CH4.wav,8175.762,8184.892,background
S01_U04.CH4.wav,8184.892,8185.002,foreground
S01_U04.CH4.wav,8185.002,8187.623,background
S01_U04.CH4.wav,8187.623,8188.573,foreground
S01_U04.CH4.wav,8188.573,8190.623,background
S01_U04.CH4.wav,8190.623,8191.693,foreground
S01_U04.CH4.wav,8191.693,8193.562,background
S01_U04.CH4.wav,8193.562,8193.903,foreground
S01_U04.CH4.wav,8193.903,8195.713,background
S01_U04.CH4.wav,8195.713,8196.243,foreground
S01_U04.CH4.wav,8196.243,8197.143,background
S01_U04.CH4.wav,8197.143,8197.203,foreground
S01_U04.CH4.wav,8197.203,8197.213,background
S01_U04.CH4.wav,8197.213,8197.233,foreground
S01_U04.CH4.wav,8197.233,8197.243,background
S01_U04.CH4.wav,8197.243,8197.673,foreground
S01_U04.CH4.wav,8197.673,8199.183,background
S01_U04.CH4.wav,8199.183,8199.503,foreground
S01_U04.CH4.wav,8199.503,8203.933,background
S01_U04.CH4.wav,8203.933,8204.253,foreground
S01_U04.CH4.wav,8204.253,8205.073,background
S01_U04.CH4.wav,8205.073,8205.333,foreground
S01_U04.CH4.wav,8205.333,8207.153,background
S01_U04.CH4.wav,8207.153,8207.163,foreground
S01_U04.CH4.wav,8207.163,8207.283,background
S01_U04.CH4.wav,8207.283,8207.613,foreground
S01_U04.CH4.wav,8207.613,8209.213,background
S01_U04.CH4.wav,8209.213,8210.163,foreground
S01_U04.CH4.wav,8210.163,8217.353,background
S01_U04.CH4.wav,8217.353,8217.443,foreground
S01_U04.CH4.wav,8217.443,8218.603,background
S01_U04.CH4.wav,8218.603,8219.413,foreground
S01_U04.CH4.wav,8219.413,8226.773,background
S01_U04.CH4.wav,8226.773,8227.673,foreground
S01_U04.CH4.wav,8227.673,8229.083,background
S01_U04.CH4.wav,8229.083,8231.003,foreground
S01_U04.CH4.wav,8231.003,8232.373,background
S01_U04.CH4.wav,8232.373,8233.203,foreground
S01_U04.CH4.wav,8233.203,8233.393,background
S01_U04.CH4.wav,8233.393,8233.493,foreground
S01_U04.CH4.wav,8233.493,8233.503,background
S01_U04.CH4.wav,8233.503,8233.603,foreground
S01_U04.CH4.wav,8233.603,8237.203,background
S01_U04.CH4.wav,8237.203,8237.223,foreground
S01_U04.CH4.wav,8237.223,8239.643,background
S01_U04.CH4.wav,8239.643,8241.523,foreground
S01_U04.CH4.wav,8241.523,8242.543,background
S01_U04.CH4.wav,8242.543,8244.653,foreground
S01_U04.CH4.wav,8244.653,8245.153,background
S01_U04.CH4.wav,8245.153,8247.213,foreground
S01_U04.CH4.wav,8247.213,8247.593,background
S01_U04.CH4.wav,8247.593,8249.913,foreground
S01_U04.CH4.wav,8249.913,8252.573,background
S01_U04.CH4.wav,8252.573,8254.553,foreground
S01_U04.CH4.wav,8254.553,8254.923,background
S01_U04.CH4.wav,8254.923,8255.003,foreground
S01_U04.CH4.wav,8255.003,8255.073,background
S01_U04.CH4.wav,8255.073,8257.423,foreground
S01_U04.CH4.wav,8257.423,8258.123,background
S01_U04.CH4.wav,8258.123,8264.263,foreground
S01_U04.CH4.wav,8264.263,8265.523,background
S01_U04.CH4.wav,8265.523,8266.703,foreground
S01_U04.CH4.wav,8266.703,8266.953,background
S01_U04.CH4.wav,8266.953,8269.323,foreground
S01_U04.CH4.wav,8269.323,8269.943,background
S01_U04.CH4.wav,8269.943,8271.643,foreground
S01_U04.CH4.wav,8271.643,8272.723,background
S01_U04.CH4.wav,8272.723,8273.073,foreground
S01_U04.CH4.wav,8273.073,8273.812,background
S01_U04.CH4.wav,8273.812,8274.873,foreground
S01_U04.CH4.wav,8274.873,8275.793,background
S01_U04.CH4.wav,8275.793,8277.883,foreground
S01_U04.CH4.wav,8277.883,8278.043,background
S01_U04.CH4.wav,8278.043,8282.593,foreground
S01_U04.CH4.wav,8282.593,8282.812,background
S01_U04.CH4.wav,8282.812,8284.163,foreground
S01_U04.CH4.wav,8284.163,8284.883,background
S01_U04.CH4.wav,8284.883,8284.893,foreground
S01_U04.CH4.wav,8284.893,8284.913,background
S01_U04.CH4.wav,8284.913,8294.223,foreground
S01_U04.CH4.wav,8294.223,8294.643,background
S01_U04.CH4.wav,8294.643,8295.343,foreground
S01_U04.CH4.wav,8295.343,8295.853,background
S01_U04.CH4.wav,8295.853,8296.713,foreground
S01_U04.CH4.wav,8296.713,8297.312,background
S01_U04.CH4.wav,8297.312,8304.913,foreground
S01_U04.CH4.wav,8304.913,8305.963,background
S01_U04.CH4.wav,8305.963,8306.413,foreground
S01_U04.CH4.wav,8306.413,8306.883,background
S01_U04.CH4.wav,8306.883,8307.373,foreground
S01_U04.CH4.wav,8307.373,8307.933,background
S01_U04.CH4.wav,8307.933,8308.173,foreground
S01_U04.CH4.wav,8308.173,8308.193,background
S01_U04.CH4.wav,8308.193,8308.233,foreground
S01_U04.CH4.wav,8308.233,8308.763,background
S01_U04.CH4.wav,8308.763,8310.373,foreground
S01_U04.CH4.wav,8310.373,8311.223,background
S01_U04.CH4.wav,8311.223,8313.123,foreground
S01_U04.CH4.wav,8313.123,8313.803,background
S01_U04.CH4.wav,8313.803,8314.123,foreground
S01_U04.CH4.wav,8314.123,8315.183,background
S01_U04.CH4.wav,8315.183,8315.303,foreground
S01_U04.CH4.wav,8315.303,8315.562,background
S01_U04.CH4.wav,8315.562,8315.573,foreground
S01_U04.CH4.wav,8315.573,8316.953,background
S01_U04.CH4.wav,8316.953,8318.523,foreground
S01_U04.CH4.wav,8318.523,8318.653,background
S01_U04.CH4.wav,8318.653,8321.863,foreground
S01_U04.CH4.wav,8321.863,8322.062,background
S01_U04.CH4.wav,8322.062,8322.613,foreground
S01_U04.CH4.wav,8322.613,8324.383,background
S01_U04.CH4.wav,8324.383,8327.553,foreground
S01_U04.CH4.wav,8327.553,8329.053,background
S01_U04.CH4.wav,8329.053,8341.073,foreground
S01_U04.CH4.wav,8341.073,8342.193,background
S01_U04.CH4.wav,8342.193,8349.433,foreground
S01_U04.CH4.wav,8349.433,8349.573,background
S01_U04.CH4.wav,8349.573,8349.583,foreground
S01_U04.CH4.wav,8349.583,8350.793,background
S01_U04.CH4.wav,8350.793,8351.263,foreground
S01_U04.CH4.wav,8351.263,8351.293,background
S01_U04.CH4.wav,8351.293,8351.303,foreground
S01_U04.CH4.wav,8351.303,8351.473,background
S01_U04.CH4.wav,8351.473,8353.483,foreground
S01_U04.CH4.wav,8353.483,8353.663,background
S01_U04.CH4.wav,8353.663,8370.043,foreground
S01_U04.CH4.wav,8370.043,8370.923,background
S01_U04.CH4.wav,8370.923,8371.553,foreground
S01_U04.CH4.wav,8371.553,8372.073,background
S01_U04.CH4.wav,8372.073,8372.643,foreground
S01_U04.CH4.wav,8372.643,8372.983,background
S01_U04.CH4.wav,8372.983,8375.413,foreground
S01_U04.CH4.wav,8375.413,8375.913,background
S01_U04.CH4.wav,8375.913,8378.793,foreground
S01_U04.CH4.wav,8378.793,8379.223,background
S01_U04.CH4.wav,8379.223,8381.743,foreground
S01_U04.CH4.wav,8381.743,8382.963,background
S01_U04.CH4.wav,8382.963,8384.133,foreground
S01_U04.CH4.wav,8384.133,8385.263,background
S01_U04.CH4.wav,8385.263,8385.933,foreground
S01_U04.CH4.wav,8385.933,8385.943,background
S01_U04.CH4.wav,8385.943,8387.973,foreground
S01_U04.CH4.wav,8387.973,8388.763,background
S01_U04.CH4.wav,8388.763,8393.413,foreground
S01_U04.CH4.wav,8393.413,8393.463,background
S01_U04.CH4.wav,8393.463,8393.533,foreground
S01_U04.CH4.wav,8393.533,8393.543,background
S01_U04.CH4.wav,8393.543,8394.293,foreground
S01_U04.CH4.wav,8394.293,8395.323,background
S01_U04.CH4.wav,8395.323,8395.873,foreground
S01_U04.CH4.wav,8395.873,8396.363,background
S01_U04.CH4.wav,8396.363,8397.193,foreground
S01_U04.CH4.wav,8397.193,8397.213,background
S01_U04.CH4.wav,8397.213,8397.283,foreground
S01_U04.CH4.wav,8397.283,8397.693,background
S01_U04.CH4.wav,8397.693,8399.463,foreground
S01_U04.CH4.wav,8399.463,8399.873,background
S01_U04.CH4.wav,8399.873,8402.103,foreground
S01_U04.CH4.wav,8402.103,8402.373,background
S01_U04.CH4.wav,8402.373,8402.383,foreground
S01_U04.CH4.wav,8402.383,8403.763,background
S01_U04.CH4.wav,8403.763,8407.173,foreground
S01_U04.CH4.wav,8407.173,8408.283,background
S01_U04.CH4.wav,8408.283,8408.843,foreground
S01_U04.CH4.wav,8408.843,8408.863,background
S01_U04.CH4.wav,8408.863,8408.883,foreground
S01_U04.CH4.wav,8408.883,8409.043,background
S01_U04.CH4.wav,8409.043,8413.933,foreground
S01_U04.CH4.wav,8413.933,8415.703,background
S01_U04.CH4.wav,8415.703,8416.233,foreground
S01_U04.CH4.wav,8416.233,8416.753,background
S01_U04.CH4.wav,8416.753,8419.803,foreground
S01_U04.CH4.wav,8419.803,8421.123,background
S01_U04.CH4.wav,8421.123,8421.193,foreground
S01_U04.CH4.wav,8421.193,8422.023,background
S01_U04.CH4.wav,8422.023,8423.003,foreground
S01_U04.CH4.wav,8423.003,8423.483,background
S01_U04.CH4.wav,8423.483,8432.573,foreground
S01_U04.CH4.wav,8432.573,8432.663,background
S01_U04.CH4.wav,8432.663,8432.683,foreground
S01_U04.CH4.wav,8432.683,8432.983,background
S01_U04.CH4.wav,8432.983,8433.623,foreground
S01_U04.CH4.wav,8433.623,8434.343,background
S01_U04.CH4.wav,8434.343,8434.473,foreground
S01_U04.CH4.wav,8434.473,8435.993,background
S01_U04.CH4.wav,8435.993,8436.123,foreground
S01_U04.CH4.wav,8436.123,8436.703,background
S01_U04.CH4.wav,8436.703,8437.493,foreground
S01_U04.CH4.wav,8437.493,8440.173,background
S01_U04.CH4.wav,8440.173,8440.963,foreground
S01_U04.CH4.wav,8440.963,8441.003,background
S01_U04.CH4.wav,8441.003,8441.123,foreground
S01_U04.CH4.wav,8441.123,8442.243,background
S01_U04.CH4.wav,8442.243,8442.863,foreground
S01_U04.CH4.wav,8442.863,8443.103,background
S01_U04.CH4.wav,8443.103,8443.843,foreground
S01_U04.CH4.wav,8443.843,8444.433,background
S01_U04.CH4.wav,8444.433,8445.873,foreground
S01_U04.CH4.wav,8445.873,8446.213,background
S01_U04.CH4.wav,8446.213,8449.553,foreground
S01_U04.CH4.wav,8449.553,8449.613,background
S01_U04.CH4.wav,8449.613,8450.283,foreground
S01_U04.CH4.wav,8450.283,8450.443,background
S01_U04.CH4.wav,8450.443,8453.333,foreground
S01_U04.CH4.wav,8453.333,8454.163,background
S01_U04.CH4.wav,8454.163,8462.783,foreground
S01_U04.CH4.wav,8462.783,8465.963,background
S01_U04.CH4.wav,8465.963,8466.493,foreground
S01_U04.CH4.wav,8466.493,8467.933,background
S01_U04.CH4.wav,8467.933,8468.153,foreground
S01_U04.CH4.wav,8468.153,8469.513,background
S01_U04.CH4.wav,8469.513,8469.562,foreground
S01_U04.CH4.wav,8469.562,8469.593,background
S01_U04.CH4.wav,8469.593,8469.643,foreground
S01_U04.CH4.wav,8469.643,8470.562,background
S01_U04.CH4.wav,8470.562,8472.083,foreground
S01_U04.CH4.wav,8472.083,8472.713,background
S01_U04.CH4.wav,8472.713,8474.103,foreground
S01_U04.CH4.wav,8474.103,8474.713,background
S01_U04.CH4.wav,8474.713,8475.593,foreground
S01_U04.CH4.wav,8475.593,8479.013,background
S01_U04.CH4.wav,8479.013,8479.423,foreground
S01_U04.CH4.wav,8479.423,8480.623,background
S01_U04.CH4.wav,8480.623,8480.873,foreground
S01_U04.CH4.wav,8480.873,8482.163,background
S01_U04.CH4.wav,8482.163,8484.533,foreground
S01_U04.CH4.wav,8484.533,8485.253,background
S01_U04.CH4.wav,8485.253,8486.953,foreground
S01_U04.CH4.wav,8486.953,8487.062,background
S01_U04.CH4.wav,8487.062,8487.083,foreground
S01_U04.CH4.wav,8487.083,8490.003,background
S01_U04.CH4.wav,8490.003,8490.323,foreground
S01_U04.CH4.wav,8490.323,8490.713,background
S01_U04.CH4.wav,8490.713,8490.793,foreground
S01_U04.CH4.wav,8490.793,8490.893,background
S01_U04.CH4.wav,8490.893,8490.993,foreground
S01_U04.CH4.wav,8490.993,8493.283,background
S01_U04.CH4.wav,8493.283,8494.003,foreground
S01_U04.CH4.wav,8494.003,8494.673,background
S01_U04.CH4.wav,8494.673,8494.953,foreground
S01_U04.CH4.wav,8494.953,8495.743,background
S01_U04.CH4.wav,8495.743,8496.143,foreground
S01_U04.CH4.wav,8496.143,8496.163,background
S01_U04.CH4.wav,8496.163,8497.713,foreground
S01_U04.CH4.wav,8497.713,8498.473,background
S01_U04.CH4.wav,8498.473,8500.713,foreground
S01_U04.CH4.wav,8500.713,8502.153,background
S01_U04.CH4.wav,8502.153,8503.033,foreground
S01_U04.CH4.wav,8503.033,8503.062,background
S01_U04.CH4.wav,8503.062,8503.263,foreground
S01_U04.CH4.wav,8503.263,8504.153,background
S01_U04.CH4.wav,8504.153,8504.203,foreground
S01_U04.CH4.wav,8504.203,8504.223,background
S01_U04.CH4.wav,8504.223,8504.243,foreground
S01_U04.CH4.wav,8504.243,8504.283,background
S01_U04.CH4.wav,8504.283,8504.293,foreground
S01_U04.CH4.wav,8504.293,8504.763,background
S01_U04.CH4.wav,8504.763,8505.483,foreground
S01_U04.CH4.wav,8505.483,8505.933,background
S01_U04.CH4.wav,8505.933,8510.863,foreground
S01_U04.CH4.wav,8510.863,8511.383,background
S01_U04.CH4.wav,8511.383,8516.143,foreground
S01_U04.CH4.wav,8516.143,8517.062,background
S01_U04.CH4.wav,8517.062,8519.193,foreground
S01_U04.CH4.wav,8519.193,8519.443,background
S01_U04.CH4.wav,8519.443,8519.993,foreground
S01_U04.CH4.wav,8519.993,8521.953,background
S01_U04.CH4.wav,8521.953,8522.513,foreground
S01_U04.CH4.wav,8522.513,8524.303,background
S01_U04.CH4.wav,8524.303,8525.003,foreground
S01_U04.CH4.wav,8525.003,8526.143,background
S01_U04.CH4.wav,8526.143,8526.493,foreground
S01_U04.CH4.wav,8526.493,8527.323,background
S01_U04.CH4.wav,8527.323,8527.763,foreground
S01_U04.CH4.wav,8527.763,8529.383,background
S01_U04.CH4.wav,8529.383,8529.733,foreground
S01_U04.CH4.wav,8529.733,8529.763,background
S01_U04.CH4.wav,8529.763,8529.773,foreground
S01_U04.CH4.wav,8529.773,8529.953,background
S01_U04.CH4.wav,8529.953,8530.273,foreground
S01_U04.CH4.wav,8530.273,8530.793,background
S01_U04.CH4.wav,8530.793,8531.083,foreground
S01_U04.CH4.wav,8531.083,8531.103,background
S01_U04.CH4.wav,8531.103,8531.113,foreground
S01_U04.CH4.wav,8531.113,8532.812,background
S01_U04.CH4.wav,8532.812,8533.003,foreground
S01_U04.CH4.wav,8533.003,8533.613,background
S01_U04.CH4.wav,8533.613,8533.913,foreground
S01_U04.CH4.wav,8533.913,8534.233,background
S01_U04.CH4.wav,8534.233,8535.263,foreground
S01_U04.CH4.wav,8535.263,8535.283,background
S01_U04.CH4.wav,8535.283,8535.312,foreground
S01_U04.CH4.wav,8535.312,8535.323,background
S01_U04.CH4.wav,8535.323,8535.373,foreground
S01_U04.CH4.wav,8535.373,8535.453,background
S01_U04.CH4.wav,8535.453,8535.493,foreground
S01_U04.CH4.wav,8535.493,8535.613,background
S01_U04.CH4.wav,8535.613,8535.693,foreground
S01_U04.CH4.wav,8535.693,8535.753,background
S01_U04.CH4.wav,8535.753,8537.613,foreground
S01_U04.CH4.wav,8537.613,8538.703,background
S01_U04.CH4.wav,8538.703,8539.473,foreground
S01_U04.CH4.wav,8539.473,8540.873,background
S01_U04.CH4.wav,8540.873,8541.383,foreground
S01_U04.CH4.wav,8541.383,8541.753,background
S01_U04.CH4.wav,8541.753,8542.103,foreground
S01_U04.CH4.wav,8542.103,8542.562,background
S01_U04.CH4.wav,8542.562,8543.363,foreground
S01_U04.CH4.wav,8543.363,8544.503,background
S01_U04.CH4.wav,8544.503,8546.643,foreground
S01_U04.CH4.wav,8546.643,8546.853,background
S01_U04.CH4.wav,8546.853,8547.493,foreground
S01_U04.CH4.wav,8547.493,8547.983,background
S01_U04.CH4.wav,8547.983,8549.663,foreground
S01_U04.CH4.wav,8549.663,8550.353,background
S01_U04.CH4.wav,8550.353,8550.483,foreground
S01_U04.CH4.wav,8550.483,8551.283,background
S01_U04.CH4.wav,8551.283,8551.873,foreground
S01_U04.CH4.wav,8551.873,8553.873,background
S01_U04.CH4.wav,8553.873,8559.853,foreground
S01_U04.CH4.wav,8559.853,8560.143,background
S01_U04.CH4.wav,8560.143,8560.723,foreground
S01_U04.CH4.wav,8560.723,8561.193,background
S01_U04.CH4.wav,8561.193,8562.023,foreground
S01_U04.CH4.wav,8562.023,8562.723,background
S01_U04.CH4.wav,8562.723,8562.973,foreground
S01_U04.CH4.wav,8562.973,8563.483,background
S01_U04.CH4.wav,8563.483,8563.493,foreground
S01_U04.CH4.wav,8563.493,8563.503,background
S01_U04.CH4.wav,8563.503,8563.883,foreground
S01_U04.CH4.wav,8563.883,8564.353,background
S01_U04.CH4.wav,8564.353,8564.953,foreground
S01_U04.CH4.wav,8564.953,8566.753,background
S01_U04.CH4.wav,8566.753,8566.873,foreground
S01_U04.CH4.wav,8566.873,8567.633,background
S01_U04.CH4.wav,8567.633,8570.433,foreground
S01_U04.CH4.wav,8570.433,8570.833,background
S01_U04.CH4.wav,8570.833,8574.663,foreground
S01_U04.CH4.wav,8574.663,8574.743,background
S01_U04.CH4.wav,8574.743,8574.803,foreground
S01_U04.CH4.wav,8574.803,8574.843,background
S01_U04.CH4.wav,8574.843,8575.003,foreground
S01_U04.CH4.wav,8575.003,8575.083,background
S01_U04.CH4.wav,8575.083,8576.923,foreground
S01_U04.CH4.wav,8576.923,8577.123,background
S01_U04.CH4.wav,8577.123,8578.443,foreground
S01_U04.CH4.wav,8578.443,8578.773,background
S01_U04.CH4.wav,8578.773,8585.293,foreground
S01_U04.CH4.wav,8585.293,8585.333,background
S01_U04.CH4.wav,8585.333,8589.783,foreground
S01_U04.CH4.wav,8589.783,8591.893,background
S01_U04.CH4.wav,8591.893,8602.812,foreground
S01_U04.CH4.wav,8602.812,8604.773,background
S01_U04.CH4.wav,8604.773,8606.303,foreground
S01_U04.CH4.wav,8606.303,8606.533,background
S01_U04.CH4.wav,8606.533,8606.573,foreground
S01_U04.CH4.wav,8606.573,8606.613,background
S01_U04.CH4.wav,8606.613,8607.013,foreground
S01_U04.CH4.wav,8607.013,8607.083,background
S01_U04.CH4.wav,8607.083,8607.103,foreground
S01_U04.CH4.wav,8607.103,8608.773,background
S01_U04.CH4.wav,8608.773,8608.943,foreground
S01_U04.CH4.wav,8608.943,8609.423,background
S01_U04.CH4.wav,8609.423,8614.253,foreground
S01_U04.CH4.wav,8614.253,8614.773,background
S01_U04.CH4.wav,8614.773,8615.203,foreground
S01_U04.CH4.wav,8615.203,8615.603,background
S01_U04.CH4.wav,8615.603,8621.153,foreground
S01_U04.CH4.wav,8621.153,8622.133,background
S01_U04.CH4.wav,8622.133,8626.853,foreground
S01_U04.CH4.wav,8626.853,8628.673,background
S01_U04.CH4.wav,8628.673,8629.373,foreground
S01_U04.CH4.wav,8629.373,8629.483,background
S01_U04.CH4.wav,8629.483,8631.413,foreground
S01_U04.CH4.wav,8631.413,8631.463,background
S01_U04.CH4.wav,8631.463,8635.483,foreground
S01_U04.CH4.wav,8635.483,8636.753,background
S01_U04.CH4.wav,8636.753,8636.873,foreground
S01_U04.CH4.wav,8636.873,8636.883,background
S01_U04.CH4.wav,8636.883,8637.503,foreground
S01_U04.CH4.wav,8637.503,8637.562,background
S01_U04.CH4.wav,8637.562,8638.153,foreground
S01_U04.CH4.wav,8638.153,8639.843,background
S01_U04.CH4.wav,8639.843,8640.273,foreground
S01_U04.CH4.wav,8640.273,8640.823,background
S01_U04.CH4.wav,8640.823,8641.873,foreground
S01_U04.CH4.wav,8641.873,8647.133,background
S01_U04.CH4.wav,8647.133,8647.693,foreground
S01_U04.CH4.wav,8647.693,8652.333,background
S01_U04.CH4.wav,8652.333,8652.713,foreground
S01_U04.CH4.wav,8652.713,8654.312,background
S01_U04.CH4.wav,8654.312,8656.183,foreground
S01_U04.CH4.wav,8656.183,8658.443,background
S01_U04.CH4.wav,8658.443,8659.793,foreground
S01_U04.CH4.wav,8659.793,8659.863,background
S01_U04.CH4.wav,8659.863,8661.423,foreground
S01_U04.CH4.wav,8661.423,8664.643,background
S01_U04.CH4.wav,8664.643,8664.793,foreground
S01_U04.CH4.wav,8664.793,8664.843,background
S01_U04.CH4.wav,8664.843,8665.023,foreground
S01_U04.CH4.wav,8665.023,8667.883,background
S01_U04.CH4.wav,8667.883,8668.013,foreground
S01_U04.CH4.wav,8668.013,8669.183,background
S01_U04.CH4.wav,8669.183,8669.513,foreground
S01_U04.CH4.wav,8669.513,8670.263,background
S01_U04.CH4.wav,8670.263,8674.153,foreground
S01_U04.CH4.wav,8674.153,8674.343,background
S01_U04.CH4.wav,8674.343,8675.773,foreground
S01_U04.CH4.wav,8675.773,8676.693,background
S01_U04.CH4.wav,8676.693,8680.503,foreground
S01_U04.CH4.wav,8680.503,8680.803,background
S01_U04.CH4.wav,8680.803,8681.203,foreground
S01_U04.CH4.wav,8681.203,8684.923,background
S01_U04.CH4.wav,8684.923,8686.393,foreground
S01_U04.CH4.wav,8686.393,8686.453,background
S01_U04.CH4.wav,8686.453,8686.673,foreground
S01_U04.CH4.wav,8686.673,8686.853,background
S01_U04.CH4.wav,8686.853,8689.903,foreground
S01_U04.CH4.wav,8689.903,8690.453,background
S01_U04.CH4.wav,8690.453,8690.463,foreground
S01_U04.CH4.wav,8690.463,8690.473,background
S01_U04.CH4.wav,8690.473,8690.483,foreground
S01_U04.CH4.wav,8690.483,8690.503,background
S01_U04.CH4.wav,8690.503,8690.613,foreground
S01_U04.CH4.wav,8690.613,8690.693,background
S01_U04.CH4.wav,8690.693,8694.663,foreground
S01_U04.CH4.wav,8694.663,8694.793,background
S01_U04.CH4.wav,8694.793,8704.312,foreground
S01_U04.CH4.wav,8704.312,8705.183,background
S01_U04.CH4.wav,8705.183,8705.693,foreground
S01_U04.CH4.wav,8705.693,8706.123,background
S01_U04.CH4.wav,8706.123,8707.783,foreground
S01_U04.CH4.wav,8707.783,8708.413,background
S01_U04.CH4.wav,8708.413,8708.753,foreground
S01_U04.CH4.wav,8708.753,8710.603,background
S01_U04.CH4.wav,8710.603,8713.203,foreground
S01_U04.CH4.wav,8713.203,8714.253,background
S01_U04.CH4.wav,8714.253,8717.523,foreground
S01_U04.CH4.wav,8717.523,8718.153,background
S01_U04.CH4.wav,8718.153,8720.193,foreground
S01_U04.CH4.wav,8720.193,8721.033,background
S01_U04.CH4.wav,8721.033,8721.353,foreground
S01_U04.CH4.wav,8721.353,8722.173,background
S01_U04.CH4.wav,8722.173,8726.143,foreground
S01_U04.CH4.wav,8726.143,8727.963,background
S01_U04.CH4.wav,8727.963,8728.573,foreground
S01_U04.CH4.wav,8728.573,8729.483,background
S01_U04.CH4.wav,8729.483,8736.923,foreground
S01_U04.CH4.wav,8736.923,8737.153,background
S01_U04.CH4.wav,8737.153,8737.163,foreground
S01_U04.CH4.wav,8737.163,8737.173,background
S01_U04.CH4.wav,8737.173,8737.203,foreground
S01_U04.CH4.wav,8737.203,8737.283,background
S01_U04.CH4.wav,8737.283,8738.563,foreground
S01_U04.CH4.wav,8738.563,8739.363,background
S01_U04.CH4.wav,8739.363,8739.673,foreground
S01_U04.CH4.wav,8739.673,8739.773,background
S01_U04.CH4.wav,8739.773,8739.843,foreground
S01_U04.CH4.wav,8739.843,8740.183,background
S01_U04.CH4.wav,8740.183,8740.783,foreground
S01_U04.CH4.wav,8740.783,8740.993,background
S01_U04.CH4.wav,8740.993,8741.653,foreground
S01_U04.CH4.wav,8741.653,8745.273,background
S01_U04.CH4.wav,8745.273,8745.443,foreground
S01_U04.CH4.wav,8745.443,8745.913,background
S01_U04.CH4.wav,8745.913,8746.263,foreground
S01_U04.CH4.wav,8746.263,8746.333,background
S01_U04.CH4.wav,8746.333,8746.373,foreground
S01_U04.CH4.wav,8746.373,8746.453,background
S01_U04.CH4.wav,8746.453,8746.463,foreground
S01_U04.CH4.wav,8746.463,8746.663,background
S01_U04.CH4.wav,8746.663,8747.243,foreground
S01_U04.CH4.wav,8747.243,8747.263,background
S01_U04.CH4.wav,8747.263,8747.273,foreground
S01_U04.CH4.wav,8747.273,8747.303,background
S01_U04.CH4.wav,8747.303,8747.323,foreground
S01_U04.CH4.wav,8747.323,8748.753,background
S01_U04.CH4.wav,8748.753,8749.123,foreground
S01_U04.CH4.wav,8749.123,8749.713,background
S01_U04.CH4.wav,8749.713,8750.033,foreground
S01_U04.CH4.wav,8750.033,8752.003,background
S01_U04.CH4.wav,8752.003,8752.943,foreground
S01_U04.CH4.wav,8752.943,8754.933,background
S01_U04.CH4.wav,8754.933,8755.273,foreground
S01_U04.CH4.wav,8755.273,8757.013,background
S01_U04.CH4.wav,8757.013,8757.053,foreground
S01_U04.CH4.wav,8757.053,8757.083,background
S01_U04.CH4.wav,8757.083,8757.093,foreground
S01_U04.CH4.wav,8757.093,8757.123,background
S01_U04.CH4.wav,8757.123,8757.173,foreground
S01_U04.CH4.wav,8757.173,8757.233,background
S01_U04.CH4.wav,8757.233,8757.243,foreground
S01_U04.CH4.wav,8757.243,8757.383,background
S01_U04.CH4.wav,8757.383,8757.443,foreground
S01_U04.CH4.wav,8757.443,8757.463,background
S01_U04.CH4.wav,8757.463,8757.473,foreground
S01_U04.CH4.wav,8757.473,8757.563,background
S01_U04.CH4.wav,8757.563,8757.573,foreground
S01_U04.CH4.wav,8757.573,8758.013,background
S01_U04.CH4.wav,8758.013,8762.173,foreground
S01_U04.CH4.wav,8762.173,8762.363,background
S01_U04.CH4.wav,8762.363,8762.623,foreground
S01_U04.CH4.wav,8762.623,8762.743,background
S01_U04.CH4.wav,8762.743,8772.553,foreground
S01_U04.CH4.wav,8772.553,8772.583,background
S01_U04.CH4.wav,8772.583,8772.593,foreground
S01_U04.CH4.wav,8772.593,8772.603,background
S01_U04.CH4.wav,8772.603,8772.843,foreground
S01_U04.CH4.wav,8772.843,8773.053,background
S01_U04.CH4.wav,8773.053,8776.393,foreground
S01_U04.CH4.wav,8776.393,8778.763,background
S01_U04.CH4.wav,8778.763,8779.323,foreground
S01_U04.CH4.wav,8779.323,8779.343,background
S01_U04.CH4.wav,8779.343,8779.363,foreground
S01_U04.CH4.wav,8779.363,8779.393,background
S01_U04.CH4.wav,8779.393,8779.403,foreground
S01_U04.CH4.wav,8779.403,8779.543,background
S01_U04.CH4.wav,8779.543,8779.883,foreground
S01_U04.CH4.wav,8779.883,8779.923,background
S01_U04.CH4.wav,8779.923,8780.033,foreground
S01_U04.CH4.wav,8780.033,8780.643,background
S01_U04.CH4.wav,8780.643,8780.653,foreground
S01_U04.CH4.wav,8780.653,8780.683,background
S01_U04.CH4.wav,8780.683,8780.813,foreground
S01_U04.CH4.wav,8780.813,8780.843,background
S01_U04.CH4.wav,8780.843,8780.873,foreground
S01_U04.CH4.wav,8780.873,8780.883,background
S01_U04.CH4.wav,8780.883,8781.093,foreground
S01_U04.CH4.wav,8781.093,8781.243,background
S01_U04.CH4.wav,8781.243,8782.733,foreground
S01_U04.CH4.wav,8782.733,8784.103,background
S01_U04.CH4.wav,8784.103,8791.273,foreground
S01_U04.CH4.wav,8791.273,8791.603,background
S01_U04.CH4.wav,8791.603,8802.973,foreground
S01_U04.CH4.wav,8802.973,8803.393,background
S01_U04.CH4.wav,8803.393,8807.873,foreground
S01_U04.CH4.wav,8807.873,8809.093,background
S01_U04.CH4.wav,8809.093,8813.243,foreground
S01_U04.CH4.wav,8813.243,8814.373,background
S01_U04.CH4.wav,8814.373,8818.483,foreground
S01_U04.CH4.wav,8818.483,8818.973,background
S01_U04.CH4.wav,8818.973,8819.813,foreground
S01_U04.CH4.wav,8819.813,8819.913,background
S01_U04.CH4.wav,8819.913,8820.023,foreground
S01_U04.CH4.wav,8820.023,8820.323,background
S01_U04.CH4.wav,8820.323,8827.293,foreground
S01_U04.CH4.wav,8827.293,8827.773,background
S01_U04.CH4.wav,8827.773,8833.933,foreground
S01_U04.CH4.wav,8833.933,8834.263,background
S01_U04.CH4.wav,8834.263,8835.373,foreground
S01_U04.CH4.wav,8835.373,8835.943,background
S01_U04.CH4.wav,8835.943,8836.693,foreground
S01_U04.CH4.wav,8836.693,8837.223,background
S01_U04.CH4.wav,8837.223,8838.233,foreground
S01_U04.CH4.wav,8838.233,8838.733,background
S01_U04.CH4.wav,8838.733,8839.363,foreground
S01_U04.CH4.wav,8839.363,8840.253,background
S01_U04.CH4.wav,8840.253,8841.283,foreground
S01_U04.CH4.wav,8841.283,8841.643,background
S01_U04.CH4.wav,8841.643,8843.153,foreground
S01_U04.CH4.wav,8843.153,8843.963,background
S01_U04.CH4.wav,8843.963,8845.233,foreground
S01_U04.CH4.wav,8845.233,8845.383,background
S01_U04.CH4.wav,8845.383,8847.263,foreground
S01_U04.CH4.wav,8847.263,8847.703,background
S01_U04.CH4.wav,8847.703,8848.343,foreground
S01_U04.CH4.wav,8848.343,8848.563,background
S01_U04.CH4.wav,8848.563,8848.593,foreground
S01_U04.CH4.wav,8848.593,8848.603,background
S01_U04.CH4.wav,8848.603,8848.643,foreground
S01_U04.CH4.wav,8848.643,8850.943,background
S01_U04.CH4.wav,8850.943,8852.843,foreground
S01_U04.CH4.wav,8852.843,8853.653,background
S01_U04.CH4.wav,8853.653,8855.733,foreground
S01_U04.CH4.wav,8855.733,8858.143,background
S01_U04.CH4.wav,8858.143,8859.503,foreground
S01_U04.CH4.wav,8859.503,8859.893,background
S01_U04.CH4.wav,8859.893,8860.663,foreground
S01_U04.CH4.wav,8860.663,8861.003,background
S01_U04.CH4.wav,8861.003,8866.193,foreground
S01_U04.CH4.wav,8866.193,8866.553,background
S01_U04.CH4.wav,8866.553,8867.273,foreground
S01_U04.CH4.wav,8867.273,8867.883,background
S01_U04.CH4.wav,8867.883,8868.383,foreground
S01_U04.CH4.wav,8868.383,8868.983,background
S01_U04.CH4.wav,8868.983,8871.893,foreground
S01_U04.CH4.wav,8871.893,8873.343,background
S01_U04.CH4.wav,8873.343,8873.813,foreground
S01_U04.CH4.wav,8873.813,8874.203,background
S01_U04.CH4.wav,8874.203,8876.333,foreground
S01_U04.CH4.wav,8876.333,8876.543,background
S01_U04.CH4.wav,8876.543,8880.293,foreground
S01_U04.CH4.wav,8880.293,8880.333,background
S01_U04.CH4.wav,8880.333,8888.953,foreground
S01_U04.CH4.wav,8888.953,8890.513,background
S01_U04.CH4.wav,8890.513,8891.133,foreground
S01_U04.CH4.wav,8891.133,8891.153,background
S01_U04.CH4.wav,8891.153,8891.183,foreground
S01_U04.CH4.wav,8891.183,8891.603,background
S01_U04.CH4.wav,8891.603,8892.163,foreground
S01_U04.CH4.wav,8892.163,8893.273,background
S01_U04.CH4.wav,8893.273,8893.453,foreground
S01_U04.CH4.wav,8893.453,8893.543,background
S01_U04.CH4.wav,8893.543,8893.813,foreground
S01_U04.CH4.wav,8893.813,8895.123,background
S01_U04.CH4.wav,8895.123,8895.963,foreground
S01_U04.CH4.wav,8895.963,8896.563,background
S01_U04.CH4.wav,8896.563,8896.823,foreground
S01_U04.CH4.wav,8896.823,8898.193,background
S01_U04.CH4.wav,8898.193,8901.093,foreground
S01_U04.CH4.wav,8901.093,8901.283,background
S01_U04.CH4.wav,8901.283,8904.983,foreground
S01_U04.CH4.wav,8904.983,8905.173,background
S01_U04.CH4.wav,8905.173,8905.843,foreground
S01_U04.CH4.wav,8905.843,8906.163,background
S01_U04.CH4.wav,8906.163,8915.613,foreground
S01_U04.CH4.wav,8915.613,8915.623,background
S01_U04.CH4.wav,8915.623,8915.643,foreground
S01_U04.CH4.wav,8915.643,8916.093,background
S01_U04.CH4.wav,8916.093,8922.113,foreground
S01_U04.CH4.wav,8922.113,8922.823,background
S01_U04.CH4.wav,8922.823,8924.783,foreground
S01_U04.CH4.wav,8924.783,8925.483,background
S01_U04.CH4.wav,8925.483,8926.133,foreground
S01_U04.CH4.wav,8926.133,8928.513,background
S01_U04.CH4.wav,8928.513,8929.103,foreground
S01_U04.CH4.wav,8929.103,8929.313,background
S01_U04.CH4.wav,8929.313,8930.153,foreground
S01_U04.CH4.wav,8930.153,8931.383,background
S01_U04.CH4.wav,8931.383,8931.453,foreground
S01_U04.CH4.wav,8931.453,8932.913,background
S01_U04.CH4.wav,8932.913,8936.593,foreground
S01_U04.CH4.wav,8936.593,8937.223,background
S01_U04.CH4.wav,8937.223,8937.263,foreground
S01_U04.CH4.wav,8937.263,8937.283,background
S01_U04.CH4.wav,8937.283,8937.393,foreground
S01_U04.CH4.wav,8937.393,8938.563,background
S01_U04.CH4.wav,8938.563,8940.293,foreground
S01_U04.CH4.wav,8940.293,8940.913,background
S01_U04.CH4.wav,8940.913,8940.993,foreground
S01_U04.CH4.wav,8940.993,8941.043,background
S01_U04.CH4.wav,8941.043,8941.173,foreground
S01_U04.CH4.wav,8941.173,8941.243,background
S01_U04.CH4.wav,8941.243,8941.373,foreground
S01_U04.CH4.wav,8941.373,8941.863,background
S01_U04.CH4.wav,8941.863,8941.943,foreground
S01_U04.CH4.wav,8941.943,8943.403,background
S01_U04.CH4.wav,8943.403,8943.653,foreground
S01_U04.CH4.wav,8943.653,8943.703,background
S01_U04.CH4.wav,8943.703,8944.733,foreground
S01_U04.CH4.wav,8944.733,8944.833,background
S01_U04.CH4.wav,8944.833,8944.903,foreground
S01_U04.CH4.wav,8944.903,8944.913,background
S01_U04.CH4.wav,8944.913,8944.923,foreground
S01_U04.CH4.wav,8944.923,8945.023,background
S01_U04.CH4.wav,8945.023,8945.473,foreground
S01_U04.CH4.wav,8945.473,8947.493,background
S01_U04.CH4.wav,8947.493,8948.043,foreground
S01_U04.CH4.wav,8948.043,8949.713,background
S01_U04.CH4.wav,8949.713,8949.903,foreground
S01_U04.CH4.wav,8949.903,8949.953,background
S01_U04.CH4.wav,8949.953,8949.963,foreground
S01_U04.CH4.wav,8949.963,8950.253,background
S01_U04.CH4.wav,8950.253,8950.703,foreground
S01_U04.CH4.wav,8950.703,8951.723,background
S01_U04.CH4.wav,8951.723,8952.343,foreground
S01_U04.CH4.wav,8952.343,8954.263,background
S01_U04.CH4.wav,8954.263,8955.463,foreground
S01_U04.CH4.wav,8955.463,8955.893,background
S01_U04.CH4.wav,8955.893,8958.613,foreground
S01_U04.CH4.wav,8958.613,8958.723,background
S01_U04.CH4.wav,8958.723,8959.403,foreground
S01_U04.CH4.wav,8959.403,8961.273,background
S01_U04.CH4.wav,8961.273,8962.153,foreground
S01_U04.CH4.wav,8962.153,8962.333,background
S01_U04.CH4.wav,8962.333,8962.653,foreground
S01_U04.CH4.wav,8962.653,8964.113,background
S01_U04.CH4.wav,8964.113,8964.693,foreground
S01_U04.CH4.wav,8964.693,8966.283,background
S01_U04.CH4.wav,8966.283,8966.843,foreground
S01_U04.CH4.wav,8966.843,8966.863,background
S01_U04.CH4.wav,8966.863,8966.893,foreground
S01_U04.CH4.wav,8966.893,8967.833,background
S01_U04.CH4.wav,8967.833,8968.943,foreground
S01_U04.CH4.wav,8968.943,8970.463,background
S01_U04.CH4.wav,8970.463,8972.353,foreground
S01_U04.CH4.wav,8972.353,8972.423,background
S01_U04.CH4.wav,8972.423,8972.443,foreground
S01_U04.CH4.wav,8972.443,8972.623,background
S01_U04.CH4.wav,8972.623,8972.723,foreground
S01_U04.CH4.wav,8972.723,8972.813,background
S01_U04.CH4.wav,8972.813,8974.783,foreground
S01_U04.CH4.wav,8974.783,8975.403,background
S01_U04.CH4.wav,8975.403,8975.543,foreground
S01_U04.CH4.wav,8975.543,8976.113,background
S01_U04.CH4.wav,8976.113,8978.063,foreground
S01_U04.CH4.wav,8978.063,8978.103,background
S01_U04.CH4.wav,8978.103,8979.743,foreground
S01_U04.CH4.wav,8979.743,8980.063,background
S01_U04.CH4.wav,8980.063,8981.213,foreground
S01_U04.CH4.wav,8981.213,8981.673,background
S01_U04.CH4.wav,8981.673,8981.793,foreground
S01_U04.CH4.wav,8981.793,8983.523,background
S01_U04.CH4.wav,8983.523,8985.373,foreground
S01_U04.CH4.wav,8985.373,8985.493,background
S01_U04.CH4.wav,8985.493,8985.583,foreground
S01_U04.CH4.wav,8985.583,8986.163,background
S01_U04.CH4.wav,8986.163,8987.423,foreground
S01_U04.CH4.wav,8987.423,8987.693,background
S01_U04.CH4.wav,8987.693,8987.723,foreground
S01_U04.CH4.wav,8987.723,8987.753,background
S01_U04.CH4.wav,8987.753,8989.553,foreground
S01_U04.CH4.wav,8989.553,8990.253,background
S01_U04.CH4.wav,8990.253,8990.543,foreground
S01_U04.CH4.wav,8990.543,8991.223,background
S01_U04.CH4.wav,8991.223,8991.703,foreground
S01_U04.CH4.wav,8991.703,8991.983,background
S01_U04.CH4.wav,8991.983,8992.633,foreground
S01_U04.CH4.wav,8992.633,8993.913,background
S01_U04.CH4.wav,8993.913,8995.743,foreground
S01_U04.CH4.wav,8995.743,8996.333,background
S01_U04.CH4.wav,8996.333,8998.583,foreground
S01_U04.CH4.wav,8998.583,8999.583,background
S01_U04.CH4.wav,8999.583,8999.603,foreground
S01_U04.CH4.wav,8999.603,8999.713,background
S01_U04.CH4.wav,8999.713,8999.803,foreground
S01_U04.CH4.wav,8999.803,9000.653,background
S01_U04.CH4.wav,9000.653,9000.783,foreground
S01_U04.CH4.wav,9000.783,9000.793,background
S01_U04.CH4.wav,9000.793,9000.803,foreground
S01_U04.CH4.wav,9000.803,9000.833,background
S01_U04.CH4.wav,9000.833,9000.903,foreground
S01_U04.CH4.wav,9000.903,9002.563,background
S01_U04.CH4.wav,9002.563,9002.793,foreground
S01_U04.CH4.wav,9002.793,9002.933,background
S01_U04.CH4.wav,9002.933,9005.323,foreground
S01_U04.CH4.wav,9005.323,9005.783,background
S01_U04.CH4.wav,9005.783,9006.733,foreground
S01_U04.CH4.wav,9006.733,9007.843,background
S01_U04.CH4.wav,9007.843,9008.123,foreground
S01_U04.CH4.wav,9008.123,9008.523,background
S01_U04.CH4.wav,9008.523,9008.583,foreground
S01_U04.CH4.wav,9008.583,9008.603,background
S01_U04.CH4.wav,9008.603,9010.883,foreground
S01_U04.CH4.wav,9010.883,9011.623,background
S01_U04.CH4.wav,9011.623,9011.913,foreground
S01_U04.CH4.wav,9011.913,9011.933,background
S01_U04.CH4.wav,9011.933,9012.123,foreground
S01_U04.CH4.wav,9012.123,9012.173,background
S01_U04.CH4.wav,9012.173,9012.483,foreground
S01_U04.CH4.wav,9012.483,9012.833,background
S01_U04.CH4.wav,9012.833,9014.533,foreground
S01_U04.CH4.wav,9014.533,9015.153,background
S01_U04.CH4.wav,9015.153,9015.353,foreground
S01_U04.CH4.wav,9015.353,9016.223,background
S01_U04.CH4.wav,9016.223,9016.593,foreground
S01_U04.CH4.wav,9016.593,9017.403,background
S01_U04.CH4.wav,9017.403,9017.423,foreground
S01_U04.CH4.wav,9017.423,9019.233,background
S01_U04.CH4.wav,9019.233,9020.453,foreground
S01_U04.CH4.wav,9020.453,9021.163,background
S01_U04.CH4.wav,9021.163,9021.673,foreground
S01_U04.CH4.wav,9021.673,9022.813,background
S01_U04.CH4.wav,9022.813,9023.113,foreground
S01_U04.CH4.wav,9023.113,9023.253,background
S01_U04.CH4.wav,9023.253,9023.333,foreground
S01_U04.CH4.wav,9023.333,9023.393,background
S01_U04.CH4.wav,9023.393,9023.533,foreground
S01_U04.CH4.wav,9023.533,9023.603,background
S01_U04.CH4.wav,9023.603,9023.673,foreground
S01_U04.CH4.wav,9023.673,9024.053,background
S01_U04.CH4.wav,9024.053,9024.363,foreground
S01_U04.CH4.wav,9024.363,9026.563,background
S01_U04.CH4.wav,9026.563,9027.033,foreground
S01_U04.CH4.wav,9027.033,9027.303,background
S01_U04.CH4.wav,9027.303,9027.393,foreground
S01_U04.CH4.wav,9027.393,9028.583,background
S01_U04.CH4.wav,9028.583,9028.953,foreground
S01_U04.CH4.wav,9028.953,9033.013,background
S01_U04.CH4.wav,9033.013,9033.393,foreground
S01_U04.CH4.wav,9033.393,9033.863,background
S01_U04.CH4.wav,9033.863,9034.033,foreground
S01_U04.CH4.wav,9034.033,9035.973,background
S01_U04.CH4.wav,9035.973,9035.993,foreground
S01_U04.CH4.wav,9035.993,9037.063,background
S01_U04.CH4.wav,9037.063,9037.173,foreground
S01_U04.CH4.wav,9037.173,9039.053,background
S01_U04.CH4.wav,9039.053,9039.353,foreground
S01_U04.CH4.wav,9039.353,9039.833,background
S01_U04.CH4.wav,9039.833,9040.523,foreground
S01_U04.CH4.wav,9040.523,9046.073,background
S01_U04.CH4.wav,9046.073,9046.393,foreground
S01_U04.CH4.wav,9046.393,9049.643,background
S01_U04.CH4.wav,9049.643,9049.663,foreground
S01_U04.CH4.wav,9049.663,9049.683,background
S01_U04.CH4.wav,9049.683,9050.303,foreground
S01_U04.CH4.wav,9050.303,9051.603,background
S01_U04.CH4.wav,9051.603,9052.003,foreground
S01_U04.CH4.wav,9052.003,9053.663,background
S01_U04.CH4.wav,9053.663,9053.843,foreground
S01_U04.CH4.wav,9053.843,9057.023,background
S01_U04.CH4.wav,9057.023,9057.363,foreground
S01_U04.CH4.wav,9057.363,9057.633,background
S01_U04.CH4.wav,9057.633,9058.553,foreground
S01_U04.CH4.wav,9058.553,9058.993,background
S01_U04.CH4.wav,9058.993,9059.753,foreground
S01_U04.CH4.wav,9059.753,9059.983,background
S01_U04.CH4.wav,9059.983,9060.013,foreground
S01_U04.CH4.wav,9060.013,9060.363,background
S01_U04.CH4.wav,9060.363,9061.263,foreground
S01_U04.CH4.wav,9061.263,9061.683,background
S01_U04.CH4.wav,9061.683,9062.583,foreground
S01_U04.CH4.wav,9062.583,9063.783,background
S01_U04.CH4.wav,9063.783,9063.843,foreground
S01_U04.CH4.wav,9063.843,9063.873,background
S01_U04.CH4.wav,9063.873,9064.683,foreground
S01_U04.CH4.wav,9064.683,9065.703,background
S01_U04.CH4.wav,9065.703,9067.813,foreground
S01_U04.CH4.wav,9067.813,9068.093,background
S01_U04.CH4.wav,9068.093,9072.243,foreground
S01_U04.CH4.wav,9072.243,9072.283,background
S01_U04.CH4.wav,9072.283,9072.643,foreground
S01_U04.CH4.wav,9072.643,9072.693,background
S01_U04.CH4.wav,9072.693,9074.643,foreground
S01_U04.CH4.wav,9074.643,9075.433,background
S01_U04.CH4.wav,9075.433,9075.963,foreground
S01_U04.CH4.wav,9075.963,9076.933,background
S01_U04.CH4.wav,9076.933,9079.713,foreground
S01_U04.CH4.wav,9079.713,9080.793,background
S01_U04.CH4.wav,9080.793,9082.543,foreground
S01_U04.CH4.wav,9082.543,9082.683,background
S01_U04.CH4.wav,9082.683,9082.693,foreground
S01_U04.CH4.wav,9082.693,9082.713,background
S01_U04.CH4.wav,9082.713,9084.263,foreground
S01_U04.CH4.wav,9084.263,9084.463,background
S01_U04.CH4.wav,9084.463,9086.533,foreground
S01_U04.CH4.wav,9086.533,9086.583,background
S01_U04.CH4.wav,9086.583,9086.633,foreground
S01_U04.CH4.wav,9086.633,9087.383,background
S01_U04.CH4.wav,9087.383,9088.783,foreground
S01_U04.CH4.wav,9088.783,9089.163,background
S01_U04.CH4.wav,9089.163,9089.343,foreground
S01_U04.CH4.wav,9089.343,9090.013,background
S01_U04.CH4.wav,9090.013,9090.523,foreground
S01_U04.CH4.wav,9090.523,9091.113,background
S01_U04.CH4.wav,9091.113,9095.933,foreground
S01_U04.CH4.wav,9095.933,9096.143,background
S01_U04.CH4.wav,9096.143,9096.223,foreground
S01_U04.CH4.wav,9096.223,9096.243,background
S01_U04.CH4.wav,9096.243,9098.133,foreground
S01_U04.CH4.wav,9098.133,9099.243,background
S01_U04.CH4.wav,9099.243,9101.273,foreground
S01_U04.CH4.wav,9101.273,9102.343,background
S01_U04.CH4.wav,9102.343,9102.433,foreground
S01_U04.CH4.wav,9102.433,9103.013,background
S01_U04.CH4.wav,9103.013,9103.733,foreground
S01_U04.CH4.wav,9103.733,9103.873,background
S01_U04.CH4.wav,9103.873,9103.883,foreground
S01_U04.CH4.wav,9103.883,9103.903,background
S01_U04.CH4.wav,9103.903,9103.943,foreground
S01_U04.CH4.wav,9103.943,9104.283,background
S01_U04.CH4.wav,9104.283,9105.243,foreground
S01_U04.CH4.wav,9105.243,9105.383,background
S01_U04.CH4.wav,9105.383,9105.393,foreground
S01_U04.CH4.wav,9105.393,9105.563,background
S01_U04.CH4.wav,9105.563,9106.873,foreground
S01_U04.CH4.wav,9106.873,9107.223,background
S01_U04.CH4.wav,9107.223,9107.393,foreground
S01_U04.CH4.wav,9107.393,9107.573,background
S01_U04.CH4.wav,9107.573,9107.603,foreground
S01_U04.CH4.wav,9107.603,9107.963,background
S01_U04.CH4.wav,9107.963,9113.673,foreground
S01_U04.CH4.wav,9113.673,9114.593,background
S01_U04.CH4.wav,9114.593,9118.843,foreground
S01_U04.CH4.wav,9118.843,9118.863,background
S01_U04.CH4.wav,9118.863,9118.883,foreground
S01_U04.CH4.wav,9118.883,9118.893,background
S01_U04.CH4.wav,9118.893,9119.053,foreground
S01_U04.CH4.wav,9119.053,9119.073,background
S01_U04.CH4.wav,9119.073,9119.083,foreground
S01_U04.CH4.wav,9119.083,9119.153,background
S01_U04.CH4.wav,9119.153,9120.253,foreground
S01_U04.CH4.wav,9120.253,9120.943,background
S01_U04.CH4.wav,9120.943,9122.003,foreground
S01_U04.CH4.wav,9122.003,9122.573,background
S01_U04.CH4.wav,9122.573,9129.513,foreground
S01_U04.CH4.wav,9129.513,9129.543,background
S01_U04.CH4.wav,9129.543,9130.433,foreground
S01_U04.CH4.wav,9130.433,9130.963,background
S01_U04.CH4.wav,9130.963,9132.483,foreground
S01_U04.CH4.wav,9132.483,9133.303,background
S01_U04.CH4.wav,9133.303,9134.453,foreground
S01_U04.CH4.wav,9134.453,9135.233,background
S01_U04.CH4.wav,9135.233,9135.283,foreground
S01_U04.CH4.wav,9135.283,9135.653,background
S01_U04.CH4.wav,9135.653,9137.193,foreground
S01_U04.CH4.wav,9137.193,9137.823,background
S01_U04.CH4.wav,9137.823,9138.143,foreground
S01_U04.CH4.wav,9138.143,9138.993,background
S01_U04.CH4.wav,9138.993,9139.023,foreground
S01_U04.CH4.wav,9139.023,9139.583,background
S01_U04.CH4.wav,9139.583,9141.863,foreground
S01_U04.CH4.wav,9141.863,9142.343,background
S01_U04.CH4.wav,9142.343,9143.633,foreground
S01_U04.CH4.wav,9143.633,9143.663,background
S01_U04.CH4.wav,9143.663,9143.713,foreground
S01_U04.CH4.wav,9143.713,9143.773,background
S01_U04.CH4.wav,9143.773,9143.913,foreground
S01_U04.CH4.wav,9143.913,9144.213,background
S01_U04.CH4.wav,9144.213,9147.053,foreground
S01_U04.CH4.wav,9147.053,9147.623,background
S01_U04.CH4.wav,9147.623,9148.193,foreground
S01_U04.CH4.wav,9148.193,9148.223,background
S01_U04.CH4.wav,9148.223,9148.243,foreground
S01_U04.CH4.wav,9148.243,9149.053,background
S01_U04.CH4.wav,9149.053,9158.733,foreground
S01_U04.CH4.wav,9158.733,9159.253,background
S01_U04.CH4.wav,9159.253,9178.773,foreground
S01_U04.CH4.wav,9178.773,9179.653,background
S01_U04.CH4.wav,9179.653,9188.733,foreground
S01_U04.CH4.wav,9188.733,9189.863,background
S01_U04.CH4.wav,9189.863,9192.593,foreground
S01_U04.CH4.wav,9192.593,9192.753,background
S01_U04.CH4.wav,9192.753,9192.783,foreground
S01_U04.CH4.wav,9192.783,9193.093,background
S01_U04.CH4.wav,9193.093,9200.563,foreground
S01_U04.CH4.wav,9200.563,9200.623,background
S01_U04.CH4.wav,9200.623,9200.813,foreground
S01_U04.CH4.wav,9200.813,9201.293,background
S01_U04.CH4.wav,9201.293,9201.903,foreground
S01_U04.CH4.wav,9201.903,9201.923,background
S01_U04.CH4.wav,9201.923,9202.003,foreground
S01_U04.CH4.wav,9202.003,9202.043,background
S01_U04.CH4.wav,9202.043,9202.173,foreground
S01_U04.CH4.wav,9202.173,9202.243,background
S01_U04.CH4.wav,9202.243,9202.363,foreground
S01_U04.CH4.wav,9202.363,9202.403,background
S01_U04.CH4.wav,9202.403,9202.793,foreground
S01_U04.CH4.wav,9202.793,9202.883,background
S01_U04.CH4.wav,9202.883,9207.163,foreground
S01_U04.CH4.wav,9207.163,9207.433,background
S01_U04.CH4.wav,9207.433,9208.113,foreground
S01_U04.CH4.wav,9208.113,9208.903,background
S01_U04.CH4.wav,9208.903,9217.903,foreground
S01_U04.CH4.wav,9217.903,9218.963,background
S01_U04.CH4.wav,9218.963,9219.983,foreground
S01_U04.CH4.wav,9219.983,9221.143,background
S01_U04.CH4.wav,9221.143,9224.613,foreground
S01_U04.CH4.wav,9224.613,9225.143,background
S01_U04.CH4.wav,9225.143,9232.983,foreground
S01_U04.CH4.wav,9232.983,9233.033,background
S01_U04.CH4.wav,9233.033,9234.933,foreground
S01_U04.CH4.wav,9234.933,9235.413,background
S01_U04.CH4.wav,9235.413,9240.203,foreground
S01_U04.CH4.wav,9240.203,9241.183,background
S01_U04.CH4.wav,9241.183,9241.293,foreground
S01_U04.CH4.wav,9241.293,9241.303,background
S01_U04.CH4.wav,9241.303,9241.313,foreground
S01_U04.CH4.wav,9241.313,9241.323,background
S01_U04.CH4.wav,9241.323,9241.333,foreground
S01_U04.CH4.wav,9241.333,9241.763,background
S01_U04.CH4.wav,9241.763,9245.763,foreground
S01_U04.CH4.wav,9245.763,9246.253,background
S01_U04.CH4.wav,9246.253,9247.673,foreground
S01_U04.CH4.wav,9247.673,9249.043,background
S01_U04.CH4.wav,9249.043,9249.103,foreground
S01_U04.CH4.wav,9249.103,9249.813,background
S01_U04.CH4.wav,9249.813,9251.123,foreground
S01_U04.CH4.wav,9251.123,9252.063,background
S01_U04.CH4.wav,9252.063,9252.323,foreground
S01_U04.CH4.wav,9252.323,9252.773,background
S01_U04.CH4.wav,9252.773,9255.403,foreground
S01_U04.CH4.wav,9255.403,9255.813,background
S01_U04.CH4.wav,9255.813,9260.013,foreground
S01_U04.CH4.wav,9260.013,9261.513,background
S01_U04.CH4.wav,9261.513,9261.853,foreground
S01_U04.CH4.wav,9261.853,9262.833,background
S01_U04.CH4.wav,9262.833,9263.713,foreground
S01_U04.CH4.wav,9263.713,9264.143,background
S01_U04.CH4.wav,9264.143,9270.873,foreground
S01_U04.CH4.wav,9270.873,9270.913,background
S01_U04.CH4.wav,9270.913,9271.353,foreground
S01_U04.CH4.wav,9271.353,9271.723,background
S01_U04.CH4.wav,9271.723,9275.043,foreground
S01_U04.CH4.wav,9275.043,9276.113,background
S01_U04.CH4.wav,9276.113,9281.213,foreground
S01_U04.CH4.wav,9281.213,9282.493,background
S01_U04.CH4.wav,9282.493,9285.513,foreground
S01_U04.CH4.wav,9285.513,9285.913,background
S01_U04.CH4.wav,9285.913,9287.243,foreground
S01_U04.CH4.wav,9287.243,9287.693,background
S01_U04.CH4.wav,9287.693,9296.633,foreground
S01_U04.CH4.wav,9296.633,9296.653,background
S01_U04.CH4.wav,9296.653,9310.433,foreground
S01_U04.CH4.wav,9310.433,9310.673,background
S01_U04.CH4.wav,9310.673,9310.693,foreground
S01_U04.CH4.wav,9310.693,9310.743,background
S01_U04.CH4.wav,9310.743,9310.783,foreground
S01_U04.CH4.wav,9310.783,9311.643,background
S01_U04.CH4.wav,9311.643,9311.953,foreground
S01_U04.CH4.wav,9311.953,9313.023,background
S01_U04.CH4.wav,9313.023,9313.363,foreground
S01_U04.CH4.wav,9313.363,9313.423,background
S01_U04.CH4.wav,9313.423,9313.483,foreground
S01_U04.CH4.wav,9313.483,9313.673,background
S01_U04.CH4.wav,9313.673,9323.313,foreground
S01_U04.CH4.wav,9323.313,9323.623,background
S01_U04.CH4.wav,9323.623,9323.773,foreground
S01_U04.CH4.wav,9323.773,9324.033,background
S01_U04.CH4.wav,9324.033,9324.063,foreground
S01_U04.CH4.wav,9324.063,9324.073,background
S01_U04.CH4.wav,9324.073,9324.083,foreground
S01_U04.CH4.wav,9324.083,9324.143,background
S01_U04.CH4.wav,9324.143,9326.143,foreground
S01_U04.CH4.wav,9326.143,9326.453,background
S01_U04.CH4.wav,9326.453,9327.113,foreground
S01_U04.CH4.wav,9327.113,9329.093,background
S01_U04.CH4.wav,9329.093,9331.053,foreground
S01_U04.CH4.wav,9331.053,9331.633,background
S01_U04.CH4.wav,9331.633,9332.373,foreground
S01_U04.CH4.wav,9332.373,9333.023,background
S01_U04.CH4.wav,9333.023,9333.773,foreground
S01_U04.CH4.wav,9333.773,9333.813,background
S01_U04.CH4.wav,9333.813,9333.843,foreground
S01_U04.CH4.wav,9333.843,9334.153,background
S01_U04.CH4.wav,9334.153,9335.783,foreground
S01_U04.CH4.wav,9335.783,9335.923,background
S01_U04.CH4.wav,9335.923,9336.003,foreground
S01_U04.CH4.wav,9336.003,9336.753,background
S01_U04.CH4.wav,9336.753,9337.303,foreground
S01_U04.CH4.wav,9337.303,9337.493,background
S01_U04.CH4.wav,9337.493,9337.613,foreground
S01_U04.CH4.wav,9337.613,9337.883,background
S01_U04.CH4.wav,9337.883,9338.103,foreground
S01_U04.CH4.wav,9338.103,9338.143,background
S01_U04.CH4.wav,9338.143,9338.433,foreground
S01_U04.CH4.wav,9338.433,9338.633,background
S01_U04.CH4.wav,9338.633,9341.843,foreground
S01_U04.CH4.wav,9341.843,9342.193,background
S01_U04.CH4.wav,9342.193,9344.583,foreground
S01_U04.CH4.wav,9344.583,9345.153,background
S01_U04.CH4.wav,9345.153,9345.343,foreground
S01_U04.CH4.wav,9345.343,9346.933,background
S01_U04.CH4.wav,9346.933,9351.033,foreground
S01_U04.CH4.wav,9351.033,9351.103,background
S01_U04.CH4.wav,9351.103,9352.603,foreground
S01_U04.CH4.wav,9352.603,9353.183,background
S01_U04.CH4.wav,9353.183,9354.963,foreground
S01_U04.CH4.wav,9354.963,9355.083,background
S01_U04.CH4.wav,9355.083,9355.173,foreground
S01_U04.CH4.wav,9355.173,9357.403,background
S01_U04.CH4.wav,9357.403,9359.773,foreground
S01_U04.CH4.wav,9359.773,9360.063,background
S01_U04.CH4.wav,9360.063,9364.453,foreground
S01_U04.CH4.wav,9364.453,9365.043,background
S01_U04.CH4.wav,9365.043,9366.543,foreground
S01_U04.CH4.wav,9366.543,9367.393,background
S01_U04.CH4.wav,9367.393,9367.733,foreground
S01_U04.CH4.wav,9367.733,9368.373,background
S01_U04.CH4.wav,9368.373,9374.223,foreground
S01_U04.CH4.wav,9374.223,9374.763,background
S01_U04.CH4.wav,9374.763,9374.953,foreground
S01_U04.CH4.wav,9374.953,9375.633,background
S01_U04.CH4.wav,9375.633,9376.993,foreground
S01_U04.CH4.wav,9376.993,9377.323,background
S01_U04.CH4.wav,9377.323,9377.893,foreground
S01_U04.CH4.wav,9377.893,9378.003,background
S01_U04.CH4.wav,9378.003,9380.503,foreground
S01_U04.CH4.wav,9380.503,9383.283,background
S01_U04.CH4.wav,9383.283,9383.313,foreground
S01_U04.CH4.wav,9383.313,9383.413,background
S01_U04.CH4.wav,9383.413,9383.683,foreground
S01_U04.CH4.wav,9383.683,9384.263,background
S01_U04.CH4.wav,9384.263,9384.863,foreground
S01_U04.CH4.wav,9384.863,9385.653,background
S01_U04.CH4.wav,9385.653,9387.523,foreground
S01_U04.CH4.wav,9387.523,9387.903,background
S01_U04.CH4.wav,9387.903,9388.353,foreground
S01_U04.CH4.wav,9388.353,9388.953,background
S01_U04.CH4.wav,9388.953,9389.243,foreground
S01_U04.CH4.wav,9389.243,9389.733,background
S01_U04.CH4.wav,9389.733,9389.783,foreground
S01_U04.CH4.wav,9389.783,9389.803,background
S01_U04.CH4.wav,9389.803,9395.893,foreground
S01_U04.CH4.wav,9395.893,9397.313,background
S01_U04.CH4.wav,9397.313,9397.933,foreground
S01_U04.CH4.wav,9397.933,9398.353,background
S01_U04.CH4.wav,9398.353,9398.363,foreground
S01_U04.CH4.wav,9398.363,9398.373,background
S01_U04.CH4.wav,9398.373,9402.413,foreground
S01_U04.CH4.wav,9402.413,9403.483,background
S01_U04.CH4.wav,9403.483,9404.573,foreground
S01_U04.CH4.wav,9404.573,9405.803,background
S01_U04.CH4.wav,9405.803,9406.143,foreground
S01_U04.CH4.wav,9406.143,9406.633,background
S01_U04.CH4.wav,9406.633,9407.093,foreground
S01_U04.CH4.wav,9407.093,9407.893,background
S01_U04.CH4.wav,9407.893,9411.173,foreground
S01_U04.CH4.wav,9411.173,9411.903,background
S01_U04.CH4.wav,9411.903,9411.923,foreground
S01_U04.CH4.wav,9411.923,9412.163,background
S01_U04.CH4.wav,9412.163,9412.373,foreground
S01_U04.CH4.wav,9412.373,9412.513,background
S01_U04.CH4.wav,9412.513,9413.553,foreground
S01_U04.CH4.wav,9413.553,9413.943,background
S01_U04.CH4.wav,9413.943,9413.983,foreground
S01_U04.CH4.wav,9413.983,9414.093,background
S01_U04.CH4.wav,9414.093,9414.223,foreground
S01_U04.CH4.wav,9414.223,9414.653,background
S01_U04.CH4.wav,9414.653,9415.433,foreground
S01_U04.CH4.wav,9415.433,9415.493,background
S01_U04.CH4.wav,9415.493,9415.633,foreground
S01_U04.CH4.wav,9415.633,9416.433,background
S01_U04.CH4.wav,9416.433,9416.843,foreground
S01_U04.CH4.wav,9416.843,9417.193,background
S01_U04.CH4.wav,9417.193,9417.503,foreground
S01_U04.CH4.wav,9417.503,9417.853,background
S01_U04.CH4.wav,9417.853,9418.393,foreground
S01_U04.CH4.wav,9418.393,9419.343,background
S01_U04.CH4.wav,9419.343,9419.363,foreground
S01_U04.CH4.wav,9419.363,9419.393,background
S01_U04.CH4.wav,9419.393,9419.953,foreground
S01_U04.CH4.wav,9419.953,9420.513,background
S01_U04.CH4.wav,9420.513,9420.783,foreground
S01_U04.CH4.wav,9420.783,9420.803,background
S01_U04.CH4.wav,9420.803,9420.963,foreground
S01_U04.CH4.wav,9420.963,9429.503,background
S01_U04.CH4.wav,9429.503,9431.103,foreground
S01_U04.CH4.wav,9431.103,9432.453,background
S01_U04.CH4.wav,9432.453,9432.853,foreground
S01_U04.CH4.wav,9432.853,9433.463,background
S01_U04.CH4.wav,9433.463,9435.683,foreground
S01_U04.CH4.wav,9435.683,9435.753,background
S01_U04.CH4.wav,9435.753,9439.773,foreground
S01_U04.CH4.wav,9439.773,9439.793,background
S01_U04.CH4.wav,9439.793,9439.953,foreground
S01_U04.CH4.wav,9439.953,9440.513,background
S01_U04.CH4.wav,9440.513,9447.293,foreground
S01_U04.CH4.wav,9447.293,9447.523,background
S01_U04.CH4.wav,9447.523,9447.983,foreground
S01_U04.CH4.wav,9447.983,9448.193,background
S01_U04.CH4.wav,9448.193,9448.243,foreground
S01_U04.CH4.wav,9448.243,9449.063,background
S01_U04.CH4.wav,9449.063,9449.133,foreground
S01_U04.CH4.wav,9449.133,9449.983,background
S01_U04.CH4.wav,9449.983,9454.453,foreground
S01_U04.CH4.wav,9454.453,9455.983,background
S01_U04.CH4.wav,9455.983,9457.093,foreground
S01_U04.CH4.wav,9457.093,9457.153,background
S01_U04.CH4.wav,9457.153,9457.343,foreground
S01_U04.CH4.wav,9457.343,9457.543,background
S01_U04.CH4.wav,9457.543,9458.223,foreground
S01_U04.CH4.wav,9458.223,9458.983,background
S01_U04.CH4.wav,9458.983,9459.003,foreground
S01_U04.CH4.wav,9459.003,9459.013,background
S01_U04.CH4.wav,9459.013,9460.153,foreground
S01_U04.CH4.wav,9460.153,9460.913,background
S01_U04.CH4.wav,9460.913,9461.943,foreground
S01_U04.CH4.wav,9461.943,9463.363,background
S01_U04.CH4.wav,9463.363,9465.853,foreground
S01_U04.CH4.wav,9465.853,9467.923,background
S01_U04.CH4.wav,9467.923,9468.663,foreground
S01_U04.CH4.wav,9468.663,9469.983,background
S01_U04.CH4.wav,9469.983,9470.433,foreground
S01_U04.CH4.wav,9470.433,9471.403,background
S01_U04.CH4.wav,9471.403,9471.943,foreground
S01_U04.CH4.wav,9471.943,9472.003,background
S01_U04.CH4.wav,9472.003,9472.013,foreground
S01_U04.CH4.wav,9472.013,9472.023,background
S01_U04.CH4.wav,9472.023,9475.273,foreground
S01_U04.CH4.wav,9475.273,9475.393,background
S01_U04.CH4.wav,9475.393,9475.693,foreground
S01_U04.CH4.wav,9475.693,9475.743,background
S01_U04.CH4.wav,9475.743,9475.753,foreground
S01_U04.CH4.wav,9475.753,9477.363,background
S01_U04.CH4.wav,9477.363,9479.243,foreground
S01_U04.CH4.wav,9479.243,9480.343,background
S01_U04.CH4.wav,9480.343,9480.713,foreground
S01_U04.CH4.wav,9480.713,9481.493,background
S01_U04.CH4.wav,9481.493,9482.933,foreground
S01_U04.CH4.wav,9482.933,9483.623,background
S01_U04.CH4.wav,9483.623,9483.683,foreground
S01_U04.CH4.wav,9483.683,9483.763,background
S01_U04.CH4.wav,9483.763,9483.943,foreground
S01_U04.CH4.wav,9483.943,9484.383,background
S01_U04.CH4.wav,9484.383,9488.013,foreground
S01_U04.CH4.wav,9488.013,9489.693,background
S01_U04.CH4.wav,9489.693,9490.573,foreground
S01_U04.CH4.wav,9490.573,9491.353,background
S01_U04.CH4.wav,9491.353,9492.433,foreground
S01_U04.CH4.wav,9492.433,9493.843,background
S01_U04.CH4.wav,9493.843,9495.013,foreground
S01_U04.CH4.wav,9495.013,9496.263,background
S01_U04.CH4.wav,9496.263,9501.493,foreground
S01_U04.CH4.wav,9501.493,9501.783,background
S01_U04.CH4.wav,9501.783,9502.143,foreground
S01_U04.CH4.wav,9502.143,9502.443,background
S01_U04.CH4.wav,9502.443,9503.183,foreground
S01_U04.CH4.wav,9503.183,9503.633,background
S01_U04.CH4.wav,9503.633,9505.713,foreground
S01_U04.CH4.wav,9505.713,9506.073,background
S01_U04.CH4.wav,9506.073,9507.283,foreground
S01_U04.CH4.wav,9507.283,9507.393,background
S01_U04.CH4.wav,9507.393,9508.013,foreground
S01_U04.CH4.wav,9508.013,9508.533,background
S01_U04.CH4.wav,9508.533,9508.643,foreground
S01_U04.CH4.wav,9508.643,9509.843,background
S01_U04.CH4.wav,9509.843,9509.923,foreground
S01_U04.CH4.wav,9509.923,9511.153,background
S01_U04.CH4.wav,9511.153,9511.333,foreground
S01_U04.CH4.wav,9511.333,9511.543,background
S01_U04.CH4.wav,9511.543,9511.903,foreground
S01_U04.CH4.wav,9511.903,9512.643,background
S01_U04.CH4.wav,9512.643,9513.283,foreground
S01_U04.CH4.wav,9513.283,9513.723,background
S01_U04.CH4.wav,9513.723,9514.433,foreground
S01_U04.CH4.wav,9514.433,9515.003,background
S01_U04.CH4.wav,9515.003,9516.133,foreground
S01_U04.CH4.wav,9516.133,9516.613,background
S01_U04.CH4.wav,9516.613,9517.673,foreground
S01_U04.CH4.wav,9517.673,9518.983,background
S01_U04.CH4.wav,9518.983,9520.343,foreground
S01_U04.CH4.wav,9520.343,9520.733,background
S01_U04.CH4.wav,9520.733,9523.233,foreground
S01_U04.CH4.wav,9523.233,9523.313,background
S01_U04.CH4.wav,9523.313,9523.833,foreground
S01_U04.CH4.wav,9523.833,9524.373,background
S01_U04.CH4.wav,9524.373,9527.733,foreground
S01_U04.CH4.wav,9527.733,9528.643,background
S01_U04.CH4.wav,9528.643,9529.123,foreground
S01_U04.CH4.wav,9529.123,9529.713,background
S01_U04.CH4.wav,9529.713,9531.763,foreground
S01_U04.CH4.wav,9531.763,9532.383,background
S01_U04.CH4.wav,9532.383,9532.763,foreground
S01_U04.CH4.wav,9532.763,9532.973,background
S01_U04.CH4.wav,9532.973,9543.113,foreground
S01_U04.CH4.wav,9543.113,9543.553,background
S01_U04.CH4.wav,9543.553,9544.123,foreground
S01_U04.CH4.wav,9544.123,9544.143,background
